#
# There is insufficient memory for the Java Runtime Environment to continue.
# Native memory allocation (mmap) failed to map 461373440 bytes. Error detail: G1 virtual space
# Possible reasons:
#   The system is out of physical RAM or swap space
#   This process is running with CompressedOops enabled, and the Java Heap may be blocking the growth of the native heap
# Possible solutions:
#   Reduce memory load on the system
#   Increase physical memory or swap space
#   Check if swap backing store is full
#   Decrease Java heap size (-Xmx/-Xms)
#   Decrease number of Java threads
#   Decrease Java thread stack sizes (-Xss)
#   Set larger code cache with -XX:ReservedCodeCacheSize=
#   JVM is running with Zero Based Compressed Oops mode in which the Java heap is
#     placed in the first 32GB address space. The Java Heap base address is the
#     maximum limit for the native heap growth. Please use -XX:HeapBaseMinAddress
#     to set the Java Heap base and to place the Java Heap above 32GB virtual address.
# This output file may be truncated or incomplete.
#
#  Out of Memory Error (os_windows.cpp:3766), pid=9316, tid=21620
#
# JRE version: OpenJDK Runtime Environment (25.0.3) (build 25.0.3+-15898627-b508.16)
# Java VM: OpenJDK 64-Bit Server VM (25.0.3+-15898627-b508.16, mixed mode, tiered, compressed oops, compressed class ptrs, g1 gc, windows-amd64)
# No core dump will be written. Minidumps are not enabled by default on client versions of Windows
#

---------------  S U M M A R Y ------------

Command Line: --add-opens=java.base/java.lang=ALL-UNNAMED --add-opens=java.base/java.lang.invoke=ALL-UNNAMED --add-opens=java.base/java.util=ALL-UNNAMED --add-opens=java.prefs/java.util.prefs=ALL-UNNAMED --add-exports=jdk.compiler/com.sun.tools.javac.api=ALL-UNNAMED --add-exports=jdk.compiler/com.sun.tools.javac.util=ALL-UNNAMED --add-opens=java.base/java.nio.charset=ALL-UNNAMED --add-opens=java.base/java.net=ALL-UNNAMED --add-opens=java.base/java.util.concurrent=ALL-UNNAMED --add-opens=java.base/java.util.concurrent.atomic=ALL-UNNAMED --add-opens=java.xml/javax.xml.namespace=ALL-UNNAMED --add-opens=java.base/java.time=ALL-UNNAMED --enable-native-access=ALL-UNNAMED -XX:MaxMetaspaceSize=1024m -XX:+HeapDumpOnOutOfMemoryError -Xmx4096m -Dfile.encoding=UTF-8 -Duser.country=US -Duser.language=en -Duser.variant -javaagent:C:\Users\AUZWEGE\.gradle\wrapper\dists\gradle-9.6.0-bin\42k10rwplmzkhuboz9kdazi7s\gradle-9.6.0\lib\agents\gradle-instrumentation-agent-9.6.0.jar org.gradle.launcher.daemon.bootstrap.GradleDaemon 9.6.0

Host: Intel(R) Core(TM) i5-4300U CPU @ 1.90GHz, 4 cores, 7G,  Windows 11 , 64 bit Build 26100 (10.0.26100.9444)
Time: Tue Sep 22 05:34:19 2026 South Africa Standard Time elapsed time: 1247.325335 seconds (0d 0h 20m 47s)

---------------  T H R E A D  ---------------

Current thread (0x00000277e2a848d0):  VMThread "VM Thread"          [id=21620, stack(0x000000ed78400000,0x000000ed78500000) (1024K)]

Stack: [0x000000ed78400000,0x000000ed78500000]
Native frames: (J=compiled Java code, j=interpreted, Vv=VM code, C=native code)
V  [jvm.dll+0x7bf039]  (no source info available)
V  [jvm.dll+0x78912d]  (no source info available)
V  [jvm.dll+0xa0e615]  (no source info available)
V  [jvm.dll+0xa10c94]  (no source info available)
V  [jvm.dll+0xa11393]  (no source info available)
V  [jvm.dll+0x30a116]  (no source info available)
V  [jvm.dll+0x7bb145]  (no source info available)
V  [jvm.dll+0x7adc17]  (no source info available)
V  [jvm.dll+0x3fea3b]  (no source info available)
V  [jvm.dll+0x406bf6]  (no source info available)
V  [jvm.dll+0x3f30a6]  (no source info available)
V  [jvm.dll+0x3f3388]  (no source info available)
V  [jvm.dll+0x3c8622]  (no source info available)
V  [jvm.dll+0x3c86ba]  (no source info available)
V  [jvm.dll+0x417e60]  (no source info available)
V  [jvm.dll+0x416781]  (no source info available)
V  [jvm.dll+0x3c7d57]  (no source info available)
V  [jvm.dll+0x415bbf]  (no source info available)
V  [jvm.dll+0xa1765a]  (no source info available)
V  [jvm.dll+0xa18961]  (no source info available)
V  [jvm.dll+0xa18ed8]  (no source info available)
V  [jvm.dll+0xa19163]  (no source info available)
V  [jvm.dll+0x9ad738]  (no source info available)
V  [jvm.dll+0x7bd585]  (no source info available)
C  [ucrtbase.dll+0x2cd30]  (no source info available)
C  [KERNEL32.DLL+0x2cd87]  (no source info available)
C  [ntdll.dll+0xacaec]  (no source info available)

VM_Operation (0x000000ed792fe908): G1CollectForAllocation, mode: safepoint, requested by thread 0x00000277e5308080


---------------  P R O C E S S  ---------------

Threads class SMR info:
_java_thread_list=0x00000277ef3150f0, length=39, elements={
0x00000277cb3efec0, 0x00000277e2ac91a0, 0x00000277e2aca260, 0x00000277e2acaf70,
0x00000277e5084490, 0x00000277e2adf6a0, 0x00000277e2ae8e30, 0x00000277e2aec1e0,
0x00000277e2af41a0, 0x00000277e2afa9d0, 0x00000277e53c4ef0, 0x00000277e5308080,
0x00000277eb5723c0, 0x00000277ebb32df0, 0x00000277e5530f10, 0x00000277ec1230e0,
0x00000277ec1257f0, 0x00000277ec1286d0, 0x00000277e585faf0, 0x00000277e585dbb0,
0x00000277eeb63730, 0x00000277f099ddf0, 0x00000277f09a2c10, 0x00000277f09a0500,
0x00000277903946a0, 0x0000027790395640, 0x0000027790393700, 0x0000027790392760,
0x0000027790399c90, 0x000002779039a460, 0x000002779039ac30, 0x00000277903994c0,
0x000002779039bbd0, 0x0000027790398520, 0x000002779039c3a0, 0x000002779039db10,
0x000002779039e2e0, 0x000002779039d340, 0x000002779004fdf0
}
_to_delete_list=0x000002779110bf30, length=38, elements={
0x00000277cb3efec0, 0x00000277e2ac91a0, 0x00000277e2aca260, 0x00000277e2acaf70,
0x00000277e5084490, 0x00000277e2adf6a0, 0x00000277e2ae8e30, 0x00000277e2aec1e0,
0x00000277e2af41a0, 0x00000277e2afa9d0, 0x00000277e53c4ef0, 0x00000277e5308080,
0x00000277eb5723c0, 0x00000277ebb32df0, 0x00000277e5530f10, 0x00000277ec1230e0,
0x00000277ec1257f0, 0x00000277ec1286d0, 0x00000277e585faf0, 0x00000277e585dbb0,
0x00000277eeb63730, 0x00000277f099ddf0, 0x00000277f09a2c10, 0x00000277f09a0500,
0x00000277903946a0, 0x0000027790395640, 0x0000027790393700, 0x0000027790392760,
0x0000027790399c90, 0x000002779039a460, 0x000002779039ac30, 0x00000277903994c0,
0x000002779039bbd0, 0x0000027790398520, 0x000002779039c3a0, 0x000002779039db10,
0x000002779039e2e0, 0x000002779039d340
}

Java Threads: ( => current thread )
  0x00000277cb3efec0 JavaThread "main"                              [_thread_blocked, id=19980, stack(0x000000ed77d00000,0x000000ed77e00000) (1024K)]
  0x00000277e2ac91a0 JavaThread "Common-Cleaner"             daemon [_thread_blocked, id=9576, stack(0x000000ed78500000,0x000000ed78600000) (1024K)]
  0x00000277e2aca260 JavaThread "Reference Handler"          daemon [_thread_blocked, id=22644, stack(0x000000ed78600000,0x000000ed78700000) (1024K)]
  0x00000277e2acaf70 JavaThread "Finalizer"                  daemon [_thread_blocked, id=15560, stack(0x000000ed78700000,0x000000ed78800000) (1024K)]
  0x00000277e5084490 JavaThread "Signal Dispatcher"          daemon [_thread_blocked, id=20800, stack(0x000000ed78800000,0x000000ed78900000) (1024K)]
  0x00000277e2adf6a0 JavaThread "Attach Listener"            daemon [_thread_blocked, id=16508, stack(0x000000ed78900000,0x000000ed78a00000) (1024K)]
  0x00000277e2ae8e30 JavaThread "Service Thread"             daemon [_thread_blocked, id=1064, stack(0x000000ed78a00000,0x000000ed78b00000) (1024K)]
  0x00000277e2aec1e0 JavaThread "Monitor Deflation Thread"   daemon [_thread_blocked, id=7920, stack(0x000000ed78b00000,0x000000ed78c00000) (1024K)]
  0x00000277e2af41a0 JavaThread "C2 CompilerThread0"         daemon [_thread_blocked, id=1400, stack(0x000000ed78c00000,0x000000ed78d00000) (1024K)]
  0x00000277e2afa9d0 JavaThread "C1 CompilerThread0"         daemon [_thread_blocked, id=8312, stack(0x000000ed78d00000,0x000000ed78e00000) (1024K)]
  0x00000277e53c4ef0 JavaThread "Notification Thread"        daemon [_thread_blocked, id=328, stack(0x000000ed78e00000,0x000000ed78f00000) (1024K)]
  0x00000277e5308080 JavaThread "Daemon health stats"               [_thread_blocked, id=16696, stack(0x000000ed79200000,0x000000ed79300000) (1024K)]
  0x00000277eb5723c0 JavaThread "Incoming local TCP Connector on port 53991"        [_thread_in_native, id=6524, stack(0x000000ed79300000,0x000000ed79400000) (1024K)]
  0x00000277ebb32df0 JavaThread "Daemon periodic checks"            [_thread_blocked, id=20968, stack(0x000000ed79500000,0x000000ed79600000) (1024K)]
  0x00000277e5530f10 JavaThread "Cache worker for journal cache (C:\Users\AUZWEGE\.gradle\caches\journal-1)"        [_thread_blocked, id=23080, stack(0x000000ed79c00000,0x000000ed79d00000) (1024K)]
  0x00000277ec1230e0 JavaThread "File lock request listener"        [_thread_in_native, id=20220, stack(0x000000ed79d00000,0x000000ed79e00000) (1024K)]
  0x00000277ec1257f0 JavaThread "Cache worker for file hash cache (C:\Users\AUZWEGE\.gradle\caches\9.6.0\fileHashes)"        [_thread_blocked, id=20044, stack(0x000000ed79e00000,0x000000ed79f00000) (1024K)]
  0x00000277ec1286d0 JavaThread "Cache worker for file content cache (C:\Users\AUZWEGE\.gradle\caches\9.6.0\fileContent)"        [_thread_blocked, id=16948, stack(0x000000ed7a300000,0x000000ed7a400000) (1024K)]
  0x00000277e585faf0 JavaThread "File watcher server"        daemon [_thread_blocked, id=18672, stack(0x000000ed7a400000,0x000000ed7a500000) (1024K)]
  0x00000277e585dbb0 JavaThread "File watcher consumer"      daemon [_thread_blocked, id=21340, stack(0x000000ed7a500000,0x000000ed7a600000) (1024K)]
  0x00000277eeb63730 JavaThread "Memory manager"                    [_thread_blocked, id=17564, stack(0x000000ed7ae00000,0x000000ed7af00000) (1024K)]
  0x00000277f099ddf0 JavaThread "Daemon Thread 4"                   [_thread_blocked, id=21756, stack(0x000000ed77a00000,0x000000ed77b00000) (1024K)]
  0x00000277f09a2c10 JavaThread "Handler for socket connection from /127.0.0.1:53991 to /127.0.0.1:57705"        [_thread_in_native, id=23136, stack(0x000000ed77b00000,0x000000ed77c00000) (1024K)]
  0x00000277f09a0500 JavaThread "Cancel handler"                    [_thread_blocked, id=548, stack(0x000000ed77c00000,0x000000ed77d00000) (1024K)]
  0x00000277903946a0 JavaThread "Daemon worker Thread 4"            [_thread_blocked, id=17268, stack(0x000000ed79400000,0x000000ed79500000) (1024K)]
  0x0000027790395640 JavaThread "Asynchronous log dispatcher for DefaultDaemonConnection: socket connection from /127.0.0.1:53991 to /127.0.0.1:57705"        [_thread_blocked, id=12652, stack(0x000000ed79600000,0x000000ed79700000) (1024K)]
  0x0000027790393700 JavaThread "Stdin handler"                     [_thread_blocked, id=10528, stack(0x000000ed79700000,0x000000ed79800000) (1024K)]
  0x0000027790392760 JavaThread "Daemon client event forwarder"        [_thread_blocked, id=13304, stack(0x000000ed79800000,0x000000ed79900000) (1024K)]
  0x0000027790399c90 JavaThread "Cache worker for file hash cache (C:\Users\AUZWEGE\AndroidStudioProjects\calltranslator\.gradle\9.6.0\fileHashes)"        [_thread_blocked, id=16332, stack(0x000000ed79900000,0x000000ed79a00000) (1024K)]
  0x000002779039a460 JavaThread "Cache worker for Build Output Cleanup Cache (C:\Users\AUZWEGE\AndroidStudioProjects\calltranslator\.gradle\buildOutputCleanup)"        [_thread_blocked, id=20896, stack(0x000000ed79a00000,0x000000ed79b00000) (1024K)]
  0x000002779039ac30 JavaThread "Cache worker for checksums cache (C:\Users\AUZWEGE\AndroidStudioProjects\calltranslator\.gradle\9.6.0\checksums)"        [_thread_blocked, id=5276, stack(0x000000ed79b00000,0x000000ed79c00000) (1024K)]
  0x00000277903994c0 JavaThread "Cache worker for cache directory md-supplier (C:\Users\AUZWEGE\.gradle\caches\9.6.0\md-supplier)"        [_thread_blocked, id=18460, stack(0x000000ed79f00000,0x000000ed7a000000) (1024K)]
  0x000002779039bbd0 JavaThread "Cache worker for cache directory md-rule (C:\Users\AUZWEGE\.gradle\caches\9.6.0\md-rule)"        [_thread_blocked, id=14376, stack(0x000000ed7a000000,0x000000ed7a100000) (1024K)]
  0x0000027790398520 JavaThread "Build operations"                  [_thread_blocked, id=15220, stack(0x000000ed7a100000,0x000000ed7a200000) (1024K)]
  0x000002779039c3a0 JavaThread "Build operations Thread 2"         [_thread_blocked, id=8820, stack(0x000000ed7a200000,0x000000ed7a300000) (1024K)]
  0x000002779039db10 JavaThread "Build operations Thread 3"         [_thread_blocked, id=23068, stack(0x000000ed7a600000,0x000000ed7a700000) (1024K)]
  0x000002779039e2e0 JavaThread "Build operations Thread 4"         [_thread_blocked, id=15400, stack(0x000000ed7a700000,0x000000ed7a800000) (1024K)]
  0x000002779039d340 JavaThread "Problems report writer"            [_thread_blocked, id=7564, stack(0x000000ed7a800000,0x000000ed7a900000) (1024K)]
  0x000002779004fdf0 JavaThread "build event listener"              [_thread_blocked, id=21944, stack(0x000000ed7a900000,0x000000ed7aa00000) (1024K)]
Total: 39

Other Threads:
=>0x00000277e2a848d0 VMThread "VM Thread"                           [id=21620, stack(0x000000ed78400000,0x000000ed78500000) (1024K)]
  0x00000277e2a63a70 WatcherThread "VM Periodic Task Thread"        [id=7980, stack(0x000000ed78300000,0x000000ed78400000) (1024K)]
  0x00000277cb45da80 WorkerThread "GC Thread#0"                     [id=11508, stack(0x000000ed77e00000,0x000000ed77f00000) (1024K)]
  0x00000277ea6c1700 WorkerThread "GC Thread#1"                     [id=10200, stack(0x000000ed78f00000,0x000000ed79000000) (1024K)]
  0x00000277ea6c1b30 WorkerThread "GC Thread#2"                     [id=19320, stack(0x000000ed79000000,0x000000ed79100000) (1024K)]
  0x00000277ea6f0900 WorkerThread "GC Thread#3"                     [id=8320, stack(0x000000ed79100000,0x000000ed79200000) (1024K)]
  0x00000277e2942b80 ConcurrentGCThread "G1 Main Marker"            [id=12328, stack(0x000000ed77f00000,0x000000ed78000000) (1024K)]
  0x00000277cb472eb0 WorkerThread "G1 Conc#0"                       [id=6580, stack(0x000000ed78000000,0x000000ed78100000) (1024K)]
  0x00000277cb4a5020 ConcurrentGCThread "G1 Refine#0"               [id=11056, stack(0x000000ed78100000,0x000000ed78200000) (1024K)]
  0x00000277cb4a5c30 ConcurrentGCThread "G1 Service"                [id=10104, stack(0x000000ed78200000,0x000000ed78300000) (1024K)]
Total: 10

Threads with active compile tasks:
C2 CompilerThread0  1247580 40453       4       org.jetbrains.kotlin.fir.deserialization.LibraryPathFilter$LibraryList::accepts (191 bytes)
Total: 1

VM state: at safepoint (normal execution)

VM Mutex/Monitor currently owned by a thread:  ([mutex/lock_event])
[0x00007ffbf5507928] Threads_lock - owner thread: 0x00000277e2a848d0
[0x00007ffbf5507aa8] Heap_lock - owner thread: 0x00000277e5308080

Heap address: 0x0000000700000000, size: 4096 MB, Compressed Oops mode: Zero based, Oop shift amount: 3

CDS archive(s) not mapped
Compressed class space mapped at: 0x00000000ba000000-0x00000000ee000000, reserved size: 872415232
UseCompressedClassPointers 1, UseCompactObjectHeaders 0
Narrow klass pointer bits 32, Max shift 3
Narrow klass base: 0x0000000000000000, Narrow klass shift: 0
Encoding Range: [0x0000000000000000 - 0x0000000100000000), (4294967296 bytes)
Klass Range:    [0x00000000ba000000 - 0x00000000ee000000), (872415232 bytes)
Klass ID Range:  [3120562176 - 3992977401) (872415225)
No protection zone.

GC Precious Log:
 CardTable entry size: 512
 Card Set container configuration: InlinePtr #cards 4 size 8 Array Of Cards #cards 16 size 48 Howl #buckets 8 coarsen threshold 3686 Howl Bitmap #cards 512 size 80 coarsen threshold 460 Card regions per heap region 1 cards per card region 4096
 CPUs: 4 total, 4 available
 Memory: 8085M
 Large Page Support: Disabled
 NUMA Support: Disabled
 Compressed Oops: Enabled (Zero based)
 Heap Region Size: 2M
 Heap Min Capacity: 8M
 Heap Initial Capacity: 128M
 Heap Max Capacity: 4G
 Pre-touch: Disabled
 Parallel Workers: 4
 Concurrent Workers: 1
 Concurrent Refinement Workers: 4
 Periodic GC: Disabled

Heap:
 garbage-first heap   total reserved 4194304K, committed 450560K, used 299725K [0x0000000700000000, 0x0000000800000000)
  region size 2048K, 2 young (4096K), 2 survivors (4096K)

Heap Regions: E=young(eden), S=young(survivor), O=old, HS=humongous(starts), HC=humongous(continues), CS=collection set, F=free, TAMS=top-at-mark-start, PB=parsable bottom
|   0|0x0000000700000000, 0x0000000700200000, 0x0000000700200000|100%|HS|  |TAMS 0x0000000700000000| PB 0x0000000700000000| Complete |  0
|   1|0x0000000700200000, 0x0000000700400000, 0x0000000700400000|100%|HC|  |TAMS 0x0000000700200000| PB 0x0000000700200000| Complete |  0
|   2|0x0000000700400000, 0x0000000700600000, 0x0000000700600000|100%| O|  |TAMS 0x0000000700400000| PB 0x0000000700400000| Untracked |  0
|   3|0x0000000700600000, 0x0000000700800000, 0x0000000700800000|100%| O|  |TAMS 0x0000000700600000| PB 0x0000000700600000| Untracked |  0
|   4|0x0000000700800000, 0x0000000700a00000, 0x0000000700a00000|100%| O|  |TAMS 0x0000000700800000| PB 0x0000000700800000| Untracked |  0
|   5|0x0000000700a00000, 0x0000000700c00000, 0x0000000700c00000|100%| O|  |TAMS 0x0000000700a00000| PB 0x0000000700a00000| Untracked |  0
|   6|0x0000000700c00000, 0x0000000700e00000, 0x0000000700e00000|100%|HS|  |TAMS 0x0000000700c00000| PB 0x0000000700c00000| Complete |  0
|   7|0x0000000700e00000, 0x0000000701000000, 0x0000000701000000|100%| O|  |TAMS 0x0000000700e00000| PB 0x0000000700e00000| Untracked |  0
|   8|0x0000000701000000, 0x0000000701200000, 0x0000000701200000|100%| O|  |TAMS 0x0000000701000000| PB 0x0000000701000000| Untracked |  0
|   9|0x0000000701200000, 0x0000000701400000, 0x0000000701400000|100%| O|  |TAMS 0x0000000701200000| PB 0x0000000701200000| Untracked |  0
|  10|0x0000000701400000, 0x0000000701600000, 0x0000000701600000|100%| O|  |TAMS 0x0000000701400000| PB 0x0000000701400000| Untracked |  0
|  11|0x0000000701600000, 0x0000000701800000, 0x0000000701800000|100%| O|  |TAMS 0x0000000701600000| PB 0x0000000701600000| Untracked |  0
|  12|0x0000000701800000, 0x0000000701a00000, 0x0000000701a00000|100%| O|  |TAMS 0x0000000701800000| PB 0x0000000701800000| Untracked |  0
|  13|0x0000000701a00000, 0x0000000701c00000, 0x0000000701c00000|100%| O|  |TAMS 0x0000000701a00000| PB 0x0000000701a00000| Untracked |  0
|  14|0x0000000701c00000, 0x0000000701e00000, 0x0000000701e00000|100%|HS|  |TAMS 0x0000000701c00000| PB 0x0000000701c00000| Complete |  0
|  15|0x0000000701e00000, 0x0000000702000000, 0x0000000702000000|100%| O|  |TAMS 0x0000000701e00000| PB 0x0000000701e00000| Untracked |  0
|  16|0x0000000702000000, 0x0000000702200000, 0x0000000702200000|100%| O|  |TAMS 0x0000000702000000| PB 0x0000000702000000| Untracked |  0
|  17|0x0000000702200000, 0x0000000702400000, 0x0000000702400000|100%| O|  |TAMS 0x0000000702200000| PB 0x0000000702200000| Untracked |  0
|  18|0x0000000702400000, 0x0000000702600000, 0x0000000702600000|100%| O|  |TAMS 0x0000000702400000| PB 0x0000000702400000| Untracked |  0
|  19|0x0000000702600000, 0x0000000702800000, 0x0000000702800000|100%| O|  |TAMS 0x0000000702600000| PB 0x0000000702600000| Untracked |  0
|  20|0x0000000702800000, 0x0000000702a00000, 0x0000000702a00000|100%| O|  |TAMS 0x0000000702800000| PB 0x0000000702800000| Untracked |  0
|  21|0x0000000702a00000, 0x0000000702c00000, 0x0000000702c00000|100%| O|  |TAMS 0x0000000702a00000| PB 0x0000000702a00000| Untracked |  0
|  22|0x0000000702c00000, 0x0000000702e00000, 0x0000000702e00000|100%| O|  |TAMS 0x0000000702c00000| PB 0x0000000702c00000| Untracked |  0
|  23|0x0000000702e00000, 0x0000000703000000, 0x0000000703000000|100%| O|  |TAMS 0x0000000702e00000| PB 0x0000000702e00000| Untracked |  0
|  24|0x0000000703000000, 0x0000000703200000, 0x0000000703200000|100%| O|  |TAMS 0x0000000703000000| PB 0x0000000703000000| Untracked |  0
|  25|0x0000000703200000, 0x0000000703400000, 0x0000000703400000|100%| O|  |TAMS 0x0000000703200000| PB 0x0000000703200000| Untracked |  0
|  26|0x0000000703400000, 0x0000000703600000, 0x0000000703600000|100%| O|  |TAMS 0x0000000703400000| PB 0x0000000703400000| Untracked |  0
|  27|0x0000000703600000, 0x0000000703800000, 0x0000000703800000|100%| O|  |TAMS 0x0000000703600000| PB 0x0000000703600000| Untracked |  0
|  28|0x0000000703800000, 0x0000000703a00000, 0x0000000703a00000|100%| O|  |TAMS 0x0000000703800000| PB 0x0000000703800000| Untracked |  0
|  29|0x0000000703a00000, 0x0000000703c00000, 0x0000000703c00000|100%| O|  |TAMS 0x0000000703a00000| PB 0x0000000703a00000| Untracked |  0
|  30|0x0000000703c00000, 0x0000000703e00000, 0x0000000703e00000|100%|HS|  |TAMS 0x0000000703c00000| PB 0x0000000703c00000| Complete |  0
|  31|0x0000000703e00000, 0x0000000704000000, 0x0000000704000000|100%|HC|  |TAMS 0x0000000703e00000| PB 0x0000000703e00000| Complete |  0
|  32|0x0000000704000000, 0x0000000704200000, 0x0000000704200000|100%| O|  |TAMS 0x0000000704000000| PB 0x0000000704000000| Untracked |  0
|  33|0x0000000704200000, 0x0000000704400000, 0x0000000704400000|100%| O|  |TAMS 0x0000000704200000| PB 0x0000000704200000| Untracked |  0
|  34|0x0000000704400000, 0x0000000704600000, 0x0000000704600000|100%| O|  |TAMS 0x0000000704400000| PB 0x0000000704400000| Untracked |  0
|  35|0x0000000704600000, 0x0000000704800000, 0x0000000704800000|100%| O|  |TAMS 0x0000000704600000| PB 0x0000000704600000| Untracked |  0
|  36|0x0000000704800000, 0x0000000704a00000, 0x0000000704a00000|100%| O|  |TAMS 0x0000000704800000| PB 0x0000000704800000| Untracked |  0
|  37|0x0000000704a00000, 0x0000000704c00000, 0x0000000704c00000|100%| O|  |TAMS 0x0000000704a00000| PB 0x0000000704a00000| Untracked |  0
|  38|0x0000000704c00000, 0x0000000704e00000, 0x0000000704e00000|100%| O|  |TAMS 0x0000000704c00000| PB 0x0000000704c00000| Untracked |  0
|  39|0x0000000704e00000, 0x0000000705000000, 0x0000000705000000|100%| O|  |TAMS 0x0000000704e00000| PB 0x0000000704e00000| Untracked |  0
|  40|0x0000000705000000, 0x0000000705200000, 0x0000000705200000|100%| O|  |TAMS 0x0000000705000000| PB 0x0000000705000000| Untracked |  0
|  41|0x0000000705200000, 0x0000000705400000, 0x0000000705400000|100%| O|  |TAMS 0x0000000705200000| PB 0x0000000705200000| Untracked |  0
|  42|0x0000000705400000, 0x0000000705600000, 0x0000000705600000|100%| O|  |TAMS 0x0000000705400000| PB 0x0000000705400000| Untracked |  0
|  43|0x0000000705600000, 0x0000000705800000, 0x0000000705800000|100%|HS|  |TAMS 0x0000000705600000| PB 0x0000000705600000| Complete |  0
|  44|0x0000000705800000, 0x0000000705a00000, 0x0000000705a00000|100%|HC|  |TAMS 0x0000000705800000| PB 0x0000000705800000| Complete |  0
|  45|0x0000000705a00000, 0x0000000705c00000, 0x0000000705c00000|100%| O|  |TAMS 0x0000000705a00000| PB 0x0000000705a00000| Untracked |  0
|  46|0x0000000705c00000, 0x0000000705e00000, 0x0000000705e00000|100%| O|  |TAMS 0x0000000705c00000| PB 0x0000000705c00000| Untracked |  0
|  47|0x0000000705e00000, 0x0000000706000000, 0x0000000706000000|100%| O|  |TAMS 0x0000000705e00000| PB 0x0000000705e00000| Untracked |  0
|  48|0x0000000706000000, 0x0000000706200000, 0x0000000706200000|100%| O|  |TAMS 0x0000000706000000| PB 0x0000000706000000| Untracked |  0
|  49|0x0000000706200000, 0x0000000706400000, 0x0000000706400000|100%| O|  |TAMS 0x0000000706200000| PB 0x0000000706200000| Untracked |  0
|  50|0x0000000706400000, 0x0000000706600000, 0x0000000706600000|100%| O|Cm|TAMS 0x0000000706400000| PB 0x0000000706400000| Complete |  0
|  51|0x0000000706600000, 0x0000000706600000, 0x0000000706800000|  0%| F|  |TAMS 0x0000000706600000| PB 0x0000000706600000| Untracked |  0
|  52|0x0000000706800000, 0x0000000706a00000, 0x0000000706a00000|100%| O|Cm|TAMS 0x0000000706800000| PB 0x0000000706800000| Complete |  0
|  53|0x0000000706a00000, 0x0000000706c00000, 0x0000000706c00000|100%| O|Cm|TAMS 0x0000000706a00000| PB 0x0000000706a00000| Complete |  0
|  54|0x0000000706c00000, 0x0000000706e00000, 0x0000000706e00000|100%| O|  |TAMS 0x0000000706c00000| PB 0x0000000706c00000| Untracked |  0
|  55|0x0000000706e00000, 0x0000000707000000, 0x0000000707000000|100%| O|  |TAMS 0x0000000706e00000| PB 0x0000000706e00000| Untracked |  0
|  56|0x0000000707000000, 0x0000000707200000, 0x0000000707200000|100%| O|  |TAMS 0x0000000707000000| PB 0x0000000707000000| Untracked |  0
|  57|0x0000000707200000, 0x0000000707400000, 0x0000000707400000|100%| O|  |TAMS 0x0000000707200000| PB 0x0000000707200000| Untracked |  0
|  58|0x0000000707400000, 0x0000000707600000, 0x0000000707600000|100%| O|  |TAMS 0x0000000707400000| PB 0x0000000707400000| Untracked |  0
|  59|0x0000000707600000, 0x0000000707800000, 0x0000000707800000|100%| O|  |TAMS 0x0000000707600000| PB 0x0000000707600000| Untracked |  0
|  60|0x0000000707800000, 0x0000000707a00000, 0x0000000707a00000|100%| O|  |TAMS 0x0000000707800000| PB 0x0000000707800000| Untracked |  0
|  61|0x0000000707a00000, 0x0000000707c00000, 0x0000000707c00000|100%| O|  |TAMS 0x0000000707a00000| PB 0x0000000707a00000| Untracked |  0
|  62|0x0000000707c00000, 0x0000000707e00000, 0x0000000707e00000|100%| O|  |TAMS 0x0000000707c00000| PB 0x0000000707c00000| Untracked |  0
|  63|0x0000000707e00000, 0x0000000708000000, 0x0000000708000000|100%| O|  |TAMS 0x0000000707e00000| PB 0x0000000707e00000| Untracked |  0
|  64|0x0000000708000000, 0x0000000708200000, 0x0000000708200000|100%| O|  |TAMS 0x0000000708000000| PB 0x0000000708000000| Untracked |  0
|  65|0x0000000708200000, 0x0000000708400000, 0x0000000708400000|100%| O|  |TAMS 0x0000000708200000| PB 0x0000000708200000| Untracked |  0
|  66|0x0000000708400000, 0x0000000708600000, 0x0000000708600000|100%| O|  |TAMS 0x0000000708400000| PB 0x0000000708400000| Untracked |  0
|  67|0x0000000708600000, 0x0000000708800000, 0x0000000708800000|100%| O|  |TAMS 0x0000000708600000| PB 0x0000000708600000| Untracked |  0
|  68|0x0000000708800000, 0x0000000708a00000, 0x0000000708a00000|100%| O|  |TAMS 0x0000000708800000| PB 0x0000000708800000| Untracked |  0
|  69|0x0000000708a00000, 0x0000000708c00000, 0x0000000708c00000|100%| O|  |TAMS 0x0000000708a00000| PB 0x0000000708a00000| Untracked |  0
|  70|0x0000000708c00000, 0x0000000708e00000, 0x0000000708e00000|100%| O|Cm|TAMS 0x0000000708c00000| PB 0x0000000708c00000| Complete |  0
|  71|0x0000000708e00000, 0x0000000709000000, 0x0000000709000000|100%| O|  |TAMS 0x0000000708e00000| PB 0x0000000708e00000| Untracked |  0
|  72|0x0000000709000000, 0x0000000709200000, 0x0000000709200000|100%| O|  |TAMS 0x0000000709000000| PB 0x0000000709000000| Untracked |  0
|  73|0x0000000709200000, 0x0000000709400000, 0x0000000709400000|100%| O|  |TAMS 0x0000000709200000| PB 0x0000000709200000| Untracked |  0
|  74|0x0000000709400000, 0x0000000709600000, 0x0000000709600000|100%| O|  |TAMS 0x0000000709400000| PB 0x0000000709400000| Untracked |  0
|  75|0x0000000709600000, 0x0000000709800000, 0x0000000709800000|100%| O|  |TAMS 0x0000000709600000| PB 0x0000000709600000| Untracked |  0
|  76|0x0000000709800000, 0x0000000709a00000, 0x0000000709a00000|100%| O|  |TAMS 0x0000000709800000| PB 0x0000000709800000| Untracked |  0
|  77|0x0000000709a00000, 0x0000000709c00000, 0x0000000709c00000|100%| O|  |TAMS 0x0000000709a00000| PB 0x0000000709a00000| Untracked |  0
|  78|0x0000000709c00000, 0x0000000709e00000, 0x0000000709e00000|100%|HS|  |TAMS 0x0000000709c00000| PB 0x0000000709c00000| Complete |  0
|  79|0x0000000709e00000, 0x000000070a000000, 0x000000070a000000|100%| O|  |TAMS 0x0000000709e00000| PB 0x0000000709e00000| Untracked |  0
|  80|0x000000070a000000, 0x000000070a200000, 0x000000070a200000|100%| O|  |TAMS 0x000000070a000000| PB 0x000000070a000000| Untracked |  0
|  81|0x000000070a200000, 0x000000070a400000, 0x000000070a400000|100%| O|  |TAMS 0x000000070a200000| PB 0x000000070a200000| Untracked |  0
|  82|0x000000070a400000, 0x000000070a400000, 0x000000070a600000|  0%| F|  |TAMS 0x000000070a400000| PB 0x000000070a400000| Untracked |  0
|  83|0x000000070a600000, 0x000000070a800000, 0x000000070a800000|100%| O|  |TAMS 0x000000070a600000| PB 0x000000070a600000| Untracked |  0
|  84|0x000000070a800000, 0x000000070aa00000, 0x000000070aa00000|100%| O|  |TAMS 0x000000070a800000| PB 0x000000070a800000| Untracked |  0
|  85|0x000000070aa00000, 0x000000070ac00000, 0x000000070ac00000|100%| O|  |TAMS 0x000000070aa00000| PB 0x000000070aa00000| Untracked |  0
|  86|0x000000070ac00000, 0x000000070ae00000, 0x000000070ae00000|100%| O|  |TAMS 0x000000070ac00000| PB 0x000000070ac00000| Untracked |  0
|  87|0x000000070ae00000, 0x000000070b000000, 0x000000070b000000|100%| O|  |TAMS 0x000000070ae00000| PB 0x000000070ae00000| Untracked |  0
|  88|0x000000070b000000, 0x000000070b200000, 0x000000070b200000|100%| O|  |TAMS 0x000000070b000000| PB 0x000000070b000000| Untracked |  0
|  89|0x000000070b200000, 0x000000070b400000, 0x000000070b400000|100%| O|  |TAMS 0x000000070b200000| PB 0x000000070b200000| Untracked |  0
|  90|0x000000070b400000, 0x000000070b400000, 0x000000070b600000|  0%| F|  |TAMS 0x000000070b400000| PB 0x000000070b400000| Untracked |  0
|  91|0x000000070b600000, 0x000000070b800000, 0x000000070b800000|100%| O|  |TAMS 0x000000070b600000| PB 0x000000070b600000| Untracked |  0
|  92|0x000000070b800000, 0x000000070ba00000, 0x000000070ba00000|100%| O|  |TAMS 0x000000070b800000| PB 0x000000070b800000| Untracked |  0
|  93|0x000000070ba00000, 0x000000070bc00000, 0x000000070bc00000|100%| O|  |TAMS 0x000000070ba00000| PB 0x000000070ba00000| Untracked |  0
|  94|0x000000070bc00000, 0x000000070be00000, 0x000000070be00000|100%| O|  |TAMS 0x000000070bc00000| PB 0x000000070bc00000| Untracked |  0
|  95|0x000000070be00000, 0x000000070c000000, 0x000000070c000000|100%| O|  |TAMS 0x000000070be00000| PB 0x000000070be00000| Untracked |  0
|  96|0x000000070c000000, 0x000000070c200000, 0x000000070c200000|100%| O|  |TAMS 0x000000070c000000| PB 0x000000070c000000| Untracked |  0
|  97|0x000000070c200000, 0x000000070c400000, 0x000000070c400000|100%| O|  |TAMS 0x000000070c200000| PB 0x000000070c200000| Untracked |  0
|  98|0x000000070c400000, 0x000000070c600000, 0x000000070c600000|100%| O|  |TAMS 0x000000070c400000| PB 0x000000070c400000| Untracked |  0
|  99|0x000000070c600000, 0x000000070c800000, 0x000000070c800000|100%| O|Cm|TAMS 0x000000070c600000| PB 0x000000070c600000| Complete |  0
| 100|0x000000070c800000, 0x000000070ca00000, 0x000000070ca00000|100%| O|  |TAMS 0x000000070c800000| PB 0x000000070c800000| Untracked |  0
| 101|0x000000070ca00000, 0x000000070cc00000, 0x000000070cc00000|100%| O|  |TAMS 0x000000070ca00000| PB 0x000000070ca00000| Untracked |  0
| 102|0x000000070cc00000, 0x000000070ce00000, 0x000000070ce00000|100%| O|  |TAMS 0x000000070cc00000| PB 0x000000070cc00000| Untracked |  0
| 103|0x000000070ce00000, 0x000000070d000000, 0x000000070d000000|100%| O|  |TAMS 0x000000070ce00000| PB 0x000000070ce00000| Untracked |  0
| 104|0x000000070d000000, 0x000000070d200000, 0x000000070d200000|100%| O|  |TAMS 0x000000070d000000| PB 0x000000070d000000| Untracked |  0
| 105|0x000000070d200000, 0x000000070d400000, 0x000000070d400000|100%| O|Cm|TAMS 0x000000070d200000| PB 0x000000070d200000| Complete |  0
| 106|0x000000070d400000, 0x000000070d600000, 0x000000070d600000|100%| O|  |TAMS 0x000000070d400000| PB 0x000000070d400000| Untracked |  0
| 107|0x000000070d600000, 0x000000070d800000, 0x000000070d800000|100%| O|  |TAMS 0x000000070d600000| PB 0x000000070d600000| Untracked |  0
| 108|0x000000070d800000, 0x000000070d8b3768, 0x000000070da00000| 35%| O|  |TAMS 0x000000070d800000| PB 0x000000070d800000| Untracked |  0
| 109|0x000000070da00000, 0x000000070dc00000, 0x000000070dc00000|100%| O|Cm|TAMS 0x000000070da00000| PB 0x000000070da00000| Complete |  0
| 110|0x000000070dc00000, 0x000000070de00000, 0x000000070de00000|100%| O|Cm|TAMS 0x000000070dc00000| PB 0x000000070dc00000| Complete |  0
| 111|0x000000070de00000, 0x000000070de00000, 0x000000070e000000|  0%| F|  |TAMS 0x000000070de00000| PB 0x000000070de00000| Untracked |  0
| 112|0x000000070e000000, 0x000000070e200000, 0x000000070e200000|100%| O|  |TAMS 0x000000070e000000| PB 0x000000070e000000| Untracked |  0
| 113|0x000000070e200000, 0x000000070e200000, 0x000000070e400000|  0%| F|  |TAMS 0x000000070e200000| PB 0x000000070e200000| Untracked |  0
| 114|0x000000070e400000, 0x000000070e600000, 0x000000070e600000|100%| O|  |TAMS 0x000000070e400000| PB 0x000000070e400000| Untracked |  0
| 115|0x000000070e600000, 0x000000070e800000, 0x000000070e800000|100%| O|  |TAMS 0x000000070e600000| PB 0x000000070e600000| Untracked |  0
| 116|0x000000070e800000, 0x000000070e800000, 0x000000070ea00000|  0%| F|  |TAMS 0x000000070e800000| PB 0x000000070e800000| Untracked |  0
| 117|0x000000070ea00000, 0x000000070ea00000, 0x000000070ec00000|  0%| F|  |TAMS 0x000000070ea00000| PB 0x000000070ea00000| Untracked |  0
| 118|0x000000070ec00000, 0x000000070ee00000, 0x000000070ee00000|100%| O|  |TAMS 0x000000070ec00000| PB 0x000000070ec00000| Untracked |  0
| 119|0x000000070ee00000, 0x000000070f000000, 0x000000070f000000|100%| O|  |TAMS 0x000000070ee00000| PB 0x000000070ee00000| Untracked |  0
| 120|0x000000070f000000, 0x000000070f200000, 0x000000070f200000|100%| O|  |TAMS 0x000000070f000000| PB 0x000000070f000000| Untracked |  0
| 121|0x000000070f200000, 0x000000070f400000, 0x000000070f400000|100%| O|Cm|TAMS 0x000000070f200000| PB 0x000000070f200000| Complete |  0
| 122|0x000000070f400000, 0x000000070f600000, 0x000000070f600000|100%| O|  |TAMS 0x000000070f400000| PB 0x000000070f400000| Untracked |  0
| 123|0x000000070f600000, 0x000000070f800000, 0x000000070f800000|100%| O|Cm|TAMS 0x000000070f600000| PB 0x000000070f600000| Complete |  0
| 124|0x000000070f800000, 0x000000070fa00000, 0x000000070fa00000|100%| O|  |TAMS 0x000000070f800000| PB 0x000000070f800000| Untracked |  0
| 125|0x000000070fa00000, 0x000000070fc00000, 0x000000070fc00000|100%| O|  |TAMS 0x000000070fa00000| PB 0x000000070fa00000| Untracked |  0
| 126|0x000000070fc00000, 0x000000070fe00000, 0x000000070fe00000|100%| O|Cm|TAMS 0x000000070fc00000| PB 0x000000070fc00000| Complete |  0
| 127|0x000000070fe00000, 0x0000000710000000, 0x0000000710000000|100%| O|  |TAMS 0x000000070fe00000| PB 0x000000070fe00000| Untracked |  0
| 128|0x0000000710000000, 0x0000000710200000, 0x0000000710200000|100%| O|  |TAMS 0x0000000710000000| PB 0x0000000710000000| Untracked |  0
| 129|0x0000000710200000, 0x0000000710400000, 0x0000000710400000|100%| O|  |TAMS 0x0000000710200000| PB 0x0000000710200000| Untracked |  0
| 130|0x0000000710400000, 0x0000000710600000, 0x0000000710600000|100%| O|  |TAMS 0x0000000710400000| PB 0x0000000710400000| Untracked |  0
| 131|0x0000000710600000, 0x0000000710600000, 0x0000000710800000|  0%| F|  |TAMS 0x0000000710600000| PB 0x0000000710600000| Untracked |  0
| 132|0x0000000710800000, 0x0000000710a00000, 0x0000000710a00000|100%| O|  |TAMS 0x0000000710800000| PB 0x0000000710800000| Untracked |  0
| 133|0x0000000710a00000, 0x0000000710c00000, 0x0000000710c00000|100%| O|  |TAMS 0x0000000710a00000| PB 0x0000000710a00000| Untracked |  0
| 134|0x0000000710c00000, 0x0000000710e00000, 0x0000000710e00000|100%| O|  |TAMS 0x0000000710c00000| PB 0x0000000710c00000| Untracked |  0
| 135|0x0000000710e00000, 0x0000000711000000, 0x0000000711000000|100%| O|  |TAMS 0x0000000710e00000| PB 0x0000000710e00000| Untracked |  0
| 136|0x0000000711000000, 0x0000000711200000, 0x0000000711200000|100%| O|  |TAMS 0x0000000711000000| PB 0x0000000711000000| Untracked |  0
| 137|0x0000000711200000, 0x0000000711400000, 0x0000000711400000|100%| O|  |TAMS 0x0000000711200000| PB 0x0000000711200000| Untracked |  0
| 138|0x0000000711400000, 0x0000000711600000, 0x0000000711600000|100%| O|  |TAMS 0x0000000711400000| PB 0x0000000711400000| Untracked |  0
| 139|0x0000000711600000, 0x0000000711800000, 0x0000000711800000|100%| O|  |TAMS 0x0000000711600000| PB 0x0000000711600000| Untracked |  0
| 140|0x0000000711800000, 0x0000000711a00000, 0x0000000711a00000|100%| O|  |TAMS 0x0000000711800000| PB 0x0000000711800000| Untracked |  0
| 141|0x0000000711a00000, 0x0000000711c00000, 0x0000000711c00000|100%| O|  |TAMS 0x0000000711a00000| PB 0x0000000711a00000| Untracked |  0
| 142|0x0000000711c00000, 0x0000000711e00000, 0x0000000711e00000|100%| O|  |TAMS 0x0000000711c00000| PB 0x0000000711c00000| Untracked |  0
| 143|0x0000000711e00000, 0x0000000712000000, 0x0000000712000000|100%| O|  |TAMS 0x0000000711e00000| PB 0x0000000711e00000| Untracked |  0
| 144|0x0000000712000000, 0x0000000712000000, 0x0000000712200000|  0%| F|  |TAMS 0x0000000712000000| PB 0x0000000712000000| Untracked |  0
| 145|0x0000000712200000, 0x0000000712200000, 0x0000000712400000|  0%| F|  |TAMS 0x0000000712200000| PB 0x0000000712200000| Untracked |  0
| 146|0x0000000712400000, 0x0000000712400000, 0x0000000712600000|  0%| F|  |TAMS 0x0000000712400000| PB 0x0000000712400000| Untracked |  0
| 147|0x0000000712600000, 0x0000000712600000, 0x0000000712800000|  0%| F|  |TAMS 0x0000000712600000| PB 0x0000000712600000| Untracked |  0
| 148|0x0000000712800000, 0x0000000712800000, 0x0000000712a00000|  0%| F|  |TAMS 0x0000000712800000| PB 0x0000000712800000| Untracked |  0
| 149|0x0000000712a00000, 0x0000000712a00000, 0x0000000712c00000|  0%| F|  |TAMS 0x0000000712a00000| PB 0x0000000712a00000| Untracked |  0
| 150|0x0000000712c00000, 0x0000000712c00000, 0x0000000712e00000|  0%| F|  |TAMS 0x0000000712c00000| PB 0x0000000712c00000| Untracked |  0
| 151|0x0000000712e00000, 0x0000000712e00000, 0x0000000713000000|  0%| F|  |TAMS 0x0000000712e00000| PB 0x0000000712e00000| Untracked |  0
| 152|0x0000000713000000, 0x0000000713000000, 0x0000000713200000|  0%| F|  |TAMS 0x0000000713000000| PB 0x0000000713000000| Untracked |  0
| 153|0x0000000713200000, 0x0000000713200000, 0x0000000713400000|  0%| F|  |TAMS 0x0000000713200000| PB 0x0000000713200000| Untracked |  0
| 154|0x0000000713400000, 0x0000000713400000, 0x0000000713600000|  0%| F|  |TAMS 0x0000000713400000| PB 0x0000000713400000| Untracked |  0
| 155|0x0000000713600000, 0x0000000713600000, 0x0000000713800000|  0%| F|  |TAMS 0x0000000713600000| PB 0x0000000713600000| Untracked |  0
| 156|0x0000000713800000, 0x0000000713800000, 0x0000000713a00000|  0%| F|  |TAMS 0x0000000713800000| PB 0x0000000713800000| Untracked |  0
| 157|0x0000000713a00000, 0x0000000713a00000, 0x0000000713c00000|  0%| F|  |TAMS 0x0000000713a00000| PB 0x0000000713a00000| Untracked |  0
| 158|0x0000000713c00000, 0x0000000713c00000, 0x0000000713e00000|  0%| F|  |TAMS 0x0000000713c00000| PB 0x0000000713c00000| Untracked |  0
| 159|0x0000000713e00000, 0x0000000713e00000, 0x0000000714000000|  0%| F|  |TAMS 0x0000000713e00000| PB 0x0000000713e00000| Untracked |  0
| 160|0x0000000714000000, 0x0000000714000000, 0x0000000714200000|  0%| F|  |TAMS 0x0000000714000000| PB 0x0000000714000000| Untracked |  0
| 161|0x0000000714200000, 0x0000000714200000, 0x0000000714400000|  0%| F|  |TAMS 0x0000000714200000| PB 0x0000000714200000| Untracked |  0
| 162|0x0000000714400000, 0x0000000714400000, 0x0000000714600000|  0%| F|  |TAMS 0x0000000714400000| PB 0x0000000714400000| Untracked |  0
| 163|0x0000000714600000, 0x0000000714600000, 0x0000000714800000|  0%| F|  |TAMS 0x0000000714600000| PB 0x0000000714600000| Untracked |  0
| 164|0x0000000714800000, 0x0000000714800000, 0x0000000714a00000|  0%| F|  |TAMS 0x0000000714800000| PB 0x0000000714800000| Untracked |  0
| 165|0x0000000714a00000, 0x0000000714a00000, 0x0000000714c00000|  0%| F|  |TAMS 0x0000000714a00000| PB 0x0000000714a00000| Untracked |  0
| 166|0x0000000714c00000, 0x0000000714c00000, 0x0000000714e00000|  0%| F|  |TAMS 0x0000000714c00000| PB 0x0000000714c00000| Untracked |  0
| 167|0x0000000714e00000, 0x0000000714e00000, 0x0000000715000000|  0%| F|  |TAMS 0x0000000714e00000| PB 0x0000000714e00000| Untracked |  0
| 168|0x0000000715000000, 0x0000000715000000, 0x0000000715200000|  0%| F|  |TAMS 0x0000000715000000| PB 0x0000000715000000| Untracked |  0
| 169|0x0000000715200000, 0x0000000715200000, 0x0000000715400000|  0%| F|  |TAMS 0x0000000715200000| PB 0x0000000715200000| Untracked |  0
| 170|0x0000000715400000, 0x0000000715400000, 0x0000000715600000|  0%| F|  |TAMS 0x0000000715400000| PB 0x0000000715400000| Untracked |  0
| 171|0x0000000715600000, 0x0000000715600000, 0x0000000715800000|  0%| F|  |TAMS 0x0000000715600000| PB 0x0000000715600000| Untracked |  0
| 172|0x0000000715800000, 0x0000000715800000, 0x0000000715a00000|  0%| F|  |TAMS 0x0000000715800000| PB 0x0000000715800000| Untracked |  0
| 173|0x0000000715a00000, 0x0000000715a00000, 0x0000000715c00000|  0%| F|  |TAMS 0x0000000715a00000| PB 0x0000000715a00000| Untracked |  0
| 174|0x0000000715c00000, 0x0000000715c00000, 0x0000000715e00000|  0%| F|  |TAMS 0x0000000715c00000| PB 0x0000000715c00000| Untracked |  0
| 175|0x0000000715e00000, 0x0000000715e00000, 0x0000000716000000|  0%| F|  |TAMS 0x0000000715e00000| PB 0x0000000715e00000| Untracked |  0
| 176|0x0000000716000000, 0x0000000716000000, 0x0000000716200000|  0%| F|  |TAMS 0x0000000716000000| PB 0x0000000716000000| Untracked |  0
| 177|0x0000000716200000, 0x0000000716200000, 0x0000000716400000|  0%| F|  |TAMS 0x0000000716200000| PB 0x0000000716200000| Untracked |  0
| 178|0x0000000716400000, 0x0000000716400000, 0x0000000716600000|  0%| F|  |TAMS 0x0000000716400000| PB 0x0000000716400000| Untracked |  0
| 179|0x0000000716600000, 0x0000000716600000, 0x0000000716800000|  0%| F|  |TAMS 0x0000000716600000| PB 0x0000000716600000| Untracked |  0
| 180|0x0000000716800000, 0x0000000716800000, 0x0000000716a00000|  0%| F|  |TAMS 0x0000000716800000| PB 0x0000000716800000| Untracked |  0
| 181|0x0000000716a00000, 0x0000000716a00000, 0x0000000716c00000|  0%| F|  |TAMS 0x0000000716a00000| PB 0x0000000716a00000| Untracked |  0
| 182|0x0000000716c00000, 0x0000000716c00000, 0x0000000716e00000|  0%| F|  |TAMS 0x0000000716c00000| PB 0x0000000716c00000| Untracked |  0
| 183|0x0000000716e00000, 0x0000000716e00000, 0x0000000717000000|  0%| F|  |TAMS 0x0000000716e00000| PB 0x0000000716e00000| Untracked |  0
| 184|0x0000000717000000, 0x0000000717000000, 0x0000000717200000|  0%| F|  |TAMS 0x0000000717000000| PB 0x0000000717000000| Untracked |  0
| 185|0x0000000717200000, 0x0000000717200000, 0x0000000717400000|  0%| F|  |TAMS 0x0000000717200000| PB 0x0000000717200000| Untracked |  0
| 186|0x0000000717400000, 0x0000000717400000, 0x0000000717600000|  0%| F|  |TAMS 0x0000000717400000| PB 0x0000000717400000| Untracked |  0
| 187|0x0000000717600000, 0x0000000717600000, 0x0000000717800000|  0%| F|  |TAMS 0x0000000717600000| PB 0x0000000717600000| Untracked |  0
| 188|0x0000000717800000, 0x0000000717800000, 0x0000000717a00000|  0%| F|  |TAMS 0x0000000717800000| PB 0x0000000717800000| Untracked |  0
| 189|0x0000000717a00000, 0x0000000717a00000, 0x0000000717c00000|  0%| F|  |TAMS 0x0000000717a00000| PB 0x0000000717a00000| Untracked |  0
| 190|0x0000000717c00000, 0x0000000717c00000, 0x0000000717e00000|  0%| F|  |TAMS 0x0000000717c00000| PB 0x0000000717c00000| Untracked |  0
| 191|0x0000000717e00000, 0x0000000717e00000, 0x0000000718000000|  0%| F|  |TAMS 0x0000000717e00000| PB 0x0000000717e00000| Untracked |  0
| 192|0x0000000718000000, 0x0000000718000000, 0x0000000718200000|  0%| F|  |TAMS 0x0000000718000000| PB 0x0000000718000000| Untracked |  0
| 193|0x0000000718200000, 0x0000000718200000, 0x0000000718400000|  0%| F|  |TAMS 0x0000000718200000| PB 0x0000000718200000| Untracked |  0
| 194|0x0000000718400000, 0x0000000718400000, 0x0000000718600000|  0%| F|  |TAMS 0x0000000718400000| PB 0x0000000718400000| Untracked |  0
| 195|0x0000000718600000, 0x0000000718600000, 0x0000000718800000|  0%| F|  |TAMS 0x0000000718600000| PB 0x0000000718600000| Untracked |  0
| 196|0x0000000718800000, 0x0000000718800000, 0x0000000718a00000|  0%| F|  |TAMS 0x0000000718800000| PB 0x0000000718800000| Untracked |  0
| 197|0x0000000718a00000, 0x0000000718a00000, 0x0000000718c00000|  0%| F|  |TAMS 0x0000000718a00000| PB 0x0000000718a00000| Untracked |  0
|2026|0x00000007fd400000, 0x00000007fd600000, 0x00000007fd600000|100%| O|  |TAMS 0x00000007fd400000| PB 0x00000007fd400000| Untracked |  0
|2027|0x00000007fd600000, 0x00000007fd800000, 0x00000007fd800000|100%| O|  |TAMS 0x00000007fd600000| PB 0x00000007fd600000| Untracked |  0
|2028|0x00000007fd800000, 0x00000007fda00000, 0x00000007fda00000|100%| O|  |TAMS 0x00000007fd800000| PB 0x00000007fd800000| Untracked |  0
|2029|0x00000007fda00000, 0x00000007fdc00000, 0x00000007fdc00000|100%| O|  |TAMS 0x00000007fda00000| PB 0x00000007fda00000| Untracked |  0
|2030|0x00000007fdc00000, 0x00000007fde00000, 0x00000007fde00000|100%| O|  |TAMS 0x00000007fdc00000| PB 0x00000007fdc00000| Untracked |  0
|2031|0x00000007fde00000, 0x00000007fe000000, 0x00000007fe000000|100%| O|  |TAMS 0x00000007fde00000| PB 0x00000007fde00000| Untracked |  0
|2032|0x00000007fe000000, 0x00000007fe200000, 0x00000007fe200000|100%| O|  |TAMS 0x00000007fe000000| PB 0x00000007fe000000| Untracked |  0
|2033|0x00000007fe200000, 0x00000007fe200000, 0x00000007fe400000|  0%| F|  |TAMS 0x00000007fe200000| PB 0x00000007fe200000| Untracked |  0
|2034|0x00000007fe400000, 0x00000007fe400000, 0x00000007fe600000|  0%| F|  |TAMS 0x00000007fe400000| PB 0x00000007fe400000| Untracked |  0
|2035|0x00000007fe600000, 0x00000007fe800000, 0x00000007fe800000|100%| S|CS|TAMS 0x00000007fe600000| PB 0x00000007fe600000| Complete |  0
|2036|0x00000007fe800000, 0x00000007fea00000, 0x00000007fea00000|100%| S|CS|TAMS 0x00000007fe800000| PB 0x00000007fe800000| Complete |  0
|2037|0x00000007fea00000, 0x00000007fea00000, 0x00000007fec00000|  0%| F|  |TAMS 0x00000007fea00000| PB 0x00000007fea00000| Untracked |  0
|2038|0x00000007fec00000, 0x00000007fec00000, 0x00000007fee00000|  0%| F|  |TAMS 0x00000007fec00000| PB 0x00000007fec00000| Untracked |  0
|2039|0x00000007fee00000, 0x00000007fee00000, 0x00000007ff000000|  0%| F|  |TAMS 0x00000007fee00000| PB 0x00000007fee00000| Untracked |  0
|2040|0x00000007ff000000, 0x00000007ff000000, 0x00000007ff200000|  0%| F|  |TAMS 0x00000007ff000000| PB 0x00000007ff000000| Untracked |  0
|2041|0x00000007ff200000, 0x00000007ff200000, 0x00000007ff400000|  0%| F|  |TAMS 0x00000007ff200000| PB 0x00000007ff200000| Untracked |  0
|2042|0x00000007ff400000, 0x00000007ff600000, 0x00000007ff600000|100%| O|  |TAMS 0x00000007ff400000| PB 0x00000007ff400000| Untracked |  0
|2043|0x00000007ff600000, 0x00000007ff600000, 0x00000007ff800000|  0%| F|  |TAMS 0x00000007ff600000| PB 0x00000007ff600000| Untracked |  0
|2044|0x00000007ff800000, 0x00000007ff800000, 0x00000007ffa00000|  0%| F|  |TAMS 0x00000007ff800000| PB 0x00000007ff800000| Untracked |  0
|2045|0x00000007ffa00000, 0x00000007ffa00000, 0x00000007ffc00000|  0%| F|  |TAMS 0x00000007ffa00000| PB 0x00000007ffa00000| Untracked |  0
|2046|0x00000007ffc00000, 0x00000007ffc00000, 0x00000007ffe00000|  0%| F|  |TAMS 0x00000007ffc00000| PB 0x00000007ffc00000| Untracked |  0
|2047|0x00000007ffe00000, 0x0000000800000000, 0x0000000800000000|100%| O|  |TAMS 0x00000007ffe00000| PB 0x00000007ffe00000| Untracked |  0

Card table byte_map: [0x00000277de100000,0x00000277de900000] _byte_map_base: 0x00000277da900000

Marking Bits: (CMBitMap*) 0x00000277cb45e210
 Bits: [0x00000277de900000, 0x00000277e2900000)

Polling page: 0x00000277c91b0000

Metaspace:
Metaspace        used 247024K, committed 249600K, reserved 1114112K
 class space     used 33761K, committed 35008K, reserved 851968K

Usage:
  Non-class:    208.26 MB used.
      Class:     32.97 MB used.
       Both:    241.24 MB used.

Virtual space:
  Non-class space:      256.00 MB reserved,     209.56 MB ( 82%) committed,  4 nodes.
      Class space:      832.00 MB reserved,      34.19 MB (  4%) committed,  1 nodes.
             Both:        1.06 GB reserved,     243.75 MB ( 22%) committed. 

Chunk freelists:
   Non-Class:  46.41 MB
       Class:  13.91 MB
        Both:  60.33 MB

MaxMetaspaceSize: 1.00 GB
CompressedClassSpaceSize: 832.00 MB
Initial GC threshold: 21.00 MB
Current GC threshold: 409.94 MB
CDS: off
 - commit_granule_bytes: 65536.
 - commit_granule_words: 8192.
 - virtual_space_node_default_size: 8388608.
 - enlarge_chunks_in_place: 1.
UseCompressedClassPointers 1, UseCompactObjectHeaders 0
Narrow klass pointer bits 32, Max shift 3
Narrow klass base: 0x0000000000000000, Narrow klass shift: 0
Encoding Range: [0x0000000000000000 - 0x0000000100000000), (4294967296 bytes)
Klass Range:    [0x00000000ba000000 - 0x00000000ee000000), (872415232 bytes)
Klass ID Range:  [3120562176 - 3992977401) (872415225)
No protection zone.


Internal statistics:

num_allocs_failed_limit: 6.
num_arena_births: 4832.
num_arena_deaths: 74.
num_vsnodes_births: 5.
num_vsnodes_deaths: 0.
num_space_committed: 5180.
num_space_uncommitted: 182.
num_chunks_returned_to_freelist: 3090.
num_chunks_taken_from_freelist: 17243.
num_chunk_merges: 1302.
num_chunk_splits: 12917.
num_chunks_enlarged: 10235.
num_inconsistent_stats: 0.

CodeHeap 'non-profiled nmethods': size=120064Kb used=11656Kb max_used=13814Kb free=108407Kb
 bounds [0x00000277d63c0000, 0x00000277d7140000, 0x00000277dd900000]
CodeHeap 'profiled nmethods': size=120064Kb used=40050Kb max_used=51538Kb free=80013Kb
 bounds [0x00000277ce8e0000, 0x00000277d1b40000, 0x00000277d5e20000]
CodeHeap 'non-nmethods': size=5760Kb used=2498Kb max_used=2644Kb free=3261Kb
 bounds [0x00000277d5e20000, 0x00000277d60e0000, 0x00000277d63c0000]
CodeCache: size=245888Kb, used=54204Kb, max_used=67996Kb, free=191681Kb
 total_blobs=22435, nmethods=21110, adapters=1224, full_count=0
Compilation: enabled, stopped_count=0, restarted_count=0

Compilation events (20 events):
Event: 1244.126 Thread 0x00000277e2afa9d0 nmethod 40443 0x00000277d6b6e308 code [0x00000277d6b6e400, 0x00000277d6b6e4c8]
Event: 1244.147 Thread 0x00000277e2afa9d0 40444       3       org.jetbrains.kotlin.fir.visitors.FirDefaultTransformer::<init> (5 bytes)
Event: 1244.148 Thread 0x00000277e2afa9d0 nmethod 40444 0x00000277cffc1a88 code [0x00000277cffc1b80, 0x00000277cffc1da0]
Event: 1244.376 Thread 0x00000277e2afa9d0 40445       3       org.jetbrains.kotlin.load.java.structure.impl.classFiles.BinaryJavaClass::convertInternalNameToClassifierType (21 bytes)
Event: 1244.378 Thread 0x00000277e2afa9d0 nmethod 40445 0x00000277cebb4a88 code [0x00000277cebb4b80, 0x00000277cebb5b88]
Event: 1244.378 Thread 0x00000277e2afa9d0 40446       3       org.jetbrains.kotlin.load.java.structure.impl.classFiles.BinaryJavaClass$$Lambda/0x00000000bbddc590::<init> (15 bytes)
Event: 1244.378 Thread 0x00000277e2afa9d0 nmethod 40446 0x00000277d034d388 code [0x00000277d034d480, 0x00000277d034d6b0]
Event: 1244.393 Thread 0x00000277e2afa9d0 40447       3       org.jetbrains.kotlin.fir.java.JavaSymbolProvider$symbolNamesProvider$1::getTopLevelClassifierNamesInPackage (145 bytes)
Event: 1244.396 Thread 0x00000277e2afa9d0 nmethod 40447 0x00000277cebb3488 code [0x00000277cebb35a0, 0x00000277cebb4a18]
Event: 1244.508 Thread 0x00000277e2af41a0 40448   !   4       java.util.zip.Inflater::end (52 bytes)
Event: 1244.512 Thread 0x00000277e2af41a0 nmethod 40448 0x00000277d6b6dc88 code [0x00000277d6b6dd80, 0x00000277d6b6e288]
Event: 1245.626 Thread 0x00000277e2af41a0 40449       4       org.jetbrains.kotlin.load.kotlin.header.ReadKotlinClassHeaderAnnotationVisitor$KotlinMetadataArgumentVisitor::visitEnd (1 bytes)
Event: 1245.627 Thread 0x00000277e2af41a0 nmethod 40449 0x00000277d6b6d988 code [0x00000277d6b6da80, 0x00000277d6b6daf8]
Event: 1245.681 Thread 0x00000277e2af41a0 40450       4       org.jetbrains.kotlin.resolve.jvm.KotlinJavaPsiFacade::finders (30 bytes)
Event: 1245.684 Thread 0x00000277e2af41a0 nmethod 40450 0x00000277d6b6d688 code [0x00000277d6b6d780, 0x00000277d6b6d968]
Event: 1246.147 Thread 0x00000277e2af41a0 40451       4       org.jetbrains.kotlin.cli.common.localfs.KotlinLocalVirtualFile::getFileSystem (8 bytes)
Event: 1246.147 Thread 0x00000277e2afa9d0 40452       3       org.jetbrains.kotlin.cli.common.localfs.KotlinLocalVirtualFile::getParent (65 bytes)
Event: 1246.147 Thread 0x00000277e2af41a0 nmethod 40451 0x00000277d6b6d388 code [0x00000277d6b6d480, 0x00000277d6b6d500]
Event: 1246.147 Thread 0x00000277e2afa9d0 nmethod 40452 0x00000277cf28ac08 code [0x00000277cf28ad00, 0x00000277cf28b0c0]
Event: 1246.970 Thread 0x00000277e2af41a0 40453       4       org.jetbrains.kotlin.fir.deserialization.LibraryPathFilter$LibraryList::accepts (191 bytes)

GC Heap Usage History (20 events):
Event: 765.520 {heap After GC invocations=81 (full 0):
 garbage-first heap   total reserved 4194304K, committed 428032K, used 256996K [0x0000000700000000, 0x0000000800000000)
  region size 2048K, 7 young (14336K), 7 survivors (14336K)
}
Event: 792.577 {heap Before GC invocations=81 (full 0):
 garbage-first heap   total reserved 4194304K, committed 428032K, used 386020K [0x0000000700000000, 0x0000000800000000)
  region size 2048K, 70 young (143360K), 7 survivors (14336K)
}
Event: 792.686 {heap After GC invocations=82 (full 0):
 garbage-first heap   total reserved 4194304K, committed 432128K, used 249096K [0x0000000700000000, 0x0000000800000000)
  region size 2048K, 8 young (16384K), 8 survivors (16384K)
}
Event: 807.015 {heap Before GC invocations=82 (full 0):
 garbage-first heap   total reserved 4194304K, committed 432128K, used 388360K [0x0000000700000000, 0x0000000800000000)
  region size 2048K, 76 young (155648K), 8 survivors (16384K)
}
Event: 807.119 {heap After GC invocations=83 (full 0):
 garbage-first heap   total reserved 4194304K, committed 432128K, used 270336K [0x0000000700000000, 0x0000000800000000)
  region size 2048K, 10 young (20480K), 10 survivors (20480K)
}
Event: 861.011 {heap Before GC invocations=84 (full 0):
 garbage-first heap   total reserved 4194304K, committed 432128K, used 368640K [0x0000000700000000, 0x0000000800000000)
  region size 2048K, 68 young (139264K), 10 survivors (20480K)
}
Event: 861.087 {heap After GC invocations=85 (full 0):
 garbage-first heap   total reserved 4194304K, committed 432128K, used 267171K [0x0000000700000000, 0x0000000800000000)
  region size 2048K, 8 young (16384K), 8 survivors (16384K)
}
Event: 1200.453 {heap Before GC invocations=85 (full 0):
 garbage-first heap   total reserved 4194304K, committed 432128K, used 388003K [0x0000000700000000, 0x0000000800000000)
  region size 2048K, 67 young (137216K), 8 survivors (16384K)
}
Event: 1201.568 {heap After GC invocations=86 (full 0):
 garbage-first heap   total reserved 4194304K, committed 432128K, used 236140K [0x0000000700000000, 0x0000000800000000)
  region size 2048K, 5 young (10240K), 5 survivors (10240K)
}
Event: 1204.874 {heap Before GC invocations=86 (full 0):
 garbage-first heap   total reserved 4194304K, committed 432128K, used 246380K [0x0000000700000000, 0x0000000800000000)
  region size 2048K, 10 young (20480K), 5 survivors (10240K)
}
Event: 1205.086 {heap After GC invocations=87 (full 0):
 garbage-first heap   total reserved 4194304K, committed 432128K, used 232261K [0x0000000700000000, 0x0000000800000000)
  region size 2048K, 1 young (2048K), 1 survivors (2048K)
}
Event: 1231.240 {heap Before GC invocations=87 (full 0):
 garbage-first heap   total reserved 4194304K, committed 432128K, used 381765K [0x0000000700000000, 0x0000000800000000)
  region size 2048K, 75 young (153600K), 1 survivors (2048K)
}
Event: 1231.494 {heap After GC invocations=88 (full 0):
 garbage-first heap   total reserved 4194304K, committed 446464K, used 292509K [0x0000000700000000, 0x0000000800000000)
  region size 2048K, 10 young (20480K), 10 survivors (20480K)
}
Event: 1239.730 {heap Before GC invocations=89 (full 0):
 garbage-first heap   total reserved 4194304K, committed 450560K, used 368285K [0x0000000700000000, 0x0000000800000000)
  region size 2048K, 58 young (118784K), 10 survivors (20480K)
}
Event: 1239.870 {heap After GC invocations=90 (full 0):
 garbage-first heap   total reserved 4194304K, committed 450560K, used 305152K [0x0000000700000000, 0x0000000800000000)
  region size 2048K, 8 young (16384K), 8 survivors (16384K)
}
Event: 1239.944 {heap Before GC invocations=90 (full 0):
 garbage-first heap   total reserved 4194304K, committed 450560K, used 311296K [0x0000000700000000, 0x0000000800000000)
  region size 2048K, 11 young (22528K), 8 survivors (16384K)
}
Event: 1239.975 {heap After GC invocations=91 (full 0):
 garbage-first heap   total reserved 4194304K, committed 450560K, used 303104K [0x0000000700000000, 0x0000000800000000)
  region size 2048K, 2 young (4096K), 2 survivors (4096K)
}
Event: 1241.328 {heap Before GC invocations=91 (full 0):
 garbage-first heap   total reserved 4194304K, committed 450560K, used 350208K [0x0000000700000000, 0x0000000800000000)
  region size 2048K, 25 young (51200K), 2 survivors (4096K)
}
Event: 1241.373 {heap After GC invocations=92 (full 0):
 garbage-first heap   total reserved 4194304K, committed 450560K, used 301056K [0x0000000700000000, 0x0000000800000000)
  region size 2048K, 4 young (8192K), 4 survivors (8192K)
}
Event: 1247.108 {heap Before GC invocations=92 (full 0):
 garbage-first heap   total reserved 4194304K, committed 450560K, used 319488K [0x0000000700000000, 0x0000000800000000)
  region size 2048K, 13 young (26624K), 4 survivors (8192K)
}

Metaspace Usage History (20 events):
Event: 765.521 {metaspace After GC invocations=81 (full 0):
 Metaspace       used 267579K, committed 270144K, reserved 1114112K
  class space    used 36804K, committed 38016K, reserved 851968K
}
Event: 792.577 {metaspace Before GC invocations=81 (full 0):
 Metaspace       used 281998K, committed 284544K, reserved 1114112K
  class space    used 38396K, committed 39616K, reserved 851968K
}
Event: 792.686 {metaspace After GC invocations=82 (full 0):
 Metaspace       used 281998K, committed 284544K, reserved 1114112K
  class space    used 38396K, committed 39616K, reserved 851968K
}
Event: 807.015 {metaspace Before GC invocations=82 (full 0):
 Metaspace       used 286093K, committed 288640K, reserved 1114112K
  class space    used 38837K, committed 40064K, reserved 851968K
}
Event: 807.120 {metaspace After GC invocations=83 (full 0):
 Metaspace       used 286093K, committed 288640K, reserved 1114112K
  class space    used 38837K, committed 40064K, reserved 851968K
}
Event: 861.011 {metaspace Before GC invocations=84 (full 0):
 Metaspace       used 243690K, committed 246272K, reserved 1114112K
  class space    used 33468K, committed 34752K, reserved 851968K
}
Event: 861.087 {metaspace After GC invocations=85 (full 0):
 Metaspace       used 243690K, committed 246272K, reserved 1114112K
  class space    used 33468K, committed 34752K, reserved 851968K
}
Event: 1200.454 {metaspace Before GC invocations=85 (full 0):
 Metaspace       used 246594K, committed 249152K, reserved 1114112K
  class space    used 33790K, committed 35008K, reserved 851968K
}
Event: 1201.568 {metaspace After GC invocations=86 (full 0):
 Metaspace       used 246594K, committed 249152K, reserved 1114112K
  class space    used 33790K, committed 35008K, reserved 851968K
}
Event: 1204.874 {metaspace Before GC invocations=86 (full 0):
 Metaspace       used 246629K, committed 249216K, reserved 1114112K
  class space    used 33791K, committed 35008K, reserved 851968K
}
Event: 1205.086 {metaspace After GC invocations=87 (full 0):
 Metaspace       used 246629K, committed 249216K, reserved 1114112K
  class space    used 33791K, committed 35008K, reserved 851968K
}
Event: 1231.240 {metaspace Before GC invocations=87 (full 0):
 Metaspace       used 246858K, committed 249408K, reserved 1114112K
  class space    used 33793K, committed 35008K, reserved 851968K
}
Event: 1231.494 {metaspace After GC invocations=88 (full 0):
 Metaspace       used 246858K, committed 249408K, reserved 1114112K
  class space    used 33793K, committed 35008K, reserved 851968K
}
Event: 1239.730 {metaspace Before GC invocations=89 (full 0):
 Metaspace       used 246613K, committed 249216K, reserved 1114112K
  class space    used 33737K, committed 35008K, reserved 851968K
}
Event: 1239.870 {metaspace After GC invocations=90 (full 0):
 Metaspace       used 246613K, committed 249216K, reserved 1114112K
  class space    used 33737K, committed 35008K, reserved 851968K
}
Event: 1239.945 {metaspace Before GC invocations=90 (full 0):
 Metaspace       used 246613K, committed 249216K, reserved 1114112K
  class space    used 33737K, committed 35008K, reserved 851968K
}
Event: 1239.975 {metaspace After GC invocations=91 (full 0):
 Metaspace       used 246613K, committed 249216K, reserved 1114112K
  class space    used 33737K, committed 35008K, reserved 851968K
}
Event: 1241.328 {metaspace Before GC invocations=91 (full 0):
 Metaspace       used 246837K, committed 249408K, reserved 1114112K
  class space    used 33739K, committed 35008K, reserved 851968K
}
Event: 1241.373 {metaspace After GC invocations=92 (full 0):
 Metaspace       used 246837K, committed 249408K, reserved 1114112K
  class space    used 33739K, committed 35008K, reserved 851968K
}
Event: 1247.108 {metaspace Before GC invocations=92 (full 0):
 Metaspace       used 247024K, committed 249600K, reserved 1114112K
  class space    used 33761K, committed 35008K, reserved 851968K
}

Dll operation events (3 events):
Event: 0.044 Loaded shared library C:\Program Files\Android\Android Studio\jbr\bin\java.dll
Event: 0.055 Loaded shared library C:\Program Files\Android\Android Studio\jbr\bin\zip.dll
Event: 2.242 Loaded shared library C:\Program Files\Android\Android Studio\jbr\bin\verify.dll

Deoptimization events (20 events):
Event: 1238.811 Thread 0x00000277903946a0 Uncommon trap: trap_request=0xffffffbe fr.pc=0x00000277d69a5960 relative=0x00000000000006e0
Event: 1238.811 Thread 0x00000277903946a0 Uncommon trap: reason=profile_predicate action=maybe_recompile pc=0x00000277d69a5960 method=org.gradle.internal.ImmutableActionSet$SetWithManyActions.execute(Ljava/lang/Object;)V @ 14 c2
Event: 1238.811 Thread 0x00000277903946a0 DEOPT PACKING pc=0x00000277d69a5960 sp=0x000000ed794f85a0
Event: 1238.811 Thread 0x00000277903946a0 DEOPT UNPACKING pc=0x00000277d5f38582 sp=0x000000ed794f8550 mode 2
Event: 1238.852 Thread 0x00000277903946a0 Uncommon trap: trap_request=0xffffffbe fr.pc=0x00000277d69a5960 relative=0x00000000000006e0
Event: 1238.852 Thread 0x00000277903946a0 Uncommon trap: reason=profile_predicate action=maybe_recompile pc=0x00000277d69a5960 method=org.gradle.internal.ImmutableActionSet$SetWithManyActions.execute(Ljava/lang/Object;)V @ 14 c2
Event: 1238.852 Thread 0x00000277903946a0 DEOPT PACKING pc=0x00000277d69a5960 sp=0x000000ed794f8810
Event: 1238.852 Thread 0x00000277903946a0 DEOPT UNPACKING pc=0x00000277d5f38582 sp=0x000000ed794f87c0 mode 2
Event: 1240.262 Thread 0x00000277903946a0 Uncommon trap: trap_request=0xffffffde fr.pc=0x00000277d6be4d84 relative=0x0000000000001684
Event: 1240.262 Thread 0x00000277903946a0 Uncommon trap: reason=class_check action=maybe_recompile pc=0x00000277d6be4d84 method=org.jetbrains.kotlin.cli.jvm.compiler.jarfs.FastJarHandler.splitPath(Ljava/lang/CharSequence;)Lkotlin/Pair; @ 1 c2
Event: 1240.262 Thread 0x00000277903946a0 DEOPT PACKING pc=0x00000277d6be4d84 sp=0x000000ed794f4aa0
Event: 1240.262 Thread 0x00000277903946a0 DEOPT UNPACKING pc=0x00000277d5f38582 sp=0x000000ed794f4a38 mode 2
Event: 1242.061 Thread 0x00000277903946a0 Uncommon trap: trap_request=0xffffff45 fr.pc=0x00000277d6a6565c relative=0x000000000000025c
Event: 1242.061 Thread 0x00000277903946a0 Uncommon trap: reason=unstable_if action=reinterpret pc=0x00000277d6a6565c method=kotlin.text.StringsKt__StringsJVMKt.startsWith(Ljava/lang/String;Ljava/lang/String;Z)Z @ 14 c2
Event: 1242.061 Thread 0x00000277903946a0 DEOPT PACKING pc=0x00000277d6a6565c sp=0x000000ed794f3770
Event: 1242.061 Thread 0x00000277903946a0 DEOPT UNPACKING pc=0x00000277d5f38582 sp=0x000000ed794f3740 mode 2
Event: 1242.061 Thread 0x00000277903946a0 Uncommon trap: trap_request=0xffffff45 fr.pc=0x00000277d6e16854 relative=0x0000000000000054
Event: 1242.061 Thread 0x00000277903946a0 Uncommon trap: reason=unstable_if action=reinterpret pc=0x00000277d6e16854 method=kotlin.text.CharsKt__CharKt.equals(CCZ)Z @ 8 c2
Event: 1242.061 Thread 0x00000277903946a0 DEOPT PACKING pc=0x00000277d6e16854 sp=0x000000ed794f36d0
Event: 1242.062 Thread 0x00000277903946a0 DEOPT UNPACKING pc=0x00000277d5f38582 sp=0x000000ed794f3648 mode 2

Classes loaded (20 events):
Event: 1237.580 Loading class java/util/zip/Deflater$DeflaterZStreamRef
Event: 1237.585 Loading class java/util/zip/Deflater$DeflaterZStreamRef done
Event: 1237.696 Loading class java/util/Collections$UnmodifiableSortedMap
Event: 1237.704 Loading class java/util/Collections$UnmodifiableSortedMap done
Event: 1237.736 Loading class sun/nio/cs/ISO_8859_1$Encoder
Event: 1237.740 Loading class sun/nio/cs/ISO_8859_1$Encoder done
Event: 1237.740 Loading class sun/nio/cs/Surrogate$Parser
Event: 1237.741 Loading class sun/nio/cs/Surrogate$Parser done
Event: 1237.741 Loading class sun/nio/cs/Surrogate
Event: 1237.742 Loading class sun/nio/cs/Surrogate done
Event: 1237.808 Loading class sun/nio/cs/US_ASCII$Encoder
Event: 1237.809 Loading class sun/nio/cs/US_ASCII$Encoder done
Event: 1237.818 Loading class java/nio/file/attribute/FileTime$1
Event: 1237.818 Loading class java/nio/file/attribute/FileTime$1 done
Event: 1237.846 Loading class java/net/URLEncoder
Event: 1237.852 Loading class java/net/URLEncoder done
Event: 1237.853 Loading class jdk/internal/util/ImmutableBitSetPredicate
Event: 1237.853 Loading class jdk/internal/util/ImmutableBitSetPredicate done
Event: 1237.853 Loading class jdk/internal/util/ImmutableBitSetPredicate$SmallImmutableBitSetPredicate
Event: 1237.854 Loading class jdk/internal/util/ImmutableBitSetPredicate$SmallImmutableBitSetPredicate done

Classes unloaded (20 events):
Event: 1233.686 Thread 0x00000277e2a848d0 Unloading class 0x00000000bb8f2db8 'kotlin/script/experimental/host/ScriptingHostConfiguration$Companion'
Event: 1233.686 Thread 0x00000277e2a848d0 Unloading class 0x00000000bb8f2b78 'kotlin/script/experimental/host/ScriptingHostConfigurationKeys'
Event: 1233.686 Thread 0x00000277e2a848d0 Unloading class 0x00000000bb8f2930 'kotlin/script/experimental/util/PropertiesCollection$Companion'
Event: 1233.687 Thread 0x00000277e2a848d0 Unloading class 0x00000000bb8f26e0 'kotlin/script/experimental/host/ScriptingHostConfiguration'
Event: 1233.687 Thread 0x00000277e2a848d0 Unloading class 0x00000000bb8f2490 'kotlin/script/experimental/util/PropertiesCollection'
Event: 1233.687 Thread 0x00000277e2a848d0 Unloading class 0x00000000bb8f2248 'androidx/compose/compiler/plugins/kotlin/ComposeConfiguration'
Event: 1233.687 Thread 0x00000277e2a848d0 Unloading class 0x00000000bb8f2000 'androidx/compose/compiler/plugins/kotlin/ComposePluginKt'
Event: 1233.687 Thread 0x00000277e2a848d0 Unloading class 0x00000000bb4c5c08 'androidx/compose/compiler/plugins/kotlin/FeatureFlag$Companion'
Event: 1233.688 Thread 0x00000277e2a848d0 Unloading class 0x00000000bb4c5748 'androidx/compose/compiler/plugins/kotlin/FeatureFlag'
Event: 1233.688 Thread 0x00000277e2a848d0 Unloading class 0x00000000bb4c5500 'androidx/compose/compiler/plugins/kotlin/ComposeCommandLineProcessor$Companion'
Event: 1233.688 Thread 0x00000277e2a848d0 Unloading class 0x00000000bb4c5248 'androidx/compose/compiler/plugins/kotlin/ComposeCommandLineProcessor'
Event: 1233.688 Thread 0x00000277e2a848d0 Unloading class 0x00000000bb4c5000 'org/jetbrains/kotlin/scripting/compiler/plugin/ScriptingCommandLineProcessor$Companion'
Event: 1233.689 Thread 0x00000277e2a848d0 Unloading class 0x00000000bb5b4ca0 'org/jetbrains/kotlin/scripting/compiler/plugin/ScriptingCommandLineProcessor'
Event: 1233.689 Thread 0x00000277e2a848d0 Unloading class 0x00000000bb5b4a58 'org/jetbrains/kotlin/scripting/compiler/plugin/ScriptingK2CompilerPluginRegistrar$Companion'
Event: 1233.690 Thread 0x00000277e2a848d0 Unloading class 0x00000000bb5b4800 'org/jetbrains/kotlin/scripting/compiler/plugin/ScriptingK2CompilerPluginRegistrar'
Event: 1233.691 Thread 0x00000277e2a848d0 Unloading class 0x00000000bb580cd0 'androidx/compose/compiler/plugins/kotlin/ComposePluginRegistrar$Companion'
Event: 1233.691 Thread 0x00000277e2a848d0 Unloading class 0x00000000bb580a68 'androidx/compose/compiler/plugins/kotlin/ComposePluginRegistrar'
Event: 1233.691 Thread 0x00000277e2a848d0 Unloading class 0x00000000bb580800 'org/jetbrains/kotlin/scripting/compiler/plugin/ScriptingCompilerConfigurationComponentRegistrar'
Event: 1233.691 Thread 0x00000277e2a848d0 Unloading class 0x00000000bc732400 'java/lang/invoke/LambdaForm$MH+0x00000000bc732400'
Event: 1233.691 Thread 0x00000277e2a848d0 Unloading class 0x00000000bc731000 'java/lang/invoke/LambdaForm$MH+0x00000000bc731000'

Classes redefined (0 events):
No events

Internal exceptions (20 events):
Event: 1238.846 Thread 0x00000277903946a0 Exception <a 'sun/nio/fs/WindowsException'{0x00000007188ff380}> (0x00000007188ff380) 
thrown [s\src\hotspot\share\prims\jni.cpp, line 535]
Event: 1238.878 Thread 0x00000277903946a0 Exception <a 'sun/nio/fs/WindowsException'{0x00000007186593a0}> (0x00000007186593a0) 
thrown [s\src\hotspot\share\prims\jni.cpp, line 535]
Event: 1238.897 Thread 0x00000277903946a0 Exception <a 'sun/nio/fs/WindowsException'{0x0000000718407428}> (0x0000000718407428) 
thrown [s\src\hotspot\share\prims\jni.cpp, line 535]
Event: 1238.911 Thread 0x00000277903946a0 Exception <a 'sun/nio/fs/WindowsException'{0x000000071840bd48}> (0x000000071840bd48) 
thrown [s\src\hotspot\share\prims\jni.cpp, line 535]
Event: 1238.913 Thread 0x00000277903946a0 Exception <a 'sun/nio/fs/WindowsException'{0x0000000718413040}> (0x0000000718413040) 
thrown [s\src\hotspot\share\prims\jni.cpp, line 535]
Event: 1238.922 Thread 0x00000277903946a0 Exception <a 'sun/nio/fs/WindowsException'{0x000000071841ca00}> (0x000000071841ca00) 
thrown [s\src\hotspot\share\prims\jni.cpp, line 535]
Event: 1238.923 Thread 0x00000277903946a0 Exception <a 'sun/nio/fs/WindowsException'{0x000000071841e0e0}> (0x000000071841e0e0) 
thrown [s\src\hotspot\share\prims\jni.cpp, line 535]
Event: 1238.924 Thread 0x00000277903946a0 Exception <a 'sun/nio/fs/WindowsException'{0x0000000718421400}> (0x0000000718421400) 
thrown [s\src\hotspot\share\prims\jni.cpp, line 535]
Event: 1238.924 Thread 0x00000277903946a0 Exception <a 'sun/nio/fs/WindowsException'{0x0000000718422d18}> (0x0000000718422d18) 
thrown [s\src\hotspot\share\prims\jni.cpp, line 535]
Event: 1238.927 Thread 0x00000277903946a0 Exception <a 'sun/nio/fs/WindowsException'{0x0000000718427af8}> (0x0000000718427af8) 
thrown [s\src\hotspot\share\prims\jni.cpp, line 535]
Event: 1238.928 Thread 0x00000277903946a0 Exception <a 'sun/nio/fs/WindowsException'{0x000000071842aa80}> (0x000000071842aa80) 
thrown [s\src\hotspot\share\prims\jni.cpp, line 535]
Event: 1238.928 Thread 0x00000277903946a0 Exception <a 'sun/nio/fs/WindowsException'{0x000000071842c6a8}> (0x000000071842c6a8) 
thrown [s\src\hotspot\share\prims\jni.cpp, line 535]
Event: 1238.928 Thread 0x00000277903946a0 Exception <a 'sun/nio/fs/WindowsException'{0x000000071842e530}> (0x000000071842e530) 
thrown [s\src\hotspot\share\prims\jni.cpp, line 535]
Event: 1238.928 Thread 0x00000277903946a0 Exception <a 'sun/nio/fs/WindowsException'{0x00000007184306a0}> (0x00000007184306a0) 
thrown [s\src\hotspot\share\prims\jni.cpp, line 535]
Event: 1238.930 Thread 0x00000277903946a0 Exception <a 'sun/nio/fs/WindowsException'{0x0000000718433518}> (0x0000000718433518) 
thrown [s\src\hotspot\share\prims\jni.cpp, line 535]
Event: 1238.930 Thread 0x00000277903946a0 Exception <a 'sun/nio/fs/WindowsException'{0x0000000718435108}> (0x0000000718435108) 
thrown [s\src\hotspot\share\prims\jni.cpp, line 535]
Event: 1238.938 Thread 0x00000277903946a0 Exception <a 'sun/nio/fs/WindowsException'{0x0000000718437d48}> (0x0000000718437d48) 
thrown [s\src\hotspot\share\prims\jni.cpp, line 535]
Event: 1238.953 Thread 0x00000277903946a0 Exception <a 'sun/nio/fs/WindowsException'{0x000000071843ec30}> (0x000000071843ec30) 
thrown [s\src\hotspot\share\prims\jni.cpp, line 535]
Event: 1238.976 Thread 0x00000277903946a0 Exception <a 'sun/nio/fs/WindowsException'{0x000000071852c440}> (0x000000071852c440) 
thrown [s\src\hotspot\share\prims\jni.cpp, line 535]
Event: 1238.977 Thread 0x00000277903946a0 Exception <a 'sun/nio/fs/WindowsException'{0x000000071852e2b8}> (0x000000071852e2b8) 
thrown [s\src\hotspot\share\prims\jni.cpp, line 535]

VM Operations (20 events):
Event: 1202.147 Executing non-safepoint VM operation: RendezvousGCThreads done
Event: 1204.874 Executing safepoint VM operation: G1CollectForAllocation (G1 Evacuation Pause)
Event: 1205.086 Executing safepoint VM operation: G1CollectForAllocation (G1 Evacuation Pause) done
Event: 1231.240 Executing safepoint VM operation: G1CollectForAllocation (G1 Evacuation Pause)
Event: 1231.495 Executing safepoint VM operation: G1CollectForAllocation (G1 Evacuation Pause) done
Event: 1233.625 Executing safepoint VM operation: G1PauseRemark
Event: 1235.877 Executing safepoint VM operation: G1PauseRemark done
Event: 1236.786 Executing safepoint VM operation: G1PauseCleanup
Event: 1236.789 Executing safepoint VM operation: G1PauseCleanup done
Event: 1237.711 Executing non-safepoint VM operation: HandshakeAllThreads (Deoptimize)
Event: 1237.716 Executing non-safepoint VM operation: HandshakeAllThreads (Deoptimize) done
Event: 1239.730 Executing safepoint VM operation: G1CollectForAllocation (G1 Evacuation Pause)
Event: 1239.870 Executing safepoint VM operation: G1CollectForAllocation (G1 Evacuation Pause) done
Event: 1239.944 Executing safepoint VM operation: G1CollectForAllocation (G1 Evacuation Pause)
Event: 1239.976 Executing safepoint VM operation: G1CollectForAllocation (G1 Evacuation Pause) done
Event: 1241.328 Executing safepoint VM operation: G1CollectForAllocation (G1 Evacuation Pause)
Event: 1241.373 Executing safepoint VM operation: G1CollectForAllocation (G1 Evacuation Pause) done
Event: 1242.006 Executing non-safepoint VM operation: HandshakeAllThreads (Deoptimize)
Event: 1242.006 Executing non-safepoint VM operation: HandshakeAllThreads (Deoptimize) done
Event: 1246.988 Executing safepoint VM operation: G1CollectForAllocation (G1 Evacuation Pause)

Memory protections (0 events):
No events

Nmethod flushes (20 events):
Event: 1235.763 Thread 0x00000277e2a848d0 flushing  nmethod 0x00000277cfd80088
Event: 1235.763 Thread 0x00000277e2a848d0 flushing  nmethod 0x00000277cfd82c08
Event: 1235.763 Thread 0x00000277e2a848d0 flushing  nmethod 0x00000277cfdc7d88
Event: 1235.763 Thread 0x00000277e2a848d0 flushing  nmethod 0x00000277cfe2b208
Event: 1235.763 Thread 0x00000277e2a848d0 flushing  nmethod 0x00000277cfe97b88
Event: 1235.763 Thread 0x00000277e2a848d0 flushing  nmethod 0x00000277cfec3f88
Event: 1235.766 Thread 0x00000277e2a848d0 flushing  nmethod 0x00000277cff1c708
Event: 1235.766 Thread 0x00000277e2a848d0 flushing  nmethod 0x00000277cff1d188
Event: 1235.766 Thread 0x00000277e2a848d0 flushing  nmethod 0x00000277cff50c08
Event: 1235.766 Thread 0x00000277e2a848d0 flushing  nmethod 0x00000277cff88388
Event: 1235.766 Thread 0x00000277e2a848d0 flushing  nmethod 0x00000277cff89508
Event: 1235.766 Thread 0x00000277e2a848d0 flushing  nmethod 0x00000277cffbd888
Event: 1235.766 Thread 0x00000277e2a848d0 flushing  nmethod 0x00000277cffc1a88
Event: 1235.767 Thread 0x00000277e2a848d0 flushing  nmethod 0x00000277cffc4808
Event: 1235.768 Thread 0x00000277e2a848d0 flushing  nmethod 0x00000277d02aca08
Event: 1235.769 Thread 0x00000277e2a848d0 flushing  nmethod 0x00000277d0306808
Event: 1235.769 Thread 0x00000277e2a848d0 flushing  nmethod 0x00000277d031ba08
Event: 1235.769 Thread 0x00000277e2a848d0 flushing  nmethod 0x00000277d031c088
Event: 1235.769 Thread 0x00000277e2a848d0 flushing  nmethod 0x00000277d031c488
Event: 1235.769 Thread 0x00000277e2a848d0 flushing  nmethod 0x00000277d0621d08

Events (20 events):
Event: 942.212 Thread 0x00000277f099ddf0 Thread exited: 0x00000277f099ddf0
Event: 951.099 Thread 0x0000027790396db0 Thread exited: 0x0000027790396db0
Event: 1165.763 Thread 0x00000277eb5723c0 Thread added: 0x00000277f099ddf0
Event: 1165.810 Thread 0x00000277f099ddf0 Thread added: 0x00000277f09a2c10
Event: 1166.222 Thread 0x00000277f099ddf0 Thread added: 0x00000277f09a0500
Event: 1166.376 Thread 0x00000277f099ddf0 Thread added: 0x00000277903946a0
Event: 1166.526 Thread 0x00000277903946a0 Thread added: 0x0000027790395640
Event: 1166.918 Thread 0x00000277903946a0 Thread added: 0x0000027790393700
Event: 1166.948 Thread 0x00000277903946a0 Thread added: 0x0000027790392760
Event: 1170.053 Thread 0x00000277903946a0 Thread added: 0x0000027790399c90
Event: 1170.183 Thread 0x00000277903946a0 Thread added: 0x000002779039a460
Event: 1171.100 Thread 0x00000277903946a0 Thread added: 0x000002779039ac30
Event: 1171.384 Thread 0x00000277903946a0 Thread added: 0x00000277903994c0
Event: 1171.469 Thread 0x00000277903946a0 Thread added: 0x000002779039bbd0
Event: 1174.349 Thread 0x00000277903946a0 Thread added: 0x0000027790398520
Event: 1174.838 Thread 0x00000277903946a0 Thread added: 0x000002779039c3a0
Event: 1186.637 Thread 0x00000277903946a0 Thread added: 0x000002779039db10
Event: 1186.638 Thread 0x00000277903946a0 Thread added: 0x000002779039e2e0
Event: 1193.319 Thread 0x00000277903946a0 Thread added: 0x000002779039d340
Event: 1238.179 Thread 0x00000277903946a0 Thread added: 0x000002779004fdf0


Dynamic libraries:
0x00007ff6ae200000 - 0x00007ff6ae20a000 	C:\Program Files\Android\Android Studio\jbr\bin\java.exe
0x00007ffc84fa0000 - 0x00007ffc85207000 	C:\WINDOWS\SYSTEM32\ntdll.dll
0x00007ffc83fc0000 - 0x00007ffc8408b000 	C:\WINDOWS\System32\KERNEL32.DLL
0x00007ffc824f0000 - 0x00007ffc828f2000 	C:\WINDOWS\System32\KERNELBASE.dll
0x00007ffc82390000 - 0x00007ffc824dc000 	C:\WINDOWS\System32\ucrtbase.dll
0x00007ffc62220000 - 0x00007ffc62236000 	C:\Program Files\Android\Android Studio\jbr\bin\jli.dll
0x00007ffc7ebe0000 - 0x00007ffc7ebfb000 	C:\Program Files\Android\Android Studio\jbr\bin\VCRUNTIME140.dll
0x00007ffc83080000 - 0x00007ffc8324f000 	C:\WINDOWS\System32\USER32.dll
0x00007ffc82b00000 - 0x00007ffc82b27000 	C:\WINDOWS\System32\win32u.dll
0x00007ffc84f30000 - 0x00007ffc84f5b000 	C:\WINDOWS\System32\GDI32.dll
0x00007ffc821a0000 - 0x00007ffc822c9000 	C:\WINDOWS\System32\gdi32full.dll
0x00007ffc6d4c0000 - 0x00007ffc6d750000 	C:\WINDOWS\WinSxS\amd64_microsoft.windows.common-controls_6595b64144ccf1df_6.0.26100.9278_none_3e0d1ba8e3303201\COMCTL32.dll
0x00007ffc83260000 - 0x00007ffc83309000 	C:\WINDOWS\System32\msvcrt.dll
0x00007ffc82900000 - 0x00007ffc829a3000 	C:\WINDOWS\System32\msvcp_win.dll
0x00007ffc83670000 - 0x00007ffc836a1000 	C:\WINDOWS\System32\IMM32.DLL
0x00007ffc7ebd0000 - 0x00007ffc7ebdc000 	C:\Program Files\Android\Android Studio\jbr\bin\vcruntime140_1.dll
0x00007ffc65080000 - 0x00007ffc6510d000 	C:\Program Files\Android\Android Studio\jbr\bin\msvcp140.dll
0x00007ffbf4720000 - 0x00007ffbf55fd000 	C:\Program Files\Android\Android Studio\jbr\bin\server\jvm.dll
0x00007ffc83900000 - 0x00007ffc839bc000 	C:\WINDOWS\System32\ADVAPI32.dll
0x00007ffc835c0000 - 0x00007ffc83669000 	C:\WINDOWS\System32\sechost.dll
0x00007ffc82cc0000 - 0x00007ffc82dd8000 	C:\WINDOWS\System32\RPCRT4.dll
0x00007ffc83740000 - 0x00007ffc837c0000 	C:\WINDOWS\System32\WS2_32.dll
0x00007ffc82020000 - 0x00007ffc8207e000 	C:\WINDOWS\SYSTEM32\POWRPROF.dll
0x00007ffc7ad30000 - 0x00007ffc7ad3b000 	C:\WINDOWS\SYSTEM32\VERSION.dll
0x00007ffc7f3d0000 - 0x00007ffc7f406000 	C:\WINDOWS\SYSTEM32\WINMM.dll
0x00007ffc82000000 - 0x00007ffc82015000 	C:\WINDOWS\SYSTEM32\UMPDC.dll
0x00007ffc80e00000 - 0x00007ffc80e1b000 	C:\WINDOWS\SYSTEM32\kernel.appcore.dll
0x00007ffc7cb80000 - 0x00007ffc7cb8a000 	C:\Program Files\Android\Android Studio\jbr\bin\jimage.dll
0x00007ffc63ae0000 - 0x00007ffc63d2c000 	C:\WINDOWS\SYSTEM32\DBGHELP.DLL
0x00007ffc841a0000 - 0x00007ffc84525000 	C:\WINDOWS\System32\combase.dll
0x00007ffc837d0000 - 0x00007ffc838a9000 	C:\WINDOWS\System32\OLEAUT32.dll
0x00007ffc6a230000 - 0x00007ffc6a26b000 	C:\WINDOWS\SYSTEM32\dbgcore.DLL
0x00007ffc822d0000 - 0x00007ffc8237c000 	C:\WINDOWS\System32\bcryptPrimitives.dll
0x00007ffc6a500000 - 0x00007ffc6a50e000 	C:\Program Files\Android\Android Studio\jbr\bin\instrument.dll
0x00007ffc7cb10000 - 0x00007ffc7cb2e000 	C:\Program Files\Android\Android Studio\jbr\bin\java.dll
0x00007ffc83310000 - 0x00007ffc834aa000 	C:\WINDOWS\System32\ole32.dll
0x00007ffc84780000 - 0x00007ffc84f18000 	C:\WINDOWS\System32\SHELL32.dll
0x00007ffc6e690000 - 0x00007ffc6e6a6000 	C:\Program Files\Android\Android Studio\jbr\bin\zip.dll
0x00007ffc7fbb0000 - 0x00007ffc8045e000 	C:\WINDOWS\SYSTEM32\windows.storage.dll
0x00007ffc840a0000 - 0x00007ffc8419b000 	C:\WINDOWS\System32\SHCORE.dll
0x00007ffc82f90000 - 0x00007ffc82ff6000 	C:\WINDOWS\System32\shlwapi.dll
0x00007ffc820c0000 - 0x00007ffc820e9000 	C:\WINDOWS\SYSTEM32\profapi.dll
0x00007ffc7cb70000 - 0x00007ffc7cb80000 	C:\Program Files\Android\Android Studio\jbr\bin\net.dll
0x00007ffc813a0000 - 0x00007ffc8140c000 	C:\WINDOWS\system32\mswsock.dll
0x00007ffc6ce40000 - 0x00007ffc6ce56000 	C:\Program Files\Android\Android Studio\jbr\bin\nio.dll
0x00007ffc6dcd0000 - 0x00007ffc6dce0000 	C:\Program Files\Android\Android Studio\jbr\bin\verify.dll
0x00007ffc6c690000 - 0x00007ffc6c6b7000 	C:\Users\AUZWEGE\.gradle\native\660c5614fbf4a5f2a75b1949f50a0caf5cd603558e7d8a26e50b933a0cfb79d1\windows-amd64\native-platform.dll
0x00007ffbf5680000 - 0x00007ffbf56f7000 	C:\Users\AUZWEGE\.gradle\native\0.2.8\x86_64-windows-gnu\gradle-fileevents.dll
0x00007ffc76f20000 - 0x00007ffc76f29000 	C:\Program Files\Android\Android Studio\jbr\bin\management.dll
0x00007ffc76b60000 - 0x00007ffc76b6b000 	C:\Program Files\Android\Android Studio\jbr\bin\management_ext.dll
0x00007ffc84f20000 - 0x00007ffc84f28000 	C:\WINDOWS\System32\PSAPI.DLL
0x00007ffc807b0000 - 0x00007ffc807e3000 	C:\WINDOWS\SYSTEM32\IPHLPAPI.DLL
0x00007ffc834b0000 - 0x00007ffc834ba000 	C:\WINDOWS\System32\NSI.dll
0x00007ffc78ed0000 - 0x00007ffc78ed9000 	C:\Program Files\Android\Android Studio\jbr\bin\extnet.dll
0x00007ffc817c0000 - 0x00007ffc817db000 	C:\WINDOWS\SYSTEM32\CRYPTSP.dll
0x00007ffc80d60000 - 0x00007ffc80d99000 	C:\WINDOWS\system32\rsaenh.dll
0x00007ffc81450000 - 0x00007ffc81484000 	C:\WINDOWS\SYSTEM32\USERENV.dll
0x00007ffc82090000 - 0x00007ffc820ba000 	C:\WINDOWS\SYSTEM32\bcrypt.dll
0x00007ffc81600000 - 0x00007ffc8160c000 	C:\WINDOWS\SYSTEM32\CRYPTBASE.dll
0x00007ffc5ac90000 - 0x00007ffc5ac98000 	C:\WINDOWS\system32\wshunix.dll
0x00007ffc80840000 - 0x00007ffc80998000 	C:\WINDOWS\SYSTEM32\DNSAPI.dll
0x00007ffc811a0000 - 0x00007ffc811ad000 	C:\WINDOWS\SYSTEM32\DSPARSE.dll
0x00007ffc79e90000 - 0x00007ffc79e9b000 	C:\Windows\System32\rasadhlp.dll
0x00007ffc79440000 - 0x00007ffc794c6000 	C:\WINDOWS\System32\fwpuclnt.dll
0x00007ffc601e0000 - 0x00007ffc601f8000 	C:\WINDOWS\system32\napinsp.dll
0x00007ffc5e5b0000 - 0x00007ffc5e5c3000 	C:\WINDOWS\System32\winrnr.dll
0x00007ffc32ea0000 - 0x00007ffc32ec7000 	C:\WINDOWS\system32\nlansp_c.dll
0x00007ffc7a1c0000 - 0x00007ffc7a1d6000 	C:\WINDOWS\system32\wshbth.dll
0x00007ffc7ec40000 - 0x00007ffc7ecdf000 	C:\WINDOWS\system32\apphelp.dll

JVMTI agents:
C:\Users\AUZWEGE\.gradle\wrapper\dists\gradle-9.6.0-bin\42k10rwplmzkhuboz9kdazi7s\gradle-9.6.0\lib\agents\gradle-instrumentation-agent-9.6.0.jar path:C:\Program Files\Android\Android Studio\jbr\bin\instrument.dll, loaded, initialized, instrumentlib options:none

dbghelp: loaded successfully - version: 4.0.5 - missing functions: none
symbol engine: initialized successfully - sym options: 0x614 - pdb path: .;C:\Program Files\Android\Android Studio\jbr\bin;C:\WINDOWS\SYSTEM32;C:\WINDOWS\WinSxS\amd64_microsoft.windows.common-controls_6595b64144ccf1df_6.0.26100.9278_none_3e0d1ba8e3303201;C:\Program Files\Android\Android Studio\jbr\bin\server;C:\Users\AUZWEGE\.gradle\native\660c5614fbf4a5f2a75b1949f50a0caf5cd603558e7d8a26e50b933a0cfb79d1\windows-amd64;C:\Users\AUZWEGE\.gradle\native\0.2.8\x86_64-windows-gnu

VM Arguments:
jvm_args: --add-opens=java.base/java.lang=ALL-UNNAMED --add-opens=java.base/java.lang.invoke=ALL-UNNAMED --add-opens=java.base/java.util=ALL-UNNAMED --add-opens=java.prefs/java.util.prefs=ALL-UNNAMED --add-exports=jdk.compiler/com.sun.tools.javac.api=ALL-UNNAMED --add-exports=jdk.compiler/com.sun.tools.javac.util=ALL-UNNAMED --add-opens=java.base/java.nio.charset=ALL-UNNAMED --add-opens=java.base/java.net=ALL-UNNAMED --add-opens=java.base/java.util.concurrent=ALL-UNNAMED --add-opens=java.base/java.util.concurrent.atomic=ALL-UNNAMED --add-opens=java.xml/javax.xml.namespace=ALL-UNNAMED --add-opens=java.base/java.time=ALL-UNNAMED --enable-native-access=ALL-UNNAMED -XX:MaxMetaspaceSize=1024m -XX:+HeapDumpOnOutOfMemoryError -Xmx4096m -Dfile.encoding=UTF-8 -Duser.country=US -Duser.language=en -Duser.variant -javaagent:C:\Users\AUZWEGE\.gradle\wrapper\dists\gradle-9.6.0-bin\42k10rwplmzkhuboz9kdazi7s\gradle-9.6.0\lib\agents\gradle-instrumentation-agent-9.6.0.jar 
java_command: org.gradle.launcher.daemon.bootstrap.GradleDaemon 9.6.0
java_class_path (initial): C:\Users\AUZWEGE\.gradle\wrapper\dists\gradle-9.6.0-bin\42k10rwplmzkhuboz9kdazi7s\gradle-9.6.0\lib\gradle-daemon-main-9.6.0.jar
Launcher Type: SUN_STANDARD

[Global flags]
     intx CICompilerCount                          = 3                                         {product} {ergonomic}
   size_t CompressedClassSpaceSize                 = 872415232                                 {product} {ergonomic}
     uint ConcGCThreads                            = 1                                         {product} {ergonomic}
     uint G1ConcRefinementThreads                  = 4                                         {product} {ergonomic}
   size_t G1HeapRegionSize                         = 2097152                                   {product} {ergonomic}
     bool HeapDumpOnOutOfMemoryError               = true                                   {manageable} {command line}
   size_t InitialHeapSize                          = 134217728                                 {product} {ergonomic}
   size_t MarkStackSize                            = 4194304                                   {product} {ergonomic}
   size_t MarkStackSizeMax                         = 536870912                                 {product} {ergonomic}
   size_t MaxHeapSize                              = 4294967296                                {product} {command line}
   size_t MaxMetaspaceSize                         = 1073741824                                {product} {command line}
   size_t MaxNewSize                               = 2575302656                                {product} {ergonomic}
   size_t MinHeapDeltaBytes                        = 2097152                                   {product} {ergonomic}
   size_t MinHeapSize                              = 8388608                                   {product} {ergonomic}
    uintx NonNMethodCodeHeapSize                   = 5898240                                {pd product} {ergonomic}
    uintx NonProfiledCodeHeapSize                  = 122945536                              {pd product} {ergonomic}
    uintx ProfiledCodeHeapSize                     = 122945536                              {pd product} {ergonomic}
    uintx ReservedCodeCacheSize                    = 251789312                              {pd product} {ergonomic}
     bool SegmentedCodeCache                       = true                                      {product} {ergonomic}
   size_t SoftMaxHeapSize                          = 4294967296                             {manageable} {ergonomic}
     bool UseCompressedOops                        = true                           {product lp64_product} {ergonomic}
     bool UseG1GC                                  = true                                      {product} {ergonomic}
     bool UseLargePagesIndividualAllocation        = false                                  {pd product} {ergonomic}

Logging:
Log output configuration:
 #0: stdout all=warning uptime,level,tags foldmultilines=false
 #1: stderr all=off uptime,level,tags foldmultilines=false

Release file:
JAVA_VERSION="25.0.3" 
MODULES="java.base java.compiler java.datatransfer java.xml java.prefs java.desktop java.instrument java.logging java.management java.security.sasl java.naming java.rmi java.management.rmi java.net.http java.scripting java.security.jgss java.transaction.xa java.sql java.sql.rowset java.xml.crypto java.se java.smartcardio jdk.accessibility jdk.internal.jvmstat jdk.attach jdk.charsets jdk.internal.opt jdk.zipfs jdk.compiler jdk.crypto.cryptoki jdk.crypto.ec jdk.dynalink jdk.hotspot.agent jdk.httpserver jdk.internal.ed jdk.internal.le jdk.internal.md jdk.internal.vm.ci jdk.jartool jdk.javadoc jdk.jcmd jdk.jdeps jdk.jdwp.agent jdk.jdi jdk.jfr jdk.jlink jdk.localedata jdk.management jdk.management.agent jdk.management.jfr jdk.naming.dns jdk.naming.rmi jdk.net jdk.sctp jdk.security.auth jdk.security.jgss jdk.unsupported jdk.unsupported.desktop jdk.xml.dom" 
IMPLEMENTOR="JetBrains s.r.o." 
JAVA_RUNTIME_VERSION="25.0.3+-15898627-b508.16" 
LIBC="default" 
OS_ARCH="x86_64" 
OS_NAME="Windows" 
SOURCE=".:git:a8b1dba3234f" 

Environment Variables:
JAVA_HOME=C:\Program Files\Android\Android Studio\jbr
PATH=C:\Program Files\Android\Android Studio\jbr\bin;c:\Users\AUZWEGE\AppData\Roaming\Code\User\globalStorage\github.copilot-chat\debugCommand;c:\Users\AUZWEGE\AppData\Roaming\Code\User\globalStorage\github.copilot-chat\copilotCli;C:\Python314\Scripts\;C:\Python314\;C:\WINDOWS\system32;C:\WINDOWS;C:\WINDOWS\System32\Wbem;C:\WINDOWS\System32\WindowsPowerShell\v1.0\;C:\WINDOWS\System32\OpenSSH\;C:\Program Files\nodejs\;C:\ProgramData\chocolatey\bin;C:\Program Files\Git\cmd;C:\Users\AUZWEGE\dev\flutter\bin;C:\Users\AUZWEGE\AppData\Local\Microsoft\WindowsApps;C:\Users\AUZWEGE\AppData\Local\Programs\Microsoft VS Code\bin;C:\Users\AUZWEGE\AppData\Local\Python\bin;C:\Users\AUZWEGE\AppData\Roaming\npm;C:\Users\AUZWEGE\AppData\Local\Programs\Windsurf\bin;C:\Users\AUZWEGE\AppData\Local\Kingsoft\WPS Office\12.1.0.27458\clitool;D:\cursor\resources\app\bin;C:\Program Files\JetBrains\PyCharm 2026.1.4\bin
USERNAME=AUZWEGE
LANG=en_US.UTF-8
OS=Windows_NT
PROCESSOR_IDENTIFIER=Intel64 Family 6 Model 69 Stepping 1, GenuineIntel
TMP=C:\Users\AUZWEGE\AppData\Local\Temp
TEMP=C:\Users\AUZWEGE\AppData\Local\Temp




Compilation memory statistics disabled.

Periodic native trim disabled

JNI global refs:
JNI global refs: 22, weak refs: 1

JNI global refs memory usage: 835, weak refs: 833

Process memory usage:
Resident Set Size: 815464K (9% of 8279148K total physical memory with 332212K free physical memory)

OOME stack traces (most recent first):
Classloader memory used:
Loader org.gradle.internal.classloader.VisitableURLClassLoader                         : 114 M
Loader java.net.URLClassLoader                                                         : 43805 K
Loader bootstrap                                                                       : 34621 K
Loader org.gradle.internal.classloader.VisitableURLClassLoader$InstrumentingVisitableURLClassLoader: 33106 K
Loader org.gradle.initialization.MixInLegacyTypesClassLoader                           : 16518 K
Loader jdk.internal.loader.ClassLoaders$PlatformClassLoader                            : 485 K
Loader org.gradle.internal.classloader.VisitableURLClassLoader                         : 347 K
Loader jdk.internal.jrtfs.JrtFileSystemProvider$JrtFsLoader                            : 329 K
Loader jdk.internal.loader.ClassLoaders$AppClassLoader                                 : 186 K
Loader sun.reflect.misc.MethodUtil                                                     : 2968 B

Classes loaded by more than one classloader:
Class Program                                                                         : loaded 10 times (x 76B)
Class Build_gradle                                                                    : loaded 6 times (x 74B)
Class org.gradle.kotlin.dsl.VersionCatalogAccessorsKt                                 : loaded 4 times (x 73B)
Class Settings_gradle$1                                                               : loaded 4 times (x 76B)
Class Settings_gradle$1$1                                                             : loaded 4 times (x 76B)
Class Settings_gradle                                                                 : loaded 4 times (x 126B)
Class [Lorg.jetbrains.kotlin.config.ExplicitApiMode;                                  : loaded 3 times (x 71B)
Class org.jetbrains.kotlin.cli.common.CompilerSystemProperties$Companion              : loaded 3 times (x 73B)
Class org.jetbrains.kotlin.cli.common.arguments.CommonCompilerArguments               : loaded 3 times (x 81B)
Class org.jetbrains.kotlin.config.LanguageVersion                                     : loaded 3 times (x 92B)
Class org.jetbrains.kotlin.cli.common.arguments.K2JVMCompilerArguments                : loaded 3 times (x 82B)
Class org.jetbrains.kotlin.cli.common.arguments.CommonToolArguments                   : loaded 3 times (x 75B)
Class org.jetbrains.kotlin.cli.common.messages.MessageCollector$Companion$NONE$1      : loaded 3 times (x 78B)
Class org.jetbrains.kotlin.com.intellij.util.containers.Stack                         : loaded 3 times (x 215B)
Class [Lorg.jetbrains.kotlin.cli.common.CompilerSystemProperties;                     : loaded 3 times (x 71B)
Class org.jetbrains.kotlin.name.ClassId$Companion                                     : loaded 3 times (x 73B)
Class org.jetbrains.kotlin.name.FqName                                                : loaded 3 times (x 74B)
Class org.jetbrains.kotlin.config.ExplicitApiMode                                     : loaded 3 times (x 81B)
Class org.jetbrains.kotlin.util.capitalizeDecapitalize.CapitalizeDecapitalizeKt       : loaded 3 times (x 73B)
Class org.jetbrains.kotlin.config.AnalysisFlag                                        : loaded 3 times (x 74B)
Class org.jetbrains.kotlin.name.FqNameUnsafe                                          : loaded 3 times (x 74B)
Class org.jetbrains.kotlin.utils.DescriptionAware                                     : loaded 3 times (x 72B)
Class [Lorg.jetbrains.kotlin.cli.common.messages.CompilerMessageSeverity;             : loaded 3 times (x 71B)
Class org.jetbrains.kotlin.cli.common.arguments.Freezable                             : loaded 3 times (x 74B)
Class org.jetbrains.kotlin.cli.common.messages.CompilerMessageSeverity$Companion      : loaded 3 times (x 73B)
Class org.jetbrains.kotlin.cli.common.messages.CompilerMessageSourceLocation          : loaded 3 times (x 72B)
Class org.jetbrains.kotlin.name.Name                                                  : loaded 3 times (x 77B)
Class org.jetbrains.kotlin.cli.common.messages.MessageCollector                       : loaded 3 times (x 72B)
Class org.jetbrains.kotlin.load.java.JvmAbi                                           : loaded 3 times (x 73B)
Class org.jetbrains.kotlin.config.ApiVersion                                          : loaded 3 times (x 88B)
Class org.jetbrains.kotlin.name.ClassId                                               : loaded 3 times (x 74B)
Class org.jetbrains.kotlin.config.LanguageFeature$State                               : loaded 3 times (x 84B)
Class org.jetbrains.kotlin.cli.common.messages.MessageCollector$Companion             : loaded 3 times (x 73B)
Class org.jetbrains.kotlin.config.LanguageOrApiVersion                                : loaded 3 times (x 72B)
Class org.jetbrains.kotlin.utils.CollectionsKt                                        : loaded 3 times (x 73B)
Class org.jetbrains.kotlin.config.LanguageFeature                                     : loaded 3 times (x 81B)
Class org.jetbrains.kotlin.cli.common.messages.CompilerMessageSeverity                : loaded 3 times (x 81B)
Class org.jetbrains.kotlin.cli.common.CompilerSystemProperties                        : loaded 3 times (x 81B)
Class org.jetbrains.kotlin.config.LanguageVersionSettings                             : loaded 3 times (x 72B)
Class org.jetbrains.kotlin.config.ExplicitApiMode$Companion                           : loaded 3 times (x 73B)
Class [Lorg.jetbrains.kotlin.com.intellij.lang.jvm.JvmAnnotation;                     : loaded 2 times (x 71B)
Class org.jetbrains.kotlin.com.intellij.psi.impl.file.PsiDirectoryFactory             : loaded 2 times (x 78B)
Class kotlin.coroutines.jvm.internal.CompletedContinuation                            : loaded 2 times (x 77B)
Class org.jetbrains.kotlin.com.fasterxml.aalto.in.ByteBasedPNameFactory               : loaded 2 times (x 73B)
Class kotlinx.coroutines.internal.ResizableAtomicArray                                : loaded 2 times (x 74B)
Class org.jetbrains.kotlin.com.intellij.ide.plugins.PathResolver                      : loaded 2 times (x 72B)
Class org.jetbrains.kotlin.com.intellij.util.containers.FastUtilHashingStrategies     : loaded 2 times (x 73B)
Class kotlin.io.TextStreamsKt                                                         : loaded 2 times (x 73B)
Class org.jetbrains.kotlin.com.intellij.openapi.util.ObjectNode                       : loaded 2 times (x 74B)
Class org.jetbrains.kotlin.progress.CompilationCanceledStatus                         : loaded 2 times (x 72B)
Class kotlin.text.StringsKt__StringsKt                                                : loaded 2 times (x 73B)
Class kotlin.NotImplementedError                                                      : loaded 2 times (x 84B)
Class com.google.common.base.PairwiseEquivalence                                      : loaded 2 times (x 85B)
Class com.google.common.base.Equivalence$Identity                                     : loaded 2 times (x 84B)
Class com.google.common.collect.RegularImmutableMap$KeySet                            : loaded 2 times (x 152B)
Class org.gradle.internal.classloader.FilteringClassLoader                            : loaded 2 times (x 106B)
Class org.jetbrains.kotlin.fir.symbols.impl.UtilsKt                                   : loaded 2 times (x 73B)
Class org.jetbrains.kotlin.fir.resolve.calls.candidate.CallKind$CallableReference     : loaded 2 times (x 74B)
Class org.jetbrains.kotlin.fir.resolve.calls.tower.FirTowerResolveTask                : loaded 2 times (x 76B)
Class org.jetbrains.kotlin.resolve.calls.inference.components.ResultTypeResolver$Context: loaded 2 times (x 72B)
Class org.jetbrains.kotlin.fir.resolve.calls.ReceiverValue                            : loaded 2 times (x 76B)
Class org.jetbrains.kotlin.fir.extensions.FirTypeAttributeExtensionKt                 : loaded 2 times (x 73B)
Class org.jetbrains.kotlin.fir.expressions.builder.FirAnnotationBuilder               : loaded 2 times (x 88B)
Class org.jetbrains.kotlin.fir.deserialization.PackagePartsCacheData                  : loaded 2 times (x 74B)
Class org.jetbrains.kotlin.fir.scopes.impl.DefaultImportPriority$LOW                  : loaded 2 times (x 82B)
Class org.jetbrains.kotlin.fir.resolve.transformers.plugin.AbstractFirCompilerRequiredAnnotationsResolveTransformer: loaded 2 times (x 389B)
Class org.jetbrains.kotlin.fir.resolve.calls.overloads.ConeIntegerOperatorConflictResolver: loaded 2 times (x 74B)
Class [Lorg.jetbrains.kotlin.fir.resolve.FirTowerDataMode;                            : loaded 2 times (x 71B)
Class org.jetbrains.kotlin.fir.declarations.FirEnumEntry                              : loaded 2 times (x 188B)
Class org.jetbrains.kotlin.fir.expressions.FirSafeCallExpression                      : loaded 2 times (x 124B)
Class org.jetbrains.kotlin.fir.expressions.FirLiteralExpression                       : loaded 2 times (x 122B)
Class org.jetbrains.kotlin.fir.declarations.impl.FirDefaultPropertyAccessor           : loaded 2 times (x 237B)
Class org.jetbrains.kotlin.fir.declarations.FirResolvedToPhaseState$Companion         : loaded 2 times (x 73B)
Class org.jetbrains.kotlin.fir.declarations.FirDeclarationAttributes                  : loaded 2 times (x 84B)
Class org.jetbrains.kotlin.fir.references.FirNamedReference                           : loaded 2 times (x 90B)
Class org.jetbrains.kotlin.fir.analysis.checkers.type.FirDefinitelyNotNullableChecker : loaded 2 times (x 78B)
Class org.jetbrains.kotlin.fir.analysis.checkers.expression.FirIncompatibleProjectionsOnTypeArgumentChecker: loaded 2 times (x 78B)
Class org.jetbrains.kotlin.fir.builder.FirScriptConfiguratorExtension$Companion       : loaded 2 times (x 73B)
Class org.jetbrains.kotlin.fir.FirPlatformSpecificCastChecker$Default                 : loaded 2 times (x 74B)
Class org.jetbrains.kotlin.fir.builder.FirBuilderDslKt                                : loaded 2 times (x 73B)
Class org.jetbrains.kotlin.fir.types.impl.FirResolvedTypeRefImpl                      : loaded 2 times (x 107B)
Class org.jetbrains.kotlin.fir.extensions.FirExtensionService$Companion               : loaded 2 times (x 75B)
Class org.jetbrains.kotlin.fir.FirPureAbstractElement                                 : loaded 2 times (x 89B)
Class org.jetbrains.kotlin.resolve.constants.ShortValue                               : loaded 2 times (x 78B)
Class org.jetbrains.kotlin.descriptors.impl.PackageViewDescriptorFactory$Companion    : loaded 2 times (x 73B)
Class org.jetbrains.kotlin.protobuf.Utf8                                              : loaded 2 times (x 73B)
Class org.jetbrains.kotlin.metadata.ProtoBuf$ContractOrBuilder                        : loaded 2 times (x 72B)
Class org.jetbrains.kotlin.library.impl.IrMonoliticLibraryImpl$types$2                : loaded 2 times (x 81B)
Class org.jetbrains.kotlin.library.SearchPathResolver$SearchRoot$Companion            : loaded 2 times (x 73B)
Class org.jetbrains.kotlin.psi.KtStubbedPsiUtil                                       : loaded 2 times (x 73B)
Class org.jetbrains.kotlin.parsing.KotlinParsing$3                                    : loaded 2 times (x 114B)
Class org.jetbrains.kotlin.com.intellij.psi.tree.IReparseableElementTypeBase          : loaded 2 times (x 72B)
Class org.jetbrains.kotlin.com.intellij.util.text.CharArrayExternalizable             : loaded 2 times (x 72B)
Class org.jetbrains.kotlin.load.kotlin.VirtualFileFinder                              : loaded 2 times (x 91B)
Class org.jetbrains.kotlin.psi.KtDynamicType                                          : loaded 2 times (x 508B)
Class org.jetbrains.kotlin.psi.KtEnumEntry                                            : loaded 2 times (x 1103B)
Class [Lorg.jetbrains.kotlin.com.intellij.psi.PsiFile;                                : loaded 2 times (x 71B)
Class [Lorg.jetbrains.kotlin.metadata.ProtoBuf$Visibility;                            : loaded 2 times (x 71B)
Class org.jetbrains.kotlin.types.extensions.TypeAttributeTranslators                  : loaded 2 times (x 74B)
Class org.jetbrains.kotlin.resolve.jvm.extensions.AnalysisHandlerExtension$Companion  : loaded 2 times (x 74B)
Class org.jetbrains.kotlin.codegen.extensions.ClassBuilderInterceptorExtension        : loaded 2 times (x 72B)
Class org.jetbrains.kotlin.com.intellij.lang.jvm.facade.JvmFacade                     : loaded 2 times (x 72B)
Class org.jetbrains.kotlin.com.intellij.util.Processor                                : loaded 2 times (x 72B)
Class org.jetbrains.kotlin.com.intellij.psi.scope.processor.MethodsProcessor          : loaded 2 times (x 107B)
Class org.jetbrains.kotlin.com.intellij.openapi.extensions.ExtensionPointUtil$1       : loaded 2 times (x 80B)
Class org.jetbrains.kotlin.org.codehaus.stax2.typed.TypedXMLStreamReader              : loaded 2 times (x 72B)
Class kotlinx.coroutines.internal.ThreadContextKt                                     : loaded 2 times (x 73B)
Class kotlinx.coroutines.BuildersKt                                                   : loaded 2 times (x 73B)
Class org.jetbrains.kotlin.com.intellij.openapi.application.QueryExecutorBase         : loaded 2 times (x 77B)
Class org.jetbrains.kotlin.com.intellij.psi.search.searches.SuperMethodsSearch$1      : loaded 2 times (x 81B)
Class kotlin.sequences.FilteringSequence$iterator$1                                   : loaded 2 times (x 81B)
Class org.jetbrains.kotlin.com.intellij.psi.impl.source.tree.CompositePsiElement      : loaded 2 times (x 395B)
Class org.jetbrains.kotlin.com.intellij.openapi.progress.Task                         : loaded 2 times (x 86B)
Class kotlin.sequences.SequencesKt__SequenceBuilderKt                                 : loaded 2 times (x 73B)
Class kotlin.io.FilesKt__FileTreeWalkKt                                               : loaded 2 times (x 73B)
Class kotlin.reflect.jvm.internal.impl.builtins.CompanionObjectMapping                : loaded 2 times (x 73B)
Class org.jetbrains.kotlin.config.CompilerConfigurationKey                            : loaded 2 times (x 74B)
Class kotlin.jvm.internal.CollectionToArray                                           : loaded 2 times (x 73B)
Class kotlin.jvm.internal.MutablePropertyReference0                                   : loaded 2 times (x 139B)
Class kotlin.collections.CollectionsKt__ReversedViewsKt                               : loaded 2 times (x 73B)
Class org.jetbrains.kotlin.analyzer.CompilationErrorException                         : loaded 2 times (x 84B)
Class jdk.internal.jimage.BasicImageReader                                            : loaded 2 times (x 97B)
Class [Lcom.google.common.base.AbstractIterator$State;                                : loaded 2 times (x 71B)
Class com.google.common.base.CharMatcher$IsEither                                     : loaded 2 times (x 113B)
Class org.gradle.internal.classloader.ClassLoaderHierarchy                            : loaded 2 times (x 72B)
Class org.jetbrains.kotlin.fir.resolve.dfa.cfg.LoopBlockEnterNode                     : loaded 2 times (x 83B)
Class org.jetbrains.kotlin.fir.expressions.FirSpreadArgumentExpression                : loaded 2 times (x 124B)
Class org.jetbrains.kotlin.fir.resolve.dfa.cfg.EdgeLabel                              : loaded 2 times (x 72B)
Class org.jetbrains.kotlin.fir.declarations.impl.FirConstructorImpl                   : loaded 2 times (x 208B)
Class org.jetbrains.kotlin.fir.resolve.transformers.LazyPublishedApiEffectiveVisibilityKey: loaded 2 times (x 73B)
Class org.jetbrains.kotlin.resolve.deprecation.DeprecationLevelValue                  : loaded 2 times (x 81B)
Class org.jetbrains.kotlin.fir.resolve.dfa.FirDataFlowAnalyzer$Companion$createFirDataFlowAnalyzer$1$logicSystem$1: loaded 2 times (x 76B)
Class org.jetbrains.kotlin.fir.resolve.calls.tower.TowerGroupKind$QualifierOrClassifier: loaded 2 times (x 78B)
Class [Lorg.jetbrains.kotlin.fir.resolve.dfa.cfg.CFGNodeWithSubgraphs;                : loaded 2 times (x 71B)
Class org.jetbrains.kotlin.fir.util.BaseMultimap                                      : loaded 2 times (x 112B)
Class [Lorg.jetbrains.kotlin.fir.declarations.FirControlFlowGraphOwner;               : loaded 2 times (x 71B)
Class org.jetbrains.kotlin.fir.symbols.impl.FirFileSymbol                             : loaded 2 times (x 74B)
Class org.jetbrains.kotlin.fir.expressions.builder.FirCallBuilder                     : loaded 2 times (x 72B)
Class org.jetbrains.kotlin.fir.session.FirAbstractSessionFactory$computeDependencyProviderList$$inlined$sortedBy$1: loaded 2 times (x 91B)
Class org.jetbrains.kotlin.fir.diagnostics.FirDiagnosticHolder                        : loaded 2 times (x 72B)
Class [Lorg.jetbrains.kotlin.fir.analysis.checkers.expression.FirExpressionChecker;   : loaded 2 times (x 71B)
Class org.jetbrains.kotlin.fir.analysis.checkers.declaration.FirObjectConstructorChecker$objectRefVisitor$1: loaded 2 times (x 227B)
Class org.jetbrains.kotlin.fir.FirTargetElement                                       : loaded 2 times (x 72B)
Class [Lorg.jetbrains.kotlin.fir.resolve.providers.FirSymbolProvider;                 : loaded 2 times (x 71B)
Class org.jetbrains.kotlin.fir.types.FirFunctionTypeKindServiceImpl$extractor$1$kinds$1$registrar$1: loaded 2 times (x 77B)
Class org.jetbrains.kotlin.fir.scopes.impl.FirStandardOverrideChecker                 : loaded 2 times (x 83B)
Class org.jetbrains.kotlin.fir.symbols.impl.FirFunctionSymbol                         : loaded 2 times (x 79B)
Class org.jetbrains.kotlin.fir.resolve.inference.InferenceComponents                  : loaded 2 times (x 74B)
Class org.jetbrains.kotlin.types.model.TypeArgumentMarker                             : loaded 2 times (x 72B)
Class org.jetbrains.kotlin.container.PlatformSpecificExtension                        : loaded 2 times (x 72B)
Class org.jetbrains.kotlin.serialization.deserialization.LocalClassifierTypeSettings$Default: loaded 2 times (x 76B)
Class org.jetbrains.kotlin.library.impl.KotlinLibraryLayoutImpl$extractingToTemp$2    : loaded 2 times (x 81B)
Class org.jetbrains.kotlin.psi.KtExpressionWithLabel                                  : loaded 2 times (x 439B)
Class [Lorg.jetbrains.kotlin.psi.KtDeclarationStub;                                   : loaded 2 times (x 71B)
Class [Lorg.jetbrains.kotlin.psi.KtElement;                                           : loaded 2 times (x 71B)
Class kotlin.script.templates.standard.ScriptTemplateWithArgs                         : loaded 2 times (x 74B)
Class [Lorg.jetbrains.kotlin.com.intellij.navigation.NavigationItem;                  : loaded 2 times (x 71B)
Class org.jetbrains.kotlin.load.java.structure.JavaTypeParameterListOwner             : loaded 2 times (x 72B)
Class org.jetbrains.kotlin.fir.extensions.FirFunctionTypeKindExtension                : loaded 2 times (x 78B)
Class [Lorg.jetbrains.kotlin.metadata.ProtoBuf$Modality;                              : loaded 2 times (x 71B)
Class org.jetbrains.kotlin.extensions.internal.CallResolutionInterceptorExtension     : loaded 2 times (x 72B)
Class org.jetbrains.kotlin.resolve.jvm.extensions.SyntheticJavaResolveExtension       : loaded 2 times (x 72B)
Class org.jetbrains.kotlin.com.intellij.util.containers.WeakInterner                  : loaded 2 times (x 77B)
Class org.jetbrains.kotlin.com.intellij.util.containers.Interner                      : loaded 2 times (x 76B)
Class org.jetbrains.kotlin.com.intellij.openapi.util.RecursionGuard                   : loaded 2 times (x 77B)
Class org.jetbrains.kotlin.com.intellij.psi.impl.PsiElementFactoryImpl$1              : loaded 2 times (x 80B)
Class org.jetbrains.kotlin.com.intellij.psi.PsiDirectory                              : loaded 2 times (x 72B)
Class org.jetbrains.kotlin.com.intellij.codeInsight.JavaContainerProvider             : loaded 2 times (x 73B)
Class org.jetbrains.kotlin.com.intellij.psi.PsiKeyword                                : loaded 2 times (x 72B)
Class org.jetbrains.kotlin.com.intellij.psi.impl.source.resolve.reference.ReferenceProvidersRegistry$1: loaded 2 times (x 76B)
Class org.jetbrains.kotlin.com.intellij.openapi.vfs.newvfs.CachingVirtualFileSystem   : loaded 2 times (x 72B)
Class org.jetbrains.kotlin.com.intellij.core.CoreApplicationEnvironment               : loaded 2 times (x 95B)
Class kotlin.SafePublicationLazyImpl$Companion                                        : loaded 2 times (x 73B)
Class kotlin.jvm.internal.PropertyReference1Impl                                      : loaded 2 times (x 129B)
Class org.jetbrains.kotlin.utils.DFS$Neighbors                                        : loaded 2 times (x 72B)
Class org.jetbrains.kotlin.com.google.common.collect.AbstractMapEntry                 : loaded 2 times (x 83B)
Class kotlin.jvm.internal.MutablePropertyReference1                                   : loaded 2 times (x 139B)
Class com.google.common.collect.ImmutableEnumSet                                      : loaded 2 times (x 148B)
Class com.google.common.util.concurrent.ExecutionError                                : loaded 2 times (x 84B)
Class com.google.common.collect.ImmutableList$1                                       : loaded 2 times (x 99B)
Class [Lorg.jetbrains.kotlin.descriptors.annotations.KotlinTarget;                    : loaded 2 times (x 71B)
Class org.jetbrains.kotlin.diagnostics.PositioningStrategies$QUESTION_MARK_BY_TYPE$1  : loaded 2 times (x 76B)
Class org.jetbrains.kotlin.types.AbstractTypeApproximator$WhenMappings                : loaded 2 times (x 73B)
Class org.jetbrains.kotlin.fir.resolve.calls.tower.FirTowerResolveTask$runResolverForQualifierReceiver$1: loaded 2 times (x 89B)
Class org.jetbrains.kotlin.fir.resolve.dfa.cfg.FunctionCallArgumentsEnterNode         : loaded 2 times (x 83B)
Class org.jetbrains.kotlin.resolve.calls.components.PostponedArgumentsAnalyzerContext : loaded 2 times (x 72B)
Class org.jetbrains.kotlin.fir.resolve.substitution.ConeSubstitutorByMap              : loaded 2 times (x 78B)
Class org.jetbrains.kotlin.metadata.ProtoBuf$Effect$InvocationKind$1                  : loaded 2 times (x 76B)
Class org.jetbrains.kotlin.fir.deserialization.AbstractFirDeserializedSymbolProvider$ClassMetadataFindResult: loaded 2 times (x 73B)
Class org.jetbrains.kotlin.protobuf.GeneratedMessageLite$1                            : loaded 2 times (x 73B)
Class org.jetbrains.kotlin.fir.FirImportTrackerComponent                              : loaded 2 times (x 74B)
Class org.jetbrains.kotlin.fir.resolve.transformers.body.resolve.BodyResolveContext   : loaded 2 times (x 74B)
Class org.jetbrains.kotlin.fir.resolve.transformers.FirStatusResolver$Companion       : loaded 2 times (x 73B)
Class org.jetbrains.kotlin.fir.expressions.FirVariableAssignment                      : loaded 2 times (x 120B)
Class org.jetbrains.kotlin.util.LightTreeUtilsKt                                      : loaded 2 times (x 73B)
Class org.jetbrains.kotlin.fir.expressions.impl.FirBlockImpl                          : loaded 2 times (x 122B)
Class org.jetbrains.kotlin.fir.expressions.impl.FirAnnotationCallImpl                 : loaded 2 times (x 166B)
Class org.jetbrains.kotlin.fir.analysis.checkers.declaration.FirMissingDependencyClassForParameterChecker: loaded 2 times (x 86B)
Class org.jetbrains.kotlin.fir.analysis.checkers.declaration.FirClassVarianceChecker  : loaded 2 times (x 78B)
Class org.jetbrains.kotlin.fir.analysis.checkers.declaration.FirDestructuringDeclarationChecker: loaded 2 times (x 78B)
Class org.jetbrains.kotlin.fir.extensions.FirScriptResolutionConfigurationExtension$Companion: loaded 2 times (x 73B)
Class org.jetbrains.kotlin.fir.java.FirCliSession                                     : loaded 2 times (x 85B)
Class org.jetbrains.kotlin.load.java.FieldOverridabilityCondition                     : loaded 2 times (x 77B)
Class org.jetbrains.kotlin.config.LanguageVersionSettingsKt                           : loaded 2 times (x 73B)
Class org.jetbrains.kotlin.konan.target.KonanTarget$ANDROID_ARM64                     : loaded 2 times (x 80B)
Class org.jetbrains.kotlin.metadata.ProtoBuf$FunctionOrBuilder                        : loaded 2 times (x 72B)
Class org.jetbrains.kotlin.protobuf.GeneratedMessageLite$ExtendableMessageOrBuilder   : loaded 2 times (x 72B)
Class org.jetbrains.kotlin.library.KotlinLibraryProperResolverWithAttributes          : loaded 2 times (x 99B)
Class org.jetbrains.kotlin.com.intellij.openapi.util.UnprotectedUserDataHolder        : loaded 2 times (x 86B)
Class org.jetbrains.kotlin.psi.KtTryExpression                                        : loaded 2 times (x 443B)
Class org.jetbrains.kotlin.storage.MemoizedFunctionToNotNull                          : loaded 2 times (x 72B)
Class [Lorg.jetbrains.kotlin.psi.KtTypeProjection;                                    : loaded 2 times (x 71B)
Class org.jetbrains.kotlin.psi.KtObjectDeclaration                                    : loaded 2 times (x 1101B)
Class org.jetbrains.kotlin.com.intellij.extapi.psi.StubBasedPsiElementBase$1          : loaded 2 times (x 79B)
Class org.jetbrains.kotlin.com.intellij.psi.AbstractFileViewProvider$VirtualFileContent: loaded 2 times (x 82B)
Class org.jetbrains.kotlin.resolve.jvm.KotlinJavaPsiFacade                            : loaded 2 times (x 87B)
Class org.jetbrains.kotlin.resolve.extensions.SyntheticResolveExtension               : loaded 2 times (x 72B)
Class org.jetbrains.kotlin.com.intellij.util.containers.LinkedCustomHashMap$Entry     : loaded 2 times (x 81B)
Class org.jetbrains.kotlin.psi.stubs.KotlinFileStub                                   : loaded 2 times (x 72B)
Class [Lorg.jetbrains.kotlin.com.intellij.ide.plugins.MyXmlInterner;                  : loaded 2 times (x 71B)
Class kotlin.ranges.IntProgression$Companion                                          : loaded 2 times (x 73B)
Class org.jetbrains.kotlin.com.intellij.util.cls.ClsFormatException                   : loaded 2 times (x 84B)
Class org.jetbrains.kotlin.com.intellij.psi.ClassFileViewProviderFactory              : loaded 2 times (x 77B)
Class org.jetbrains.kotlin.kotlinx.collections.immutable.implementations.immutableSet.PersistentHashSet$Companion: loaded 2 times (x 73B)
Class org.jetbrains.kotlin.cli.jvm.compiler.KotlinCoreApplicationEnvironmentMode$UnitTest: loaded 2 times (x 73B)
Class org.jetbrains.kotlin.cli.common.config.ContentRootsKt                           : loaded 2 times (x 73B)
Class org.jetbrains.kotlin.platform.wasm.WasmTarget                                   : loaded 2 times (x 81B)
Class org.jetbrains.kotlin.it.unimi.dsi.fastutil.Hash$Strategy                        : loaded 2 times (x 72B)
Class org.jetbrains.kotlin.com.google.common.collect.CollectPreconditions             : loaded 2 times (x 73B)
Class org.jetbrains.kotlin.com.google.common.collect.Multiset                         : loaded 2 times (x 72B)
Class org.jetbrains.kotlin.com.google.common.collect.AbstractMultimap                 : loaded 2 times (x 125B)
Class org.jetbrains.kotlin.it.unimi.dsi.fastutil.objects.ObjectSet                    : loaded 2 times (x 72B)
Class kotlin.reflect.jvm.internal.ReflectProperties$Val                               : loaded 2 times (x 76B)
Class kotlin.jvm.internal.MutablePropertyReference2                                   : loaded 2 times (x 139B)
Class org.jetbrains.kotlin.cli.common.arguments.ArgumentField                         : loaded 2 times (x 74B)
Class kotlin.collections.builders.MapBuilder                                          : loaded 2 times (x 114B)
Class com.google.common.collect.RegularImmutableMap                                   : loaded 2 times (x 122B)
Class com.google.common.collect.ImmutableMap$MapViewOfValuesAsSingletonSets           : loaded 2 times (x 127B)
Class org.jetbrains.kotlin.com.intellij.openapi.vfs.impl.ZipHandler$1                 : loaded 2 times (x 88B)
Class org.jetbrains.kotlin.diagnostics.LightTreePositioningStrategies$NOT_SUPPORTED_IN_INLINE_MOST_RELEVANT$1: loaded 2 times (x 76B)
Class org.jetbrains.kotlin.diagnostics.LightTreePositioningStrategies$WHOLE_ELEMENT$1 : loaded 2 times (x 76B)
Class org.jetbrains.kotlin.fir.resolve.calls.ConeResolvedCallableReferenceAtom        : loaded 2 times (x 95B)
Class org.jetbrains.kotlin.fir.resolve.dfa.FirLocalVariableAssignmentAnalyzer$Companion$VariableAssignments: loaded 2 times (x 74B)
Class org.jetbrains.kotlin.types.model.MarkerExtensionsKt                             : loaded 2 times (x 73B)
Class org.jetbrains.kotlin.fir.resolve.substitution.AbstractConeSubstitutor           : loaded 2 times (x 78B)
Class org.jetbrains.kotlin.fir.resolve.transformers.body.resolve.FirArrayOfCallTransformer: loaded 2 times (x 381B)
Class org.jetbrains.kotlin.fir.resolve.BodyResolveComponents                          : loaded 2 times (x 99B)
Class org.jetbrains.kotlin.fir.resolve.transformers.ReturnTypeCalculator              : loaded 2 times (x 75B)
Class org.jetbrains.kotlin.types.ConstantValueKind$Double                             : loaded 2 times (x 74B)
Class org.jetbrains.kotlin.fir.resolve.providers.impl.FirProviderImplKt$sam$java_util_function_BiFunction$0: loaded 2 times (x 79B)
Class org.jetbrains.kotlin.fir.analysis.checkers.expression.FirNotNullAssertionChecker: loaded 2 times (x 78B)
Class org.jetbrains.kotlin.fir.analysis.checkers.expression.FirMissingDependencySupertypeInQualifiedAccessExpressionsChecker: loaded 2 times (x 78B)
Class org.jetbrains.kotlin.fir.references.FirReference                                : loaded 2 times (x 89B)
Class org.jetbrains.kotlin.fir.analysis.checkers.declaration.FirInapplicableLateinitChecker: loaded 2 times (x 78B)
Class org.jetbrains.kotlin.fir.analysis.checkers.declaration.FirReservedUnderscoreDeclarationChecker: loaded 2 times (x 78B)
Class org.jetbrains.kotlin.fir.analysis.checkers.declaration.FirTypeConstraintsChecker: loaded 2 times (x 78B)
Class org.jetbrains.kotlin.fir.analysis.checkers.MppCheckerKind                       : loaded 2 times (x 81B)
Class kotlin.collections.builders.ListBuilder$Itr                                     : loaded 2 times (x 96B)
Class [Lorg.jetbrains.kotlin.types.model.TypeArgumentListMarker;                      : loaded 2 times (x 71B)
Class org.jetbrains.kotlin.fir.MutableOrEmptyList                                     : loaded 2 times (x 175B)
Class org.jetbrains.kotlin.fir.scopes.impl.FirSubstitutionOverrideStorage             : loaded 2 times (x 74B)
Class org.jetbrains.kotlin.konan.target.KonanTarget$WATCHOS_ARM32                     : loaded 2 times (x 80B)
Class org.jetbrains.kotlin.protobuf.UnmodifiableLazyStringList                        : loaded 2 times (x 279B)
Class org.jetbrains.kotlin.metadata.ProtoBuf$StringTable                              : loaded 2 times (x 110B)
Class org.jetbrains.kotlin.protobuf.ByteString$Output                                 : loaded 2 times (x 88B)
Class org.jetbrains.kotlin.library.impl.BaseKotlinLibraryImpl$manifestProperties$2$1  : loaded 2 times (x 80B)
Class org.jetbrains.kotlin.library.UnresolvedLibrary$Companion                        : loaded 2 times (x 73B)
Class org.jetbrains.kotlin.com.google.common.collect.RegularImmutableMap              : loaded 2 times (x 122B)
Class org.jetbrains.kotlin.com.intellij.psi.LiteralTextEscaper                        : loaded 2 times (x 78B)
Class [Lorg.jetbrains.kotlin.psi.KtCallElement;                                       : loaded 2 times (x 71B)
Class [Lorg.jetbrains.kotlin.psi.KtValVarKeywordOwner;                                : loaded 2 times (x 71B)
Class [Lorg.jetbrains.kotlin.psi.KtDeclarationWithBody;                               : loaded 2 times (x 71B)
Class kotlin.script.experimental.dependencies.DependenciesResolver                    : loaded 2 times (x 72B)
Class org.jetbrains.kotlin.extensions.internal.CandidateInterceptor                   : loaded 2 times (x 74B)
Class org.jetbrains.kotlin.com.intellij.psi.PsiReferenceExpression                    : loaded 2 times (x 72B)
Class org.jetbrains.kotlin.com.intellij.openapi.vfs.VirtualFileSetFactoryKt           : loaded 2 times (x 73B)
Class kotlinx.coroutines.ChildHandle                                                  : loaded 2 times (x 72B)
Class org.jetbrains.kotlin.com.intellij.codeInsight.folding.impl.JavaFoldingBuilderBase: loaded 2 times (x 77B)
Class kotlin.sequences.TransformingSequence                                           : loaded 2 times (x 77B)
Class org.jetbrains.kotlin.com.intellij.ide.highlighter.JavaClassFileType             : loaded 2 times (x 82B)
Class org.jetbrains.kotlin.com.intellij.openapi.vfs.impl.ZipHandlerBase               : loaded 2 times (x 85B)
Class kotlinx.coroutines.CoroutineScope                                               : loaded 2 times (x 72B)
Class org.jetbrains.kotlin.it.unimi.dsi.fastutil.objects.AbstractReference2ObjectFunction: loaded 2 times (x 100B)
Class org.jetbrains.kotlin.it.unimi.dsi.fastutil.Hash                                 : loaded 2 times (x 72B)
Class org.jetbrains.kotlin.com.intellij.core.CoreJavaFileManager                      : loaded 2 times (x 88B)
Class jdk.internal.jimage.decompressor.StringSharingDecompressorFactory               : loaded 2 times (x 76B)
Class [Lorg.objectweb.asm.Symbol;                                                     : loaded 2 times (x 71B)
Class org.objectweb.asm.ClassVisitor                                                  : loaded 2 times (x 90B)
Class com.google.common.collect.UnmodifiableListIterator                              : loaded 2 times (x 97B)
Class org.jetbrains.kotlin.fir.declarations.utils.FirScriptCustomizationKind          : loaded 2 times (x 81B)
Class org.jetbrains.kotlin.fir.resolve.dfa.cfg.FileEnterNode                          : loaded 2 times (x 86B)
Class org.jetbrains.kotlin.fir.scopes.FirTypeScopeKt                                  : loaded 2 times (x 73B)
Class org.jetbrains.kotlin.fir.resolve.dfa.cfg.ControlFlowGraphKt                     : loaded 2 times (x 73B)
Class org.jetbrains.kotlin.fir.resolve.calls.tower.FirInvokeResolveTowerExtension$enqueueInvokeReceiverTask$invokeReceiverProcessor$1: loaded 2 times (x 77B)
Class org.jetbrains.kotlin.fir.resolve.calls.tower.TowerLevelHandler                  : loaded 2 times (x 74B)
Class org.jetbrains.kotlin.fir.resolve.calls.stages.CheckLambdaAgainstTypeVariableContradiction: loaded 2 times (x 74B)
Class org.jetbrains.kotlin.fir.resolve.transformers.contracts.FirAbstractContractResolveTransformerDispatcher$FirDeclarationsContractResolveTransformer: loaded 2 times (x 417B)
Class org.jetbrains.kotlin.metadata.ProtoBuf$Effect$EffectType                        : loaded 2 times (x 84B)
Class org.jetbrains.kotlin.KtFakeSourceElementKind$DesugaredPlusAssign                : loaded 2 times (x 74B)
Class [Lorg.jetbrains.kotlin.fir.types.ConeLookupTagBasedType;                        : loaded 2 times (x 71B)
Class org.jetbrains.kotlin.fir.resolve.providers.impl.FirProviderImpl$FirRecorderData : loaded 2 times (x 74B)
Class org.jetbrains.kotlin.fir.expressions.builder.FirArgumentListBuilder             : loaded 2 times (x 74B)
Class org.jetbrains.kotlin.fir.analysis.checkers.config.FirLanguageVersionSettingsChecker: loaded 2 times (x 74B)
Class org.jetbrains.kotlin.fir.resolve.providers.FirSymbolProviderKt                  : loaded 2 times (x 73B)
Class org.jetbrains.kotlin.fir.analysis.checkers.expression.FirSingleNamedFunctionChecker: loaded 2 times (x 78B)
Class org.jetbrains.kotlin.fir.expressions.FirResolvable                              : loaded 2 times (x 72B)
Class org.jetbrains.kotlin.fir.analysis.checkers.CommonDeclarationCheckers            : loaded 2 times (x 96B)
Class org.jetbrains.kotlin.fir.extensions.BunchOfRegisteredExtensions                 : loaded 2 times (x 74B)
Class org.jetbrains.kotlin.fir.scopes.FirPlatformClassMapper$Default                  : loaded 2 times (x 77B)
Class org.jetbrains.kotlin.fir.symbols.FirBasedSymbol                                 : loaded 2 times (x 74B)
Class org.jetbrains.kotlin.fir.expressions.FirStatement                               : loaded 2 times (x 72B)
Class org.jetbrains.kotlin.types.model.TypeConstructorMarker                          : loaded 2 times (x 72B)
Class org.jetbrains.kotlin.serialization.deserialization.LocalClassifierTypeSettings  : loaded 2 times (x 72B)
Class org.jetbrains.kotlin.com.intellij.lang.WhitespacesBinders$1                     : loaded 2 times (x 77B)
Class org.jetbrains.kotlin.parsing.KotlinParser                                       : loaded 2 times (x 77B)
Class org.jetbrains.kotlin.com.intellij.lang.impl.PsiBuilderImpl$ErrorItem            : loaded 2 times (x 101B)
Class org.jetbrains.kotlin.psi.KtWhenEntryGuard                                       : loaded 2 times (x 378B)
Class org.jetbrains.kotlin.load.kotlin.VirtualFileFinderFactory                       : loaded 2 times (x 72B)
Class [Lorg.jetbrains.kotlin.psi.KtScript;                                            : loaded 2 times (x 71B)
Class [Lorg.jetbrains.kotlin.psi.KtBackingField;                                      : loaded 2 times (x 71B)
Class org.jetbrains.kotlin.psi.stubs.elements.KtPropertyElementType                   : loaded 2 times (x 106B)
Class [Lorg.jetbrains.kotlin.com.intellij.pom.Navigatable;                            : loaded 2 times (x 71B)
Class org.jetbrains.kotlin.fir.extensions.FirSupertypeGenerationExtension             : loaded 2 times (x 80B)
Class org.jetbrains.kotlin.com.intellij.util.containers.ConcurrentSoftValueHashMap    : loaded 2 times (x 151B)
Class org.jetbrains.kotlin.com.intellij.openapi.wm.ex.ProgressIndicatorEx             : loaded 2 times (x 72B)
Class org.jetbrains.kotlin.com.intellij.mock.MockFileIndexFacade                      : loaded 2 times (x 87B)
Class kotlinx.coroutines.scheduling.CoroutineScheduler                                : loaded 2 times (x 83B)
Class kotlinx.coroutines.scheduling.SchedulerTimeSource                               : loaded 2 times (x 74B)
Class kotlinx.coroutines.EventLoopImplPlatform                                        : loaded 2 times (x 108B)
Class org.jetbrains.kotlin.com.intellij.util.containers.WeakList                      : loaded 2 times (x 124B)
Class org.jetbrains.kotlin.com.intellij.psi.PsiDocCommentOwner                        : loaded 2 times (x 72B)
Class org.jetbrains.kotlin.com.intellij.psi.impl.source.tree.CompositeElement         : loaded 2 times (x 224B)
Class org.jetbrains.kotlin.kotlinx.collections.immutable.implementations.immutableMap.TrieNode$ModificationResult: loaded 2 times (x 74B)
Class org.jetbrains.kotlin.com.intellij.diagnostic.LoadingState                       : loaded 2 times (x 81B)
Class org.jetbrains.kotlin.com.intellij.openapi.fileTypes.FileTypeRegistry            : loaded 2 times (x 82B)
Class kotlin.io.LinesSequence                                                         : loaded 2 times (x 77B)
Class org.jetbrains.kotlin.it.unimi.dsi.fastutil.objects.ReferenceCollection          : loaded 2 times (x 72B)
Class kotlin.reflect.jvm.internal.impl.name.FqName                                    : loaded 2 times (x 74B)
Class org.jetbrains.kotlin.com.google.common.collect.LinkedHashMultimapGwtSerializationDependencies: loaded 2 times (x 175B)
Class [Lkotlin.reflect.KClass;                                                        : loaded 2 times (x 71B)
Class org.jetbrains.kotlin.name.FqNameUnsafe$1                                        : loaded 2 times (x 76B)
Class org.jetbrains.kotlin.cli.common.arguments.K2JSCompilerArguments                 : loaded 2 times (x 82B)
Class org.objectweb.asm.MethodTooLargeException                                       : loaded 2 times (x 84B)
Class [Lcom.google.common.cache.CacheBuilder$OneWeigher;                              : loaded 2 times (x 71B)
Class com.google.common.base.Suppliers                                                : loaded 2 times (x 73B)
Class com.google.common.base.Platform$JdkPatternCompiler                              : loaded 2 times (x 77B)
Class org.gradle.internal.classloader.DefaultClassLoaderFactory                       : loaded 2 times (x 84B)
Class org.jetbrains.kotlin.diagnostics.PositioningStrategies$IMPORT_LAST_NAME$1       : loaded 2 times (x 76B)
Class org.jetbrains.kotlin.diagnostics.PositioningStrategies$SELECTOR_BY_QUALIFIED$1  : loaded 2 times (x 76B)
Class org.jetbrains.kotlin.diagnostics.PositioningStrategies$WHEN_CONDITION_IN_RANGE$1: loaded 2 times (x 76B)
Class org.jetbrains.kotlin.diagnostics.LightTreePositioningStrategies$SUPERTYPE_INITIALIZED_IN_EXPECTED_CLASS_DIAGNOSTIC$1: loaded 2 times (x 76B)
Class org.jetbrains.kotlin.diagnostics.LightTreePositioningStrategies$ELSE_ENTRY$1    : loaded 2 times (x 76B)
Class org.jetbrains.kotlin.kotlinx.collections.immutable.implementations.immutableMap.PersistentHashMapBaseIterator: loaded 2 times (x 84B)
Class org.jetbrains.kotlin.fir.resolve.dfa.SyntheticVariable                          : loaded 2 times (x 79B)
Class org.jetbrains.kotlin.fir.resolve.transformers.FirCallCompletionResultsWriterTransformerKt: loaded 2 times (x 73B)
Class org.jetbrains.kotlin.types.AbstractTypeRefiner$Default                          : loaded 2 times (x 74B)
Class org.jetbrains.kotlin.KtFakeSourceElementKind$ImplicitThisReceiverExpression     : loaded 2 times (x 74B)
Class org.jetbrains.kotlin.descriptors.EffectiveVisibility$Protected                  : loaded 2 times (x 77B)
Class org.jetbrains.kotlin.fir.deserialization.FirDeserializationExtension            : loaded 2 times (x 77B)
Class org.jetbrains.kotlin.fir.resolve.dfa.LogicSystem                                : loaded 2 times (x 76B)
Class org.jetbrains.kotlin.fir.resolve.FirRegularTowerDataContexts$Companion          : loaded 2 times (x 73B)
Class [Lorg.jetbrains.kotlin.fir.declarations.FirMemberDeclaration;                   : loaded 2 times (x 71B)
Class kotlin.text.MatcherMatchResult$groupValues$1                                    : loaded 2 times (x 200B)
Class kotlin.sequences.SequencesKt___SequencesKt$flatMap$1                            : loaded 2 times (x 127B)
Class org.jetbrains.kotlin.cli.common.SessionWithSources                              : loaded 2 times (x 74B)
Class org.jetbrains.kotlin.fir.extensions.FirExtensionDeclarationsSymbolProvider$Companion: loaded 2 times (x 73B)
Class org.jetbrains.kotlin.fir.analysis.checkers.expression.FirOptionalExpectationExpressionChecker: loaded 2 times (x 78B)
Class org.jetbrains.kotlin.fir.analysis.checkers.syntax.FirSyntaxChecker              : loaded 2 times (x 72B)
Class org.jetbrains.kotlin.fir.deserialization.FirDeserializationContext              : loaded 2 times (x 74B)
Class org.jetbrains.kotlin.fir.resolve.FirSamConversionTransformerExtension$Factory   : loaded 2 times (x 72B)
Class org.jetbrains.kotlin.util.OperatorNameConventions                               : loaded 2 times (x 73B)
Class org.jetbrains.kotlin.fir.types.impl.FirImplicitThrowableTypeRef                 : loaded 2 times (x 108B)
Class org.jetbrains.kotlin.types.checker.KotlinTypeRefiner$Default                    : loaded 2 times (x 81B)
Class org.jetbrains.kotlin.renderer.PropertyAccessorRenderingPolicy                   : loaded 2 times (x 81B)
Class org.jetbrains.kotlin.mpp.CallableSymbolMarker                                   : loaded 2 times (x 72B)
Class org.jetbrains.kotlin.renderer.DescriptorRenderer$Companion                      : loaded 2 times (x 73B)
Class org.jetbrains.kotlin.types.UnwrappedType                                        : loaded 2 times (x 88B)
Class org.jetbrains.kotlin.protobuf.LazyStringArrayList                               : loaded 2 times (x 282B)
Class org.jetbrains.kotlin.psi.KtVisitorVoid                                          : loaded 2 times (x 305B)
Class org.jetbrains.kotlin.com.intellij.lang.WhitespacesBinders$2                     : loaded 2 times (x 77B)
Class org.jetbrains.kotlin.it.unimi.dsi.fastutil.ints.IntBidirectionalIterator        : loaded 2 times (x 72B)
Class org.jetbrains.kotlin.it.unimi.dsi.fastutil.objects.ObjectBidirectionalIterator  : loaded 2 times (x 72B)
Class org.jetbrains.kotlin.it.unimi.dsi.fastutil.Stack                                : loaded 2 times (x 72B)
Class org.jetbrains.kotlin.com.intellij.psi.impl.DebugUtil                            : loaded 2 times (x 73B)
Class [Lorg.jetbrains.kotlin.it.unimi.dsi.fastutil.objects.Object2ObjectMap;          : loaded 2 times (x 71B)
Class org.jetbrains.kotlin.com.intellij.psi.PsiLock                                   : loaded 2 times (x 73B)
Class [Lorg.jetbrains.kotlin.com.intellij.psi.PsiQualifiedNamedElement;               : loaded 2 times (x 71B)
Class org.jetbrains.kotlin.config.JVMConfigurationKeys                                : loaded 2 times (x 73B)
Class org.jetbrains.kotlin.resolve.jvm.KotlinCliJavaFileManager                       : loaded 2 times (x 72B)
Class org.jetbrains.kotlin.com.intellij.psi.PsiTypes                                  : loaded 2 times (x 73B)
Class org.jetbrains.kotlin.com.fasterxml.aalto.in.ByteBasedPNameTable$Bucket          : loaded 2 times (x 74B)
Class org.jetbrains.kotlin.com.fasterxml.aalto.in.ElementScope                        : loaded 2 times (x 74B)
Class org.jetbrains.kotlin.com.fasterxml.aalto.WFCException                           : loaded 2 times (x 87B)
Class kotlinx.coroutines.CopyableThreadContextElement                                 : loaded 2 times (x 72B)
Class org.jetbrains.kotlin.com.intellij.psi.meta.MetaDataContributor                  : loaded 2 times (x 72B)
Class org.jetbrains.kotlin.com.intellij.psi.StubBuilder                               : loaded 2 times (x 72B)
Class [Lorg.jetbrains.kotlin.com.intellij.psi.tree.IElementType;                      : loaded 2 times (x 71B)
Class [Lorg.jetbrains.kotlin.com.intellij.openapi.progress.impl.CoreProgressManager$CheckCanceledBehavior;: loaded 2 times (x 71B)
Class org.jetbrains.kotlin.com.intellij.openapi.progress.Task$Modal                   : loaded 2 times (x 86B)
Class org.jetbrains.kotlin.com.intellij.openapi.vfs.VirtualFileCopyEvent              : loaded 2 times (x 79B)
Class [Lorg.jetbrains.kotlin.com.intellij.util.messages.Topic$BroadcastDirection;     : loaded 2 times (x 71B)
Class org.jetbrains.kotlin.com.intellij.util.containers.DisposableWrapperList         : loaded 2 times (x 201B)
Class org.jetbrains.kotlin.com.intellij.ide.plugins.PluginEnabler$Headless            : loaded 2 times (x 72B)
Class org.jetbrains.kotlin.cli.jvm.compiler.KotlinCoreEnvironment$Companion           : loaded 2 times (x 73B)
Class kotlin.sequences.SequencesKt___SequencesKt                                      : loaded 2 times (x 73B)
Class org.jetbrains.kotlin.load.java.structure.JavaAnnotationOwner                    : loaded 2 times (x 72B)
Class kotlin.collections.AbstractList$Companion                                       : loaded 2 times (x 73B)
Class com.google.common.base.CharMatcher$None                                         : loaded 2 times (x 114B)
Class org.jetbrains.kotlin.resolve.checkers.OptInNames                                : loaded 2 times (x 73B)
Class org.jetbrains.kotlin.diagnostics.PositioningStrategies$DECLARATION_START_TO_NAME$1: loaded 2 times (x 77B)
Class org.jetbrains.kotlin.fir.resolve.ResolutionMode$AssignmentLValue                : loaded 2 times (x 74B)
Class org.jetbrains.kotlin.descriptors.EffectiveVisibility$WhenMappings               : loaded 2 times (x 73B)
Class org.jetbrains.kotlin.metadata.ProtoBuf$Type$Argument$1                          : loaded 2 times (x 146B)
Class org.jetbrains.kotlin.fir.resolve.transformers.body.resolve.ReturnTypeCalculatorWithJump$CallableCopyTypeCalculatorWithJump: loaded 2 times (x 77B)
Class org.jetbrains.kotlin.fir.resolve.calls.overloads.ConeCallConflictResolver       : loaded 2 times (x 74B)
Class [Lorg.jetbrains.kotlin.resolve.calls.tower.CandidateApplicability;              : loaded 2 times (x 71B)
Class org.jetbrains.kotlin.fir.resolve.FirTowerDataMode                               : loaded 2 times (x 81B)
Class org.jetbrains.kotlin.fir.resolve.transformers.FirTotalResolveProcessorKt$WhenMappings: loaded 2 times (x 73B)
Class org.jetbrains.kotlin.com.google.common.collect.ImmutableSet$RegularSetBuilderImpl: loaded 2 times (x 78B)
Class org.jetbrains.kotlin.fir.expressions.builder.FirPropertyAccessExpressionBuilder : loaded 2 times (x 105B)
Class org.jetbrains.kotlin.fir.declarations.FirDeclarationOrigin$Source               : loaded 2 times (x 74B)
Class org.jetbrains.kotlin.fir.declarations.DeprecationsProvider                      : loaded 2 times (x 74B)
Class org.jetbrains.kotlin.fir.types.impl.FirImplicitTypeRefImplWithoutSource         : loaded 2 times (x 104B)
Class org.jetbrains.kotlin.fir.analysis.checkers.expression.FirAbstractSuperCallChecker: loaded 2 times (x 78B)
Class org.jetbrains.kotlin.fir.analysis.checkers.declaration.ContractSyntaxV2PropertyChecker: loaded 2 times (x 78B)
Class org.jetbrains.kotlin.name.JsStandardClassIdsKt                                  : loaded 2 times (x 73B)
Class org.jetbrains.kotlin.fir.analysis.checkers.FirPrimaryConstructorSuperTypeCheckerPlatformComponent: loaded 2 times (x 74B)
Class org.jetbrains.kotlin.resolve.calls.inference.components.PostponedArgumentInputTypesResolver: loaded 2 times (x 74B)
Class org.jetbrains.kotlin.fir.deserialization.LibraryPathFilter                      : loaded 2 times (x 74B)
Class org.jetbrains.kotlin.serialization.deserialization.AnnotationAndConstantLoader  : loaded 2 times (x 72B)
Class org.jetbrains.kotlin.types.KotlinType                                           : loaded 2 times (x 85B)
Class org.jetbrains.kotlin.descriptors.DeclarationDescriptorNonRoot                   : loaded 2 times (x 72B)
Class org.jetbrains.kotlin.util.WithLogger                                            : loaded 2 times (x 72B)
Class org.jetbrains.kotlin.parsing.TrailingCommentsBinder                             : loaded 2 times (x 76B)
Class org.jetbrains.kotlin.parsing.SemanticWhitespaceAwarePsiBuilder                  : loaded 2 times (x 72B)
Class org.jetbrains.kotlin.psi.KtScriptInitializer                                    : loaded 2 times (x 718B)
Class org.jetbrains.kotlin.cli.jvm.modules.CliJavaModuleResolver                      : loaded 2 times (x 80B)
Class kotlin.sequences.SequencesKt___SequencesKt$flatMap$2                            : loaded 2 times (x 127B)
Class [Lorg.jetbrains.kotlin.psi.ValueArgument;                                       : loaded 2 times (x 71B)
Class [Lorg.jetbrains.kotlin.psi.KtUserType;                                          : loaded 2 times (x 71B)
Class [Lorg.jetbrains.kotlin.psi.KtAnonymousInitializer;                              : loaded 2 times (x 71B)
Class org.jetbrains.kotlin.com.intellij.psi.impl.source.SubstrateRef$StubRef          : loaded 2 times (x 79B)
Class kotlin.io.FileTreeWalk$FileTreeWalkIterator                                     : loaded 2 times (x 85B)
Class org.jetbrains.kotlin.metadata.deserialization.Flags$EnumLiteFlagField           : loaded 2 times (x 78B)
Class org.jetbrains.kotlin.cli.common.extensions.ShellExtension                       : loaded 2 times (x 72B)
Class org.jetbrains.kotlin.asJava.finder.JavaElementFinder                            : loaded 2 times (x 86B)
Class org.jetbrains.kotlin.load.java.structure.impl.classFiles.BinaryClassSignatureParser$ClsFormatException: loaded 2 times (x 84B)
Class org.jetbrains.kotlin.com.intellij.psi.codeStyle.SuggestedNameInfo               : loaded 2 times (x 75B)
Class org.jetbrains.kotlin.com.intellij.psi.PsiInvalidElementAccessException          : loaded 2 times (x 87B)
Class org.jetbrains.kotlin.cli.jvm.compiler.KotlinCoreProjectEnvironment              : loaded 2 times (x 91B)
Class org.jetbrains.kotlin.com.intellij.openapi.fileTypes.PlainTextFileType           : loaded 2 times (x 92B)
Class org.jetbrains.kotlin.kotlinx.collections.immutable.implementations.immutableMap.PersistentHashMap: loaded 2 times (x 158B)
Class org.jetbrains.kotlin.com.intellij.openapi.vfs.VirtualFileListener               : loaded 2 times (x 72B)
Class org.jetbrains.kotlin.utils.PathUtil                                             : loaded 2 times (x 73B)
Class [Lcom.google.common.collect.ImmutableMapEntry;                                  : loaded 2 times (x 71B)
Class [Lorg.jetbrains.kotlin.fir.declarations.FirDeprecationInfo;                     : loaded 2 times (x 71B)
Class org.jetbrains.kotlin.diagnostics.PositioningStrategies$RETURN_WITH_LABEL$1      : loaded 2 times (x 76B)
Class org.jetbrains.kotlin.fir.resolve.calls.tower.FirInvokeResolveTowerExtension$enqueueResolveForExplicitReceiver$$inlined$enqueueInvokeReceiverTask$2: loaded 2 times (x 97B)
Class org.jetbrains.kotlin.types.TypeApproximatorConfiguration$AbstractCapturedTypesAndILTApproximation: loaded 2 times (x 90B)
Class org.jetbrains.kotlin.resolve.calls.inference.model.ConstraintSystemError        : loaded 2 times (x 74B)
Class org.jetbrains.kotlin.fir.resolve.calls.tower.InvokeReceiverResolveTask          : loaded 2 times (x 76B)
Class org.jetbrains.kotlin.fir.resolve.transformers.FirCallCompletionResultsWriterTransformer$transformArgumentList$ArgumentTransformer: loaded 2 times (x 382B)
Class org.jetbrains.kotlin.fir.expressions.FirEnumEntryDeserializedAccessExpression   : loaded 2 times (x 120B)
Class org.jetbrains.kotlin.fir.expressions.impl.FirAnnotationArgumentMappingImpl      : loaded 2 times (x 91B)
Class org.jetbrains.kotlin.fir.resolve.DeclarationUtilsKt                             : loaded 2 times (x 73B)
Class org.jetbrains.kotlin.fir.scopes.DefaultSimpleImportKey                          : loaded 2 times (x 74B)
Class org.jetbrains.kotlin.utils.WrappedValues$1                                      : loaded 2 times (x 73B)
Class org.jetbrains.kotlin.fir.resolve.dfa.FirDataFlowAnalyzer$Companion$createFirDataFlowAnalyzer$1: loaded 2 times (x 78B)
Class org.jetbrains.kotlin.com.google.common.collect.SingletonImmutableBiMap          : loaded 2 times (x 145B)
Class org.jetbrains.kotlin.fir.analysis.checkers.declaration.FirTypeParameterBoundsChecker$Regular: loaded 2 times (x 78B)
Class org.jetbrains.kotlin.fir.declarations.FirAnonymousObject                        : loaded 2 times (x 170B)
Class org.jetbrains.kotlin.fir.analysis.checkers.syntax.FirDeclarationSyntaxChecker   : loaded 2 times (x 90B)
Class org.jetbrains.kotlin.fir.FirExpectActualMatchingContextFactory                  : loaded 2 times (x 72B)
Class org.jetbrains.kotlin.fir.FirModuleDataKt                                        : loaded 2 times (x 73B)
Class org.jetbrains.kotlin.fir.analysis.checkers.type.TypeCheckers$Companion          : loaded 2 times (x 73B)
Class org.jetbrains.kotlin.fir.scopes.FirPlatformClassMapper                          : loaded 2 times (x 77B)
Class org.jetbrains.kotlin.resolve.calls.inference.components.ConstraintSystemUtilContext: loaded 2 times (x 72B)
Class org.jetbrains.kotlin.types.AbstractTypeApproximator$Companion                   : loaded 2 times (x 73B)
Class org.jetbrains.kotlin.fir.types.ConeInferenceContext                             : loaded 2 times (x 72B)
Class org.jetbrains.kotlin.resolve.scopes.MemberScopeImpl                             : loaded 2 times (x 101B)
Class org.jetbrains.kotlin.konan.target.KonanTarget$ANDROID_ARM32                     : loaded 2 times (x 80B)
Class org.jetbrains.kotlin.metadata.ProtoBuf$EnumEntry                                : loaded 2 times (x 119B)
Class org.jetbrains.kotlin.psi.KtExpressionImpl$Companion                             : loaded 2 times (x 73B)
Class org.jetbrains.kotlin.BlockExpressionElementType                                 : loaded 2 times (x 100B)
Class [Lorg.jetbrains.kotlin.it.unimi.dsi.fastutil.Hash;                              : loaded 2 times (x 71B)
Class [Lorg.jetbrains.kotlin.psi.KtValueArgument;                                     : loaded 2 times (x 71B)
Class [Lorg.jetbrains.kotlin.psi.KtTypeElement;                                       : loaded 2 times (x 71B)
Class [Lorg.jetbrains.kotlin.psi.KtImportDirective;                                   : loaded 2 times (x 71B)
Class org.jetbrains.kotlin.psi.KtPureElement                                          : loaded 2 times (x 72B)
Class org.jetbrains.kotlin.cli.jvm.config.JvmContentRoot                              : loaded 2 times (x 72B)
Class org.jetbrains.kotlin.cli.jvm.config.JvmContentRootsKt                           : loaded 2 times (x 73B)
Class org.jetbrains.kotlin.fir.FirSessionComponent                                    : loaded 2 times (x 72B)
Class org.jetbrains.kotlin.backend.jvm.extensions.ClassGeneratorExtension             : loaded 2 times (x 72B)
Class org.jetbrains.kotlin.com.intellij.psi.impl.file.PsiDirectoryFactoryImpl         : loaded 2 times (x 79B)
Class org.jetbrains.kotlin.com.intellij.psi.impl.source.resolve.ResolveCache$AbstractResolver: loaded 2 times (x 72B)
Class org.jetbrains.kotlin.com.fasterxml.aalto.in.StreamScanner                       : loaded 2 times (x 136B)
Class org.jetbrains.kotlin.com.fasterxml.aalto.impl.CommonConfig                      : loaded 2 times (x 75B)
Class kotlinx.coroutines.DebugKt                                                      : loaded 2 times (x 73B)
Class kotlin.coroutines.ContinuationInterceptor                                       : loaded 2 times (x 72B)
Class org.jetbrains.kotlin.com.intellij.psi.stubs.PsiFileStub                         : loaded 2 times (x 72B)
Class org.jetbrains.kotlin.com.intellij.lang.ASTFactory$DefaultFactoryHolder          : loaded 2 times (x 73B)
Class org.jetbrains.kotlin.com.intellij.psi.impl.source.DummyHolderElement            : loaded 2 times (x 265B)
Class org.jetbrains.kotlin.com.intellij.openapi.vfs.impl.BulkVirtualFileListenerAdapter: loaded 2 times (x 80B)
Class org.jetbrains.kotlin.config.AnalysisFlag$Delegates$ListOfStrings                : loaded 2 times (x 73B)
Class [Lorg.jetbrains.kotlin.config.LanguageOrApiVersion;                             : loaded 2 times (x 71B)
Class org.jetbrains.kotlin.com.google.common.collect.LinkedHashMultimap               : loaded 2 times (x 176B)
Class org.jetbrains.kotlin.com.intellij.util.containers.ConcurrentList                : loaded 2 times (x 72B)
Class kotlin.text.StringsKt__AppendableKt                                             : loaded 2 times (x 73B)
Class com.google.common.collect.ImmutableRangeSet                                     : loaded 2 times (x 117B)
Class com.google.common.collect.ImmutableEnumMap                                      : loaded 2 times (x 127B)
Class com.google.common.collect.ListMultimap                                          : loaded 2 times (x 72B)
Class org.jetbrains.kotlin.fir.declarations.FirDanglingModifierList                   : loaded 2 times (x 119B)
Class org.jetbrains.kotlin.diagnostics.PositioningStrategies$PARAMETERS_WITH_DEFAULT_VALUE$1: loaded 2 times (x 76B)
Class org.jetbrains.kotlin.diagnostics.PositioningStrategies$InlineFunPositioningStrategy: loaded 2 times (x 78B)
Class org.jetbrains.kotlin.diagnostics.LightTreePositioningStrategies$LAST_CHILD$1    : loaded 2 times (x 76B)
Class org.jetbrains.kotlin.KtFakeSourceElementKind$DesugaredPostfixInc                : loaded 2 times (x 74B)
Class org.jetbrains.kotlin.fir.scopes.impl.FirClassSubstitutionScope                  : loaded 2 times (x 84B)
Class org.jetbrains.kotlin.fir.expressions.FirExpressionEvaluator                     : loaded 2 times (x 73B)
Class org.jetbrains.kotlin.types.model.TypeSystemContextKt$WhenMappings               : loaded 2 times (x 73B)
Class org.jetbrains.kotlin.fir.expressions.FirDesugaredAssignmentValueReferenceExpression: loaded 2 times (x 119B)
Class org.jetbrains.kotlin.fir.resolve.dfa.RealVariable                               : loaded 2 times (x 79B)
Class org.jetbrains.kotlin.resolve.calls.inference.NewConstraintSystem                : loaded 2 times (x 72B)
Class org.jetbrains.kotlin.fir.types.CompilerConeAttributes$NoInfer                   : loaded 2 times (x 81B)
Class org.jetbrains.kotlin.fir.resolve.FirDoubleColonExpressionResolver               : loaded 2 times (x 74B)
Class org.jetbrains.kotlin.fir.symbols.ConeTypeParameterLookupTag                     : loaded 2 times (x 76B)
Class org.jetbrains.kotlin.types.ConstantValueKind$Float                              : loaded 2 times (x 74B)
Class org.jetbrains.kotlin.fir.analysis.checkers.type.FirSuspendModifierChecker       : loaded 2 times (x 78B)
Class org.jetbrains.kotlin.fir.analysis.checkers.expression.FirAbstractClassInstantiationChecker: loaded 2 times (x 78B)
Class org.jetbrains.kotlin.fir.analysis.checkers.declaration.FirValueClassDeclarationChecker$Companion: loaded 2 times (x 73B)
Class org.jetbrains.kotlin.fir.extensions.BunchOfRegisteredExtensions$Companion       : loaded 2 times (x 73B)
Class org.jetbrains.kotlin.name.StandardClassIds$Annotations                          : loaded 2 times (x 73B)
Class org.jetbrains.kotlin.fir.FirAnnotationContainer                                 : loaded 2 times (x 72B)
Class org.jetbrains.kotlin.types.AbstractTypeRefiner                                  : loaded 2 times (x 74B)
Class org.jetbrains.kotlin.resolve.constants.LongValue                                : loaded 2 times (x 78B)
Class org.jetbrains.kotlin.resolve.constants.ByteValue                                : loaded 2 times (x 78B)
Class org.jetbrains.kotlin.mpp.ClassLikeSymbolMarker                                  : loaded 2 times (x 72B)
Class org.jetbrains.kotlin.konan.target.KonanTarget                                   : loaded 2 times (x 80B)
Class org.jetbrains.kotlin.protobuf.CodedOutputStream$ByteBufferOutputStream          : loaded 2 times (x 88B)
Class org.jetbrains.kotlin.util.Logger$Companion                                      : loaded 2 times (x 73B)
Class org.jetbrains.kotlin.com.google.common.collect.ImmutableBiMap                   : loaded 2 times (x 145B)
Class org.jetbrains.kotlin.storage.CacheWithNullableValues                            : loaded 2 times (x 72B)
Class org.jetbrains.kotlin.psi.stubs.elements.KtEnumEntrySuperClassReferenceExpressionElementType: loaded 2 times (x 102B)
Class org.jetbrains.kotlin.psi.KtUserType                                             : loaded 2 times (x 514B)
Class org.jetbrains.kotlin.com.intellij.openapi.ui.Queryable                          : loaded 2 times (x 72B)
Class org.jetbrains.kotlin.it.unimi.dsi.fastutil.objects.AbstractObjectSet            : loaded 2 times (x 181B)
Class [Lorg.jetbrains.kotlin.com.intellij.lang.jvm.types.JvmPrimitiveTypeKind;        : loaded 2 times (x 71B)
Class org.jetbrains.kotlin.com.intellij.psi.impl.source.resolve.ResolveCache$1        : loaded 2 times (x 80B)
Class org.jetbrains.kotlin.com.intellij.core.CoreProjectEnvironment                   : loaded 2 times (x 84B)
Class org.jetbrains.kotlin.com.fasterxml.aalto.util.TextBuilder                       : loaded 2 times (x 74B)
Class kotlinx.coroutines.EventLoop_commonKt                                           : loaded 2 times (x 73B)
Class org.jetbrains.kotlin.com.intellij.psi.FileViewProvider                          : loaded 2 times (x 72B)
Class org.jetbrains.kotlin.com.intellij.psi.FileViewProviderFactory                   : loaded 2 times (x 72B)
Class org.jetbrains.kotlin.com.intellij.psi.tree.IElementType$Predicate               : loaded 2 times (x 72B)
Class org.jetbrains.kotlin.com.intellij.psi.NavigatablePsiElement                     : loaded 2 times (x 72B)
Class org.jetbrains.kotlin.com.intellij.psi.impl.source.resolve.reference.ReferenceProvidersRegistryImpl: loaded 2 times (x 77B)
Class [Lorg.jetbrains.kotlin.com.intellij.openapi.extensions.PluginId;                : loaded 2 times (x 71B)
Class org.jetbrains.kotlin.com.intellij.openapi.application.Application               : loaded 2 times (x 72B)
Class kotlin.reflect.KProperty$Accessor                                               : loaded 2 times (x 72B)
Class [Lkotlin.reflect.KCallable;                                                     : loaded 2 times (x 71B)
Class org.jetbrains.kotlin.com.google.common.base.Converter                           : loaded 2 times (x 92B)
Class org.jetbrains.kotlin.com.google.common.collect.Multimap                         : loaded 2 times (x 72B)
Class org.jetbrains.kotlin.it.unimi.dsi.fastutil.objects.ObjectCollection             : loaded 2 times (x 72B)
Class kotlin.jvm.internal.ArrayIteratorKt                                             : loaded 2 times (x 73B)
Class com.google.common.collect.ImmutableSet$SerializedForm                           : loaded 2 times (x 75B)
Class com.google.common.collect.Sets$1                                                : loaded 2 times (x 141B)
Class org.objectweb.asm.AnnotationVisitor                                             : loaded 2 times (x 80B)
Class com.google.common.base.Splitter                                                 : loaded 2 times (x 74B)
Class org.gradle.api.internal.DefaultClassPathProvider                                : loaded 2 times (x 78B)
Class org.jetbrains.kotlin.fir.expressions.FirTypeOperatorCall                        : loaded 2 times (x 141B)
Class org.jetbrains.kotlin.diagnostics.PositioningStrategies$VALUE_ARGUMENTS$1        : loaded 2 times (x 76B)
Class org.jetbrains.kotlin.diagnostics.LightTreePositioningStrategies$OPERATOR$1      : loaded 2 times (x 76B)
Class org.jetbrains.kotlin.fir.declarations.FirDeclarationOrigin$ImportedFromObjectOrStatic: loaded 2 times (x 74B)
Class org.jetbrains.kotlin.fir.types.ConeTypeVariableType                             : loaded 2 times (x 81B)
Class org.jetbrains.kotlin.fir.resolve.calls.ConstructorProcessingKt$getFirstClassifierOrNull$2: loaded 2 times (x 128B)
Class org.jetbrains.kotlin.fir.resolve.transformers.body.resolve.ImplicitBodyResolveComputationStatus$NotComputed: loaded 2 times (x 73B)
Class org.jetbrains.kotlin.fir.resolve.dfa.cfg.ControlFlowGraphNodeBuilderKt          : loaded 2 times (x 73B)
Class org.jetbrains.kotlin.fir.types.CompilerConeAttributes$RawType                   : loaded 2 times (x 81B)
Class org.jetbrains.kotlin.fir.resolve.transformers.PublishedApiEffectiveVisibilityKey: loaded 2 times (x 73B)
Class kotlin.text.MatchResult                                                         : loaded 2 times (x 72B)
Class org.jetbrains.kotlin.KtFakeSourceElementKind$WrappedDelegate                    : loaded 2 times (x 74B)
Class org.jetbrains.kotlin.parsing.KotlinWhitespaceAndCommentsBindersKt               : loaded 2 times (x 73B)
Class org.jetbrains.kotlin.fir.expressions.impl.FirGetClassCallImpl                   : loaded 2 times (x 137B)
Class org.jetbrains.kotlin.fir.analysis.checkers.expression.FirMultiDollarInterpolationCheckerLiteral: loaded 2 times (x 80B)
Class org.jetbrains.kotlin.fir.analysis.checkers.declaration.FirDynamicReceiverChecker: loaded 2 times (x 78B)
Class org.jetbrains.kotlin.fir.symbols.impl.FirRegularClassSymbol                     : loaded 2 times (x 82B)
Class org.jetbrains.kotlin.fir.resolve.providers.FirSymbolNamesProvider               : loaded 2 times (x 84B)
Class org.jetbrains.kotlin.diagnostics.DiagnosticMarker                               : loaded 2 times (x 72B)
Class org.jetbrains.kotlin.fir.extensions.FirPredicateBasedProviderImpl$Matcher       : loaded 2 times (x 83B)
Class org.jetbrains.kotlin.util.OneElementArrayMap                                    : loaded 2 times (x 86B)
Class org.jetbrains.kotlin.resolve.scopes.ResolutionScope                             : loaded 2 times (x 72B)
Class org.jetbrains.kotlin.protobuf.ExtensionRegistryLite                             : loaded 2 times (x 76B)
Class org.jetbrains.kotlin.library.impl.KotlinLibraryImpl                             : loaded 2 times (x 106B)
Class org.jetbrains.kotlin.library.impl.IrMonoliticLibraryImpl                        : loaded 2 times (x 106B)
Class org.jetbrains.kotlin.parsing.KotlinParsing$NameParsingMode                      : loaded 2 times (x 81B)
Class org.jetbrains.kotlin.psi.KtDoWhileExpression                                    : loaded 2 times (x 444B)
Class [Lorg.jetbrains.kotlin.psi.KtValueArgumentList;                                 : loaded 2 times (x 71B)
Class org.jetbrains.kotlin.psi.KtImportInfo$ImportContent$ExpressionBased             : loaded 2 times (x 74B)
Class org.jetbrains.kotlin.resolve.lazy.declarations.DeclarationProviderFactoryService: loaded 2 times (x 74B)
Class kotlin.script.experimental.dependencies.DependenciesResolver$NoDependencies     : loaded 2 times (x 79B)
Class org.jetbrains.kotlin.metadata.ProtoBuf$Modality                                 : loaded 2 times (x 84B)
Class org.jetbrains.kotlin.com.intellij.psi.PsiJavaReference                          : loaded 2 times (x 72B)
Class org.jetbrains.kotlin.com.intellij.core.CoreInjectedLanguageManager              : loaded 2 times (x 81B)
Class org.jetbrains.kotlin.com.intellij.openapi.util.LowMemoryWatcher                 : loaded 2 times (x 74B)
Class org.jetbrains.kotlin.com.intellij.pom.java.InternalPersistentJavaLanguageLevelReaderService$DefaultImpl: loaded 2 times (x 77B)
Class org.jetbrains.kotlin.com.intellij.openapi.application.TransactionGuardImpl      : loaded 2 times (x 76B)
Class org.jetbrains.kotlin.com.intellij.util.keyFMap.OneElementFMap                   : loaded 2 times (x 82B)
Class org.jetbrains.kotlin.com.fasterxml.aalto.in.PNameC                              : loaded 2 times (x 77B)
Class org.jetbrains.kotlin.com.fasterxml.aalto.stax.StreamReaderImpl                  : loaded 2 times (x 144B)
Class kotlin.coroutines.ContinuationInterceptor$DefaultImpls                          : loaded 2 times (x 73B)
Class org.jetbrains.kotlin.com.intellij.core.CoreJobLauncher                          : loaded 2 times (x 73B)
Class org.jetbrains.kotlin.com.intellij.openapi.vfs.impl.CoreVirtualFilePointerManager: loaded 2 times (x 82B)
Class kotlin.sequences.Sequence                                                       : loaded 2 times (x 72B)
Class kotlin.reflect.jvm.internal.impl.builtins.jvm.JavaToKotlinClassMap$PlatformMutabilityMapping: loaded 2 times (x 74B)
Class org.jetbrains.kotlin.config.LanguageVersionSettingsImpl$Companion               : loaded 2 times (x 73B)
Class org.jetbrains.kotlin.it.unimi.dsi.fastutil.Function                             : loaded 2 times (x 72B)
Class kotlin.collections.builders.MapBuilder$EntryRef                                 : loaded 2 times (x 83B)
Class kotlin.text.StringsKt__StringNumberConversionsJVMKt                             : loaded 2 times (x 73B)
Class com.google.common.collect.Sets$2                                                : loaded 2 times (x 141B)
Class [Lorg.gradle.api.internal.ClassPathProvider;                                    : loaded 2 times (x 71B)
Class org.gradle.api.internal.ClassPathProvider                                       : loaded 2 times (x 72B)
Class org.jetbrains.kotlin.diagnostics.PositioningStrategies$SECONDARY_CONSTRUCTOR_DELEGATION_CALL$1: loaded 2 times (x 76B)
Class org.jetbrains.kotlin.diagnostics.AbstractKtDiagnosticFactory                    : loaded 2 times (x 75B)
Class org.jetbrains.kotlin.fir.resolve.inference.model.ConeLambdaArgumentConstraintPosition: loaded 2 times (x 74B)
Class org.jetbrains.kotlin.fir.declarations.FirResolvePhaseKt$WhenMappings            : loaded 2 times (x 73B)
Class org.jetbrains.kotlin.fir.resolve.calls.tower.FirInvokeResolveTowerExtension$enqueueResolveTasksForNoReceiver$$inlined$enqueueInvokeReceiverTask$default$1: loaded 2 times (x 97B)
Class org.jetbrains.kotlin.fir.resolve.dfa.cfg.GraphExitNodeMarker                    : loaded 2 times (x 72B)
Class org.jetbrains.kotlin.fir.declarations.SealedClassInheritorsKt                   : loaded 2 times (x 73B)
Class org.jetbrains.kotlin.utils.WrappedValues                                        : loaded 2 times (x 73B)
Class [Lorg.jetbrains.kotlin.fir.expressions.FirStatement;                            : loaded 2 times (x 71B)
Class org.jetbrains.kotlin.fir.ContainingClassKey                                     : loaded 2 times (x 73B)
Class org.jetbrains.kotlin.fir.references.FirSuperReference                           : loaded 2 times (x 92B)
Class org.jetbrains.kotlin.fir.declarations.impl.FirDeclarationStatusImpl$Modifier    : loaded 2 times (x 81B)
Class org.jetbrains.kotlin.fir.references.builder.FirSimpleNamedReferenceBuilder      : loaded 2 times (x 74B)
Class org.jetbrains.kotlin.fir.analysis.checkers.expression.FirReassignmentAndInvisibleSetterChecker: loaded 2 times (x 78B)
Class org.jetbrains.kotlin.name.SpecialNames                                          : loaded 2 times (x 73B)
Class org.jetbrains.kotlin.fir.analysis.checkers.expression.FirCallableReferenceChecker: loaded 2 times (x 78B)
Class org.jetbrains.kotlin.fir.declarations.FirBackingField                           : loaded 2 times (x 200B)
Class org.jetbrains.kotlin.fir.analysis.checkers.declaration.FirAmbiguousAnonymousTypeChecker: loaded 2 times (x 78B)
Class org.jetbrains.kotlin.fir.resolve.providers.impl.FirCachingCompositeSymbolProvider$special$$inlined$createCache$1: loaded 2 times (x 77B)
Class org.jetbrains.kotlin.fir.declarations.FirClassLikeDeclaration                   : loaded 2 times (x 142B)
Class org.jetbrains.kotlin.fir.declarations.SealedClassInheritorsProviderImpl         : loaded 2 times (x 74B)
Class org.jetbrains.kotlin.serialization.deserialization.ClassDeserializer            : loaded 2 times (x 74B)
Class [Lorg.jetbrains.kotlin.konan.target.Family;                                     : loaded 2 times (x 71B)
Class org.jetbrains.kotlin.protobuf.LazyStringList                                    : loaded 2 times (x 72B)
Class org.jetbrains.kotlin.library.impl.IrLibraryImpl$hasIr$2                         : loaded 2 times (x 81B)
Class org.jetbrains.kotlin.psi.KtContinueExpression                                   : loaded 2 times (x 439B)
Class kotlin.collections.CollectionsKt___CollectionsKt$asSequence$$inlined$Sequence$1 : loaded 2 times (x 77B)
Class org.jetbrains.kotlin.psi.KtStringTemplateEntry                                  : loaded 2 times (x 446B)
Class org.jetbrains.kotlin.psi.KtIntersectionType                                     : loaded 2 times (x 507B)
Class [Lorg.jetbrains.kotlin.psi.KtDeclarationModifierList;                           : loaded 2 times (x 71B)
Class org.jetbrains.kotlin.psi.stubs.elements.KtTypeParameterElementType              : loaded 2 times (x 105B)
Class org.jetbrains.kotlin.com.intellij.openapi.vfs.VFileProperty                     : loaded 2 times (x 81B)
Class org.jetbrains.kotlin.metadata.ProtoBuf$MemberKind                               : loaded 2 times (x 84B)
Class org.jetbrains.kotlin.load.java.structure.impl.classFiles.BinaryClassSignatureParser: loaded 2 times (x 74B)
Class org.jetbrains.kotlin.com.intellij.openapi.util.RecursionManager$1               : loaded 2 times (x 78B)
Class org.jetbrains.kotlin.com.intellij.psi.util.ParameterizedCachedValue             : loaded 2 times (x 72B)
Class kotlinx.coroutines.JobNode                                                      : loaded 2 times (x 92B)
Class kotlinx.coroutines.ParentJob                                                    : loaded 2 times (x 72B)
Class kotlinx.coroutines.Delay                                                        : loaded 2 times (x 72B)
Class org.jetbrains.kotlin.com.intellij.psi.PsiDirectoryContainer                     : loaded 2 times (x 72B)
Class org.jetbrains.kotlin.com.intellij.openapi.extensions.LoadingOrder$Companion     : loaded 2 times (x 73B)
Class org.jetbrains.kotlin.com.intellij.lexer.Lexer                                   : loaded 2 times (x 85B)
Class org.jetbrains.kotlin.com.intellij.openapi.application.ApplicationInfo           : loaded 2 times (x 74B)
Class org.jetbrains.kotlin.com.intellij.openapi.application.impl.AnyModalityState     : loaded 2 times (x 74B)
Class org.jetbrains.kotlin.com.intellij.util.ObjectUtils$Sentinel                     : loaded 2 times (x 74B)
Class org.jetbrains.kotlin.com.intellij.lang.folding.LanguageFolding                  : loaded 2 times (x 98B)
Class org.jetbrains.kotlin.compiler.plugin.ComponentRegistrar$Companion               : loaded 2 times (x 73B)
Class kotlin.jvm.functions.Function20                                                 : loaded 2 times (x 72B)
Class org.jetbrains.kotlin.config.LanguageVersion$Companion                           : loaded 2 times (x 73B)
Class org.jetbrains.kotlin.cli.common.arguments.Argument                              : loaded 2 times (x 72B)
Class [Lorg.jetbrains.kotlin.com.intellij.lang.jvm.JvmModifiersOwner;                 : loaded 2 times (x 71B)
Class [Lorg.objectweb.asm.AnnotationVisitor;                                          : loaded 2 times (x 71B)
Class com.google.common.collect.Sets$3                                                : loaded 2 times (x 141B)
Class com.google.common.cache.LocalCache$LocalLoadingCache                            : loaded 2 times (x 136B)
Class com.google.common.base.AbstractIterator$State                                   : loaded 2 times (x 81B)
Class org.gradle.internal.service.UnknownServiceException                             : loaded 2 times (x 85B)
Class org.jetbrains.kotlin.fir.analysis.checkers.FirAnnotationHelpersKt               : loaded 2 times (x 73B)
Class org.jetbrains.kotlin.diagnostics.KtDiagnosticFactoryForDeprecation              : loaded 2 times (x 74B)
Class org.jetbrains.kotlin.diagnostics.PositioningStrategies$projectionPosition$1     : loaded 2 times (x 76B)
Class org.jetbrains.kotlin.fir.declarations.FirDeclarationOrigin$ScriptCustomization$ParameterFromBaseClass: loaded 2 times (x 74B)
Class [Lorg.jetbrains.kotlin.types.model.TypeVariance;                                : loaded 2 times (x 71B)
Class org.jetbrains.kotlin.fir.scopes.impl.OriginalForWrappedIntegerOperator          : loaded 2 times (x 73B)
Class [Lorg.jetbrains.kotlin.fir.resolve.transformers.FirCallCompletionResultsWriterTransformer$Mode;: loaded 2 times (x 71B)
Class org.jetbrains.kotlin.resolve.calls.inference.InferenceUtilsKt                   : loaded 2 times (x 73B)
Class org.jetbrains.kotlin.fir.deserialization.FirTypeDeserializer$WhenMappings       : loaded 2 times (x 73B)
Class org.jetbrains.kotlin.fir.expressions.impl.FirWrappedDelegateExpressionImpl      : loaded 2 times (x 122B)
Class org.jetbrains.kotlin.fir.declarations.FirRegularClass                           : loaded 2 times (x 175B)
Class org.jetbrains.kotlin.fir.expressions.builder.FirGetClassCallBuilder             : loaded 2 times (x 96B)
Class org.jetbrains.kotlin.fir.declarations.FirFile                                   : loaded 2 times (x 129B)
Class org.jetbrains.kotlin.fir.expressions.FirAnnotationArgumentMapping               : loaded 2 times (x 90B)
Class org.jetbrains.kotlin.fir.analysis.checkers.expression.FirCustomEnumEntriesMigrationAccessChecker: loaded 2 times (x 78B)
Class org.jetbrains.kotlin.fir.analysis.checkers.expression.FirSealedClassConstructorCallChecker: loaded 2 times (x 78B)
Class org.jetbrains.kotlin.fir.symbols.impl.FirSyntheticPropertySymbol                : loaded 2 times (x 84B)
Class org.jetbrains.kotlin.fir.analysis.checkers.declaration.FirActualTypeAliasChecker: loaded 2 times (x 78B)
Class org.jetbrains.kotlin.fir.analysis.checkers.declaration.FirDataObjectContentChecker: loaded 2 times (x 78B)
Class [Lorg.jetbrains.kotlin.fir.analysis.checkers.declaration.FirDeclarationChecker; : loaded 2 times (x 71B)
Class org.jetbrains.kotlin.fir.FirLookupTrackerComponent                              : loaded 2 times (x 75B)
Class org.jetbrains.kotlin.fir.resolve.providers.impl.FirCachingCompositeSymbolProvider$special$$inlined$createCache$2: loaded 2 times (x 77B)
Class org.jetbrains.kotlin.fir.resolve.inference.InferenceComponents$ConstraintSystemFactory: loaded 2 times (x 74B)
Class org.jetbrains.kotlin.fir.types.ConeTypeApproximator                             : loaded 2 times (x 628B)
Class org.jetbrains.kotlin.fir.extensions.FirRegisteredPluginAnnotationsImpl          : loaded 2 times (x 81B)
Class org.jetbrains.kotlin.descriptors.FunctionDescriptor                             : loaded 2 times (x 72B)
Class org.jetbrains.kotlin.resolve.constants.ULongValue                               : loaded 2 times (x 78B)
Class org.jetbrains.kotlin.resolve.constants.UByteValue                               : loaded 2 times (x 78B)
Class org.jetbrains.kotlin.konan.target.KonanTarget$TVOS_ARM64                        : loaded 2 times (x 80B)
Class org.jetbrains.kotlin.metadata.ProtoBuf$StringTableOrBuilder                     : loaded 2 times (x 72B)
Class [Lorg.jetbrains.kotlin.protobuf.WireFormat$JavaType;                            : loaded 2 times (x 71B)
Class org.jetbrains.kotlin.serialization.SerializerExtensionProtocol                  : loaded 2 times (x 74B)
Class org.jetbrains.kotlin.library.impl.MetadataLibraryLayoutImpl$extractingToTemp$2  : loaded 2 times (x 81B)
Class org.jetbrains.kotlin.konan.file.File$Companion                                  : loaded 2 times (x 73B)
Class org.jetbrains.kotlin.library.UnresolvedLibrary                                  : loaded 2 times (x 75B)
Class org.jetbrains.kotlin.psi.KtBinaryExpressionWithTypeRHS                          : loaded 2 times (x 504B)
Class org.jetbrains.kotlin.psi.KtInitializerList                                      : loaded 2 times (x 446B)
Class [Lorg.jetbrains.kotlin.psi.KtVariableDeclaration;                               : loaded 2 times (x 71B)
Class [Lorg.jetbrains.kotlin.psi.KtCallableDeclaration;                               : loaded 2 times (x 71B)
Class org.jetbrains.kotlin.load.java.structure.JavaElement                            : loaded 2 times (x 72B)
Class org.jetbrains.kotlin.com.intellij.openapi.util.RecursionManager$2               : loaded 2 times (x 77B)
Class org.jetbrains.kotlin.com.intellij.psi.search.LocalSearchScope                   : loaded 2 times (x 87B)
Class kotlinx.coroutines.IncompleteStateBox                                           : loaded 2 times (x 74B)
Class org.jetbrains.kotlin.com.intellij.psi.impl.search.MethodSuperSearcher           : loaded 2 times (x 78B)
Class org.jetbrains.kotlin.com.intellij.util.diff.FlyweightCapableTreeStructure       : loaded 2 times (x 72B)
Class org.jetbrains.kotlin.com.intellij.lexer.LexerBase                               : loaded 2 times (x 85B)
Class org.jetbrains.kotlin.kotlinx.collections.immutable.implementations.immutableList.AbstractListIterator: loaded 2 times (x 100B)
Class org.jetbrains.kotlin.com.intellij.psi.PsiLanguageInjectionHost                  : loaded 2 times (x 72B)
Class kotlin.jvm.functions.Function21                                                 : loaded 2 times (x 72B)
Class kotlin.reflect.jvm.internal.impl.name.ClassId                                   : loaded 2 times (x 74B)
Class org.jetbrains.kotlin.cli.common.UtilsKt                                         : loaded 2 times (x 73B)
Class com.google.common.collect.Sets$4                                                : loaded 2 times (x 141B)
Class org.objectweb.asm.ModuleVisitor                                                 : loaded 2 times (x 83B)
Class com.google.common.cache.LocalCache$Strength$1                                   : loaded 2 times (x 83B)
Class org.jetbrains.kotlin.descriptors.annotations.KotlinTarget                       : loaded 2 times (x 81B)
Class org.jetbrains.kotlin.diagnostics.PositioningStrategies$SPECIAL_CONSTRUCT_TOKEN$1: loaded 2 times (x 76B)
Class org.jetbrains.kotlin.diagnostics.PositioningStrategies$DECLARATION_SIGNATURE_OR_DEFAULT$1: loaded 2 times (x 76B)
Class org.jetbrains.kotlin.diagnostics.PositioningStrategies$SUPERTYPES_LIST$1        : loaded 2 times (x 76B)
Class org.jetbrains.kotlin.fir.scopes.impl.FirClassSubstitutionScope$SubstitutedData  : loaded 2 times (x 74B)
Class org.jetbrains.kotlin.fir.resolve.calls.ConstructorProcessingKt                  : loaded 2 times (x 73B)
Class org.jetbrains.kotlin.fir.resolve.calls.tower.FirInvokeResolveTowerExtension     : loaded 2 times (x 74B)
Class org.jetbrains.kotlin.fir.types.ConeTypeUtilsKt$WhenMappings                     : loaded 2 times (x 73B)
Class org.jetbrains.kotlin.metadata.ProtoBuf$QualifiedNameTable$QualifiedNameOrBuilder: loaded 2 times (x 72B)
Class org.jetbrains.kotlin.fir.scopes.impl.FirPackageMemberScopeKt$special$$inlined$scopeSessionKey$1: loaded 2 times (x 73B)
Class org.jetbrains.kotlin.fir.resolve.transformers.plugin.AbstractFirSpecificAnnotationResolveTransformer$FirEnumAnnotationArgumentsTransformerDispatcher: loaded 2 times (x 466B)
Class org.jetbrains.kotlin.fir.resolve.transformers.ImportUtilsKt                     : loaded 2 times (x 73B)
Class org.jetbrains.kotlin.fir.symbols.impl.FirTypeParameterSymbol                    : loaded 2 times (x 79B)
Class org.jetbrains.kotlin.fir.resolve.calls.overloads.FirOverloadByLambdaReturnTypeResolver: loaded 2 times (x 74B)
Class org.jetbrains.kotlin.KtFakeSourceElementKind$DesugaredForLoop                   : loaded 2 times (x 74B)
Class org.jetbrains.kotlin.fir.declarations.impl.FirAnonymousFunctionImpl             : loaded 2 times (x 224B)
Class org.jetbrains.kotlin.com.google.common.collect.RegularImmutableBiMap            : loaded 2 times (x 150B)
Class [Lorg.jetbrains.kotlin.descriptors.annotations.AnnotationUseSiteTarget;         : loaded 2 times (x 71B)
Class org.jetbrains.kotlin.fir.analysis.checkers.type.FirFunctionalTypeParameterSyntaxChecker: loaded 2 times (x 90B)
Class org.jetbrains.kotlin.fir.analysis.checkers.expression.FirOptInUsageQualifierChecker: loaded 2 times (x 78B)
Class org.jetbrains.kotlin.fir.analysis.cfa.FirCallsEffectAnalyzer                    : loaded 2 times (x 78B)
Class org.jetbrains.kotlin.fir.resolve.providers.impl.FirCachingCompositeSymbolProvider$special$$inlined$createCache$3: loaded 2 times (x 77B)
Class org.jetbrains.kotlin.fir.scopes.impl.FirGeneratedMemberDeclarationsStorage$StorageContext: loaded 2 times (x 74B)
Class kotlin.collections.MapWithDefault                                               : loaded 2 times (x 72B)
Class org.jetbrains.kotlin.descriptors.impl.PackageViewDescriptorFactory              : loaded 2 times (x 72B)
Class org.jetbrains.kotlin.protobuf.GeneratedMessageLite$ExtendableMessage            : loaded 2 times (x 115B)
Class org.jetbrains.kotlin.library.IrKotlinLibraryLayout                              : loaded 2 times (x 72B)
Class org.jetbrains.kotlin.util.Logger                                                : loaded 2 times (x 72B)
Class org.jetbrains.kotlin.psi.KtBlockExpression                                      : loaded 2 times (x 536B)
Class org.jetbrains.kotlin.com.intellij.lang.impl.PsiBuilderAdapter                   : loaded 2 times (x 134B)
Class org.jetbrains.kotlin.psi.KtWhileExpression                                      : loaded 2 times (x 443B)
Class org.jetbrains.kotlin.psi.KtCollectionLiteralExpression                          : loaded 2 times (x 571B)
Class [Lorg.jetbrains.kotlin.psi.KtSuperTypeListEntry;                                : loaded 2 times (x 71B)
Class org.jetbrains.kotlin.psi.KtTypeParameterList                                    : loaded 2 times (x 448B)
Class org.jetbrains.kotlin.resolve.jvm.extensions.AnalysisHandlerExtension            : loaded 2 times (x 72B)
Class org.jetbrains.kotlin.cli.jvm.compiler.KotlinCliJavaFileManagerImpl              : loaded 2 times (x 92B)
Class [Lorg.jetbrains.kotlin.com.intellij.psi.search.SearchScope;                     : loaded 2 times (x 71B)
Class [Lorg.jetbrains.kotlin.com.intellij.openapi.vfs.VirtualFile;                    : loaded 2 times (x 71B)
Class org.jetbrains.kotlin.com.intellij.psi.impl.PsiTreeChangeEventImpl               : loaded 2 times (x 87B)
Class kotlinx.coroutines.internal.SystemPropsKt                                       : loaded 2 times (x 73B)
Class kotlin.coroutines.jvm.internal.SuspendLambda                                    : loaded 2 times (x 93B)
Class kotlin.coroutines.jvm.internal.ContinuationImpl                                 : loaded 2 times (x 89B)
Class org.jetbrains.kotlin.com.intellij.openapi.util.Condition$1                      : loaded 2 times (x 88B)
Class org.jetbrains.kotlin.com.intellij.util.graph.GraphAlgorithms                    : loaded 2 times (x 73B)
Class org.jetbrains.kotlin.com.intellij.psi.PsiFileSystemItem                         : loaded 2 times (x 72B)
Class kotlin.jvm.functions.Function22                                                 : loaded 2 times (x 72B)
Class kotlin.collections.builders.MapBuilderEntries                                   : loaded 2 times (x 147B)
Class org.jetbrains.kotlin.com.intellij.psi.LanguageSubstitutors                      : loaded 2 times (x 98B)
Class com.google.common.util.concurrent.SettableFuture                                : loaded 2 times (x 116B)
Class com.google.common.cache.LocalCache$Strength$2                                   : loaded 2 times (x 83B)
Class org.jetbrains.kotlin.diagnostics.PositioningStrategies$VAL_OR_VAR_NODE$1        : loaded 2 times (x 76B)
Class org.jetbrains.kotlin.kotlinx.collections.immutable.implementations.immutableMap.TrieNodeKeysIterator: loaded 2 times (x 84B)
Class org.jetbrains.kotlin.fir.resolve.inference.ReturnArgumentsAnalysisResult        : loaded 2 times (x 74B)
Class org.jetbrains.kotlin.fir.resolve.calls.tower.FirTowerResolveTask$processQualifierScopes$1: loaded 2 times (x 89B)
Class org.jetbrains.kotlin.fir.resolve.transformers.body.resolve.ImplicitBodyResolveComputationStatus: loaded 2 times (x 73B)
Class org.jetbrains.kotlin.fir.resolve.dfa.cfg.EdgeKind                               : loaded 2 times (x 81B)
Class org.jetbrains.kotlin.fir.resolve.calls.tower.FirBaseTowerResolveTask$processLevel$3: loaded 2 times (x 89B)
Class org.jetbrains.kotlin.resolve.calls.inference.components.ConstraintSystemCompletionContext: loaded 2 times (x 1011B)
Class org.jetbrains.kotlin.fir.resolve.dfa.FlowKt                                     : loaded 2 times (x 73B)
Class org.jetbrains.kotlin.fir.deserialization.FirDeserializationContext$Companion    : loaded 2 times (x 73B)
Class org.jetbrains.kotlin.fir.resolve.LookupTagUtilsKt                               : loaded 2 times (x 73B)
Class org.jetbrains.kotlin.fir.declarations.EmptyDeprecationsProvider                 : loaded 2 times (x 74B)
Class org.jetbrains.kotlin.fir.resolve.transformers.body.resolve.ReturnTypeCalculatorWithJump: loaded 2 times (x 77B)
Class org.jetbrains.kotlin.fir.resolve.calls.FirCallResolver                          : loaded 2 times (x 74B)
Class org.jetbrains.kotlin.kotlinx.collections.immutable.implementations.persistentOrderedMap.PersistentOrderedMap$Companion: loaded 2 times (x 73B)
Class org.jetbrains.kotlin.fir.resolve.dfa.StackKt                                    : loaded 2 times (x 73B)
Class org.jetbrains.kotlin.fir.declarations.utils.ComponentFunctionSymbolKey          : loaded 2 times (x 73B)
Class org.jetbrains.kotlin.fir.declarations.InlineStatus                              : loaded 2 times (x 81B)
Class org.jetbrains.kotlin.fir.CorrespondingProperty                                  : loaded 2 times (x 73B)
Class org.jetbrains.kotlin.fir.SubstitutedOverrideOriginalKey                         : loaded 2 times (x 73B)
Class org.jetbrains.kotlin.fir.declarations.impl.FirReceiverParameterImpl             : loaded 2 times (x 107B)
Class org.jetbrains.kotlin.fir.analysis.checkers.CommonLanguageVersionSettingsCheckers: loaded 2 times (x 75B)
Class org.jetbrains.kotlin.fir.analysis.checkers.expression.FirLateinitIntrinsicApplicabilityChecker: loaded 2 times (x 78B)
Class org.jetbrains.kotlin.fir.analysis.checkers.expression.FirUninitializedEnumChecker: loaded 2 times (x 78B)
Class org.jetbrains.kotlin.KtFakeSourceElementKind$PropertyFromParameter              : loaded 2 times (x 74B)
Class org.jetbrains.kotlin.fir.analysis.checkers.syntax.FirDelegationInInterfaceSyntaxChecker: loaded 2 times (x 90B)
Class org.jetbrains.kotlin.fir.declarations.FirConstructor                            : loaded 2 times (x 208B)
Class org.jetbrains.kotlin.fir.resolve.providers.impl.FirCachingCompositeSymbolProvider$special$$inlined$createCache$4: loaded 2 times (x 77B)
Class org.jetbrains.kotlin.fir.extensions.FirExtensionServiceKt                       : loaded 2 times (x 73B)
Class org.jetbrains.kotlin.fir.FirVisibilityChecker                                   : loaded 2 times (x 75B)
Class org.jetbrains.kotlin.fir.extensions.predicate.PredicateVisitor                  : loaded 2 times (x 82B)
Class [Lorg.jetbrains.kotlin.types.model.TypeArgumentMarker;                          : loaded 2 times (x 71B)
Class org.jetbrains.kotlin.KtVirtualFileSourceFile                                    : loaded 2 times (x 79B)
Class org.jetbrains.kotlin.renderer.DescriptorRenderer                                : loaded 2 times (x 85B)
Class org.jetbrains.kotlin.protobuf.CodedOutputStream$OutOfSpaceException             : loaded 2 times (x 84B)
Class org.jetbrains.kotlin.metadata.ProtoBuf$Annotation$Argument$Value                : loaded 2 times (x 129B)
Class org.jetbrains.kotlin.library.MetadataLibrary                                    : loaded 2 times (x 72B)
Class [Lorg.jetbrains.kotlin.psi.KtConstructorCalleeExpression;                       : loaded 2 times (x 71B)
Class [Lorg.jetbrains.kotlin.psi.KtDeclarationWithInitializer;                        : loaded 2 times (x 71B)
Class org.jetbrains.kotlin.com.intellij.util.containers.ConcurrentSoftValueHashMap$MySoftReference: loaded 2 times (x 87B)
Class org.jetbrains.kotlin.fir.extensions.FirExtensionRegistrarAdapter$Companion      : loaded 2 times (x 74B)
Class org.jetbrains.kotlin.com.intellij.openapi.roots.PackageIndex                    : loaded 2 times (x 75B)
Class kotlinx.coroutines.DispatchedTask                                               : loaded 2 times (x 83B)
Class org.jetbrains.kotlin.com.intellij.openapi.util.Condition$2                      : loaded 2 times (x 88B)
Class org.jetbrains.kotlin.com.intellij.navigation.NavigationItem                     : loaded 2 times (x 72B)
Class org.jetbrains.kotlin.com.intellij.util.text.StringKt                            : loaded 2 times (x 73B)
Class org.jetbrains.kotlin.com.intellij.ide.plugins.DisabledPluginsState$Companion    : loaded 2 times (x 73B)
Class org.jetbrains.kotlin.com.intellij.util.containers.RefHashMap$MyMap              : loaded 2 times (x 170B)
Class org.jetbrains.kotlin.it.unimi.dsi.fastutil.objects.Object2ObjectOpenHashMap     : loaded 2 times (x 169B)
Class org.jetbrains.kotlin.com.google.common.collect.AbstractMapBasedMultimap$RandomAccessWrappedList: loaded 2 times (x 207B)
Class kotlin.reflect.KTypeParameter                                                   : loaded 2 times (x 72B)
Class kotlin.collections.ArraysKt___ArraysJvmKt                                       : loaded 2 times (x 73B)
Class kotlin.collections.CollectionsKt__CollectionsKt                                 : loaded 2 times (x 73B)
Class kotlin.text.StringsKt__RegexExtensionsJVMKt                                     : loaded 2 times (x 73B)
Class com.google.common.cache.LocalCache$Strength$3                                   : loaded 2 times (x 83B)
Class com.google.common.collect.MapDifference                                         : loaded 2 times (x 72B)
Class com.google.common.base.Splitter$1                                               : loaded 2 times (x 79B)
Class [Lorg.jetbrains.kotlin.serialization.deserialization.descriptors.DeserializedContainerAbiStability;: loaded 2 times (x 71B)
Class org.jetbrains.kotlin.diagnostics.KtDiagnosticFactory0                           : loaded 2 times (x 75B)
Class org.jetbrains.kotlin.diagnostics.PositioningStrategies$FUN_INTERFACE$1          : loaded 2 times (x 76B)
Class org.jetbrains.kotlin.diagnostics.PositioningStrategies$PARAMETER_VARARG_MODIFIER$1: loaded 2 times (x 76B)
Class org.jetbrains.kotlin.diagnostics.LightTreePositioningStrategies$ANNOTATION_USE_SITE$1: loaded 2 times (x 76B)
Class org.jetbrains.kotlin.diagnostics.LightTreePositioningStrategies$PROPERTY_DELEGATE$1: loaded 2 times (x 76B)
Class org.jetbrains.kotlin.diagnostics.LightTreePositioningStrategies$DECLARATION_SIGNATURE_OR_DEFAULT$1: loaded 2 times (x 76B)
Class org.jetbrains.kotlin.fir.resolve.calls.tower.FirInvokeResolveTowerExtension$enqueueResolveTasksForExpressionReceiver$$inlined$enqueueResolveForExplicitReceiver$1: loaded 2 times (x 97B)
Class org.jetbrains.kotlin.fir.declarations.FirDeclarationOrigin$SamConstructor       : loaded 2 times (x 74B)
Class org.jetbrains.kotlin.resolve.calls.inference.model.NewConstraintError           : loaded 2 times (x 79B)
Class org.jetbrains.kotlin.fir.symbols.impl.FirErrorPropertySymbol                    : loaded 2 times (x 77B)
Class org.jetbrains.kotlin.fir.resolve.calls.FirReceiversKt                           : loaded 2 times (x 73B)
Class org.jetbrains.kotlin.fir.scopes.ProcessorAction                                 : loaded 2 times (x 81B)
Class org.jetbrains.kotlin.fir.resolve.CallableIdUtilsKt                              : loaded 2 times (x 73B)
Class org.jetbrains.kotlin.com.google.common.collect.AbstractMapBasedMultimap$WrappedSet: loaded 2 times (x 144B)
Class org.jetbrains.kotlin.fir.declarations.ImplicitReceiverUtilsKt                   : loaded 2 times (x 73B)
Class org.jetbrains.kotlin.fir.resolve.transformers.plugin.FirCompilerRequiredAnnotationsResolveTransformer: loaded 2 times (x 389B)
Class org.jetbrains.kotlin.fir.resolve.transformers.FirConstantEvaluationProcessor    : loaded 2 times (x 78B)
Class org.jetbrains.kotlin.fir.resolve.transformers.body.resolve.FirPartialBodyResolveTransformer: loaded 2 times (x 392B)
Class org.jetbrains.kotlin.fir.declarations.impl.FirTypeParameterImpl                 : loaded 2 times (x 124B)
Class org.jetbrains.kotlin.fir.resolve.transformers.FirSyntheticCallGenerator         : loaded 2 times (x 74B)
Class org.jetbrains.kotlin.fir.resolve.calls.tower.TowerGroupKind$QualifierValue      : loaded 2 times (x 78B)
Class org.jetbrains.kotlin.fir.resolve.inference.FirInferenceSession                  : loaded 2 times (x 81B)
Class org.jetbrains.kotlin.fir.resolve.transformers.FirTotalResolveProcessor          : loaded 2 times (x 74B)
Class org.jetbrains.kotlin.fir.symbols.impl.FirAnonymousFunctionSymbol                : loaded 2 times (x 79B)
Class org.jetbrains.kotlin.fir.builder.ConversionUtilsKt$generateAccessorsByDelegate$1: loaded 2 times (x 127B)
Class org.jetbrains.kotlin.fir.expressions.FirAbstractArgumentList                    : loaded 2 times (x 91B)
Class org.jetbrains.kotlin.fir.analysis.checkers.expression.FirLoopConditionChecker   : loaded 2 times (x 78B)
Class org.jetbrains.kotlin.fir.analysis.checkers.expression.FirProtectedConstructorNotInSuperCallChecker: loaded 2 times (x 78B)
Class org.jetbrains.kotlin.fir.analysis.checkers.declaration.FirNotImplementedOverrideChecker: loaded 2 times (x 78B)
Class org.jetbrains.kotlin.fir.resolve.providers.impl.FirCachingCompositeSymbolProvider$special$$inlined$createCache$5: loaded 2 times (x 77B)
Class org.jetbrains.kotlin.fir.extensions.FirExtensionSessionComponent$Companion      : loaded 2 times (x 73B)
Class org.jetbrains.kotlin.fir.analysis.FirOverridesBackwardCompatibilityHelper       : loaded 2 times (x 76B)
Class org.jetbrains.kotlin.fir.declarations.FirAnnotationsPlatformSpecificSupportComponent: loaded 2 times (x 80B)
Class org.jetbrains.kotlin.types.TypeSystemCommonBackendContext                       : loaded 2 times (x 72B)
Class org.jetbrains.kotlin.fir.types.impl.FirImplicitNumberTypeRef                    : loaded 2 times (x 108B)
Class org.jetbrains.kotlin.fir.types.ConeTypeProjection$Companion                     : loaded 2 times (x 73B)
Class org.jetbrains.kotlin.fir.types.ConeLookupTagBasedType                           : loaded 2 times (x 81B)
Class org.jetbrains.kotlin.types.checker.KotlinTypeChecker$TypeConstructorEquality    : loaded 2 times (x 72B)
Class org.jetbrains.kotlin.library.KotlinAbiVersion                                   : loaded 2 times (x 73B)
Class org.jetbrains.kotlin.com.intellij.lang.TokenWrapper                             : loaded 2 times (x 79B)
Class org.jetbrains.kotlin.com.intellij.lang.impl.MarkerPool                          : loaded 2 times (x 295B)
Class org.jetbrains.kotlin.com.intellij.psi.impl.DebugUtil$TreeToBuffer               : loaded 2 times (x 81B)
Class org.jetbrains.kotlin.resolve.jvm.modules.JavaModule$Root                        : loaded 2 times (x 74B)
Class org.jetbrains.kotlin.psi.KtScript                                               : loaded 2 times (x 919B)
Class org.jetbrains.kotlin.psi.stubs.KotlinValueArgumentStub                          : loaded 2 times (x 72B)
Class [Lorg.jetbrains.kotlin.psi.KtModifierList;                                      : loaded 2 times (x 71B)
Class org.jetbrains.kotlin.psi.KtDeclarationModifierList                              : loaded 2 times (x 512B)
Class org.jetbrains.kotlin.psi.KtTypeParameter                                        : loaded 2 times (x 917B)
Class org.jetbrains.kotlin.com.intellij.psi.stubs.NamedStub                           : loaded 2 times (x 72B)
Class [Lorg.jetbrains.kotlin.extensions.CompilerConfigurationExtension;               : loaded 2 times (x 71B)
Class org.jetbrains.kotlin.com.intellij.psi.JavaPsiFacade                             : loaded 2 times (x 88B)
Class org.jetbrains.kotlin.com.intellij.lang.jvm.types.JvmPrimitiveType               : loaded 2 times (x 72B)
Class org.jetbrains.kotlin.com.intellij.psi.impl.PsiFileFactoryImpl                   : loaded 2 times (x 88B)
Class org.jetbrains.kotlin.com.intellij.util.messages.impl.ToParentMessagePublisher   : loaded 2 times (x 78B)
Class org.jetbrains.kotlin.com.intellij.psi.PsiParameterListOwner                     : loaded 2 times (x 72B)
Class org.jetbrains.kotlin.com.intellij.psi.PsiModifierListOwner                      : loaded 2 times (x 72B)
Class org.jetbrains.kotlin.com.intellij.psi.impl.source.tree.java.PsiKeywordImpl      : loaded 2 times (x 436B)
Class org.jetbrains.kotlin.com.intellij.openapi.util.Condition$3                      : loaded 2 times (x 88B)
Class org.jetbrains.kotlin.com.intellij.openapi.command.CommandEvent                  : loaded 2 times (x 77B)
Class org.jetbrains.kotlin.com.intellij.openapi.vfs.VirtualFileEvent                  : loaded 2 times (x 78B)
Class org.jetbrains.kotlin.com.intellij.openapi.editor.Document                       : loaded 2 times (x 72B)
Class org.jetbrains.kotlin.com.intellij.util.messages.impl.MessageQueue               : loaded 2 times (x 74B)
Class org.jetbrains.kotlin.com.intellij.util.concurrency.SynchronizedClearableLazy    : loaded 2 times (x 77B)
Class org.jetbrains.kotlin.com.intellij.openapi.util.UserDataHolderEx                 : loaded 2 times (x 72B)
Class org.jetbrains.kotlin.com.intellij.util.containers.ConcurrentRefHashMap$KeyReference: loaded 2 times (x 72B)
Class [Lorg.jetbrains.kotlin.config.LanguageFeature;                                  : loaded 2 times (x 71B)
Class kotlin.text.Regex$Companion                                                     : loaded 2 times (x 73B)
Class kotlin._Assertions                                                              : loaded 2 times (x 73B)
Class org.jetbrains.kotlin.cli.common.arguments.CommonKlibBasedCompilerArguments$Companion: loaded 2 times (x 73B)
Class org.objectweb.asm.FieldWriter                                                   : loaded 2 times (x 79B)
Class com.google.common.cache.CacheBuilder$NullListener                               : loaded 2 times (x 84B)
Class org.gradle.internal.classpath.TransformedClassPath                              : loaded 2 times (x 98B)
Class org.gradle.internal.classloader.InstrumentingClassLoader                        : loaded 2 times (x 72B)
Class org.jetbrains.kotlin.diagnostics.rendering.BaseDiagnosticRendererFactory        : loaded 2 times (x 78B)
Class org.jetbrains.kotlin.diagnostics.LightTreePositioningStrategies$CALL_ELEMENT_WITH_DOT$1: loaded 2 times (x 76B)
Class org.jetbrains.kotlin.diagnostics.KtDiagnosticFactory1                           : loaded 2 times (x 75B)
Class org.jetbrains.kotlin.fir.types.ConeTypeVariableTypeConstructor                  : loaded 2 times (x 76B)
Class org.jetbrains.kotlin.fir.types.ConeStubTypeConstructor                          : loaded 2 times (x 74B)
Class org.jetbrains.kotlin.fir.resolve.transformers.FirSealedClassInheritorsProcessor$InheritorsTransformer: loaded 2 times (x 382B)
Class org.jetbrains.kotlin.fir.declarations.FirDeclarationOrigin$Enhancement          : loaded 2 times (x 74B)
Class org.jetbrains.kotlin.fir.resolve.transformers.IntegerLiteralAndOperatorApproximationTransformer: loaded 2 times (x 382B)
Class org.jetbrains.kotlin.fir.resolve.transformers.FirSpecificTypeResolverTransformer: loaded 2 times (x 384B)
Class org.jetbrains.kotlin.fir.resolve.transformers.SupertypeComputationSession       : loaded 2 times (x 77B)
Class org.jetbrains.kotlin.fir.declarations.utils.IsFromVarargKey                     : loaded 2 times (x 73B)
Class org.jetbrains.kotlin.KtFakeSourceElementKind$ImplicitTypeRef                    : loaded 2 times (x 74B)
Class org.jetbrains.kotlin.fir.declarations.impl.FirPropertyAccessorImpl              : loaded 2 times (x 237B)
Class org.jetbrains.kotlin.com.intellij.util.io.UnsyncByteArrayInputStream            : loaded 2 times (x 94B)
Class org.jetbrains.kotlin.fir.analysis.checkers.type.FirDynamicUnsupportedChecker    : loaded 2 times (x 78B)
Class org.jetbrains.kotlin.fir.analysis.checkers.type.FirTypeChecker                  : loaded 2 times (x 78B)
Class org.jetbrains.kotlin.fir.analysis.checkers.declaration.FirTypeParameterBoundsChecker: loaded 2 times (x 78B)
Class org.jetbrains.kotlin.fir.analysis.checkers.declaration.FirScriptPropertiesChecker: loaded 2 times (x 78B)
Class org.jetbrains.kotlin.fir.analysis.checkers.declaration.FirFunInterfaceDeclarationChecker$Regular: loaded 2 times (x 79B)
Class org.jetbrains.kotlin.fir.analysis.checkers.expression.ExpressionCheckers        : loaded 2 times (x 108B)
Class org.jetbrains.kotlin.fir.resolve.transformers.FirDummyCompilerLazyDeclarationResolver: loaded 2 times (x 78B)
Class org.jetbrains.kotlin.builtins.StandardNames                                     : loaded 2 times (x 73B)
Class org.jetbrains.kotlin.serialization.deserialization.AbstractAnnotationLoader     : loaded 2 times (x 96B)
Class [Lorg.jetbrains.kotlin.renderer.ParameterNameRenderingPolicy;                   : loaded 2 times (x 71B)
Class org.jetbrains.kotlin.psi.KtFunctionNotStubbed                                   : loaded 2 times (x 1197B)
Class org.jetbrains.kotlin.com.intellij.openapi.project.ProjectLocatorKt              : loaded 2 times (x 73B)
Class org.jetbrains.kotlin.storage.StorageManager                                     : loaded 2 times (x 72B)
Class [Lorg.jetbrains.kotlin.psi.KtTypeParameterListOwnerStub;                        : loaded 2 times (x 71B)
Class org.jetbrains.kotlin.com.intellij.psi.StubBasedPsiElement                       : loaded 2 times (x 72B)
Class org.jetbrains.kotlin.metadata.ProtoBuf$MemberKind$1                             : loaded 2 times (x 76B)
Class org.jetbrains.kotlin.backend.jvm.extensions.ClassGeneratorExtension$Companion   : loaded 2 times (x 74B)
Class org.jetbrains.kotlin.com.intellij.psi.JvmPsiConversionHelper                    : loaded 2 times (x 72B)
Class [Lorg.jetbrains.kotlin.com.fasterxml.aalto.in.ByteBasedPNameTable$Bucket;       : loaded 2 times (x 71B)
Class [Lkotlin.coroutines.intrinsics.CoroutineSingletons;                             : loaded 2 times (x 71B)
Class kotlinx.coroutines.DisposableHandle                                             : loaded 2 times (x 72B)
Class org.jetbrains.kotlin.com.intellij.openapi.projectRoots.JavaVersionService       : loaded 2 times (x 74B)
Class org.jetbrains.kotlin.com.intellij.psi.impl.java.stubs.PsiJavaFileStub           : loaded 2 times (x 72B)
Class org.jetbrains.kotlin.com.intellij.psi.PsiJavaToken                              : loaded 2 times (x 72B)
Class org.jetbrains.kotlin.com.intellij.util.messages.MessageBusConnection            : loaded 2 times (x 72B)
Class org.jetbrains.kotlin.com.intellij.openapi.util.CheckedDisposable                : loaded 2 times (x 72B)
Class org.jetbrains.kotlin.cli.common.environment.UtilKt                              : loaded 2 times (x 73B)
Class org.jetbrains.kotlin.com.google.common.base.Preconditions                       : loaded 2 times (x 73B)
Class kotlin.jvm.internal.FunctionReference                                           : loaded 2 times (x 124B)
Class kotlin.jvm.internal.FunctionBase                                                : loaded 2 times (x 72B)
Class kotlin.enums.EnumEntriesList                                                    : loaded 2 times (x 225B)
Class com.google.common.collect.ImmutableRangeSet$AsSet                               : loaded 2 times (x 301B)
Class com.google.common.cache.CacheLoader$FunctionToCacheLoader                       : loaded 2 times (x 77B)
Class com.google.common.collect.Iterators$ArrayItr                                    : loaded 2 times (x 99B)
Class com.google.common.collect.ImmutableCollection$Builder                           : loaded 2 times (x 78B)
Class org.jetbrains.kotlin.diagnostics.rendering.DiagnosticRendererFactory            : loaded 2 times (x 72B)
Class org.jetbrains.kotlin.diagnostics.KtDiagnosticFactory2                           : loaded 2 times (x 75B)
Class org.jetbrains.kotlin.diagnostics.PositioningStrategies                          : loaded 2 times (x 73B)
Class org.jetbrains.kotlin.fir.scopes.impl.AbstractFirOverrideScopeKt                 : loaded 2 times (x 73B)
Class org.jetbrains.kotlin.types.TypeApproximatorConfiguration$FinalApproximationAfterResolutionAndInference: loaded 2 times (x 90B)
Class org.jetbrains.kotlin.fir.declarations.FirDeclarationOrigin$ScriptCustomization$Parameter: loaded 2 times (x 74B)
Class org.jetbrains.kotlin.fir.resolve.calls.tower.FirTowerResolveTask$processCandidatesWithGivenImplicitReceiverAsValue$1: loaded 2 times (x 89B)
Class org.jetbrains.kotlin.fir.resolve.calls.stages.ArgumentCheckingProcessor$ArgumentContext: loaded 2 times (x 74B)
Class [Lorg.jetbrains.kotlin.fir.resolve.calls.ConstructorFilter;                     : loaded 2 times (x 71B)
Class org.jetbrains.kotlin.fir.resolve.calls.stages.CheckDispatchReceiver             : loaded 2 times (x 74B)
Class org.jetbrains.kotlin.kotlinx.collections.immutable.PersistentMap$Builder        : loaded 2 times (x 72B)
Class org.jetbrains.kotlin.fir.resolve.SupertypeUtilsKt                               : loaded 2 times (x 73B)
Class org.jetbrains.kotlin.fir.scopes.impl.DefaultImportPriority                      : loaded 2 times (x 82B)
Class org.jetbrains.kotlin.kotlinx.collections.immutable.internal.EndOfChain          : loaded 2 times (x 73B)
Class org.jetbrains.kotlin.fir.resolve.dfa.StackImpl                                  : loaded 2 times (x 80B)
Class org.jetbrains.kotlin.fir.resolve.transformers.plugin.FirCompanionGenerationTransformer: loaded 2 times (x 382B)
Class org.jetbrains.kotlin.fir.declarations.FirDeclarationOrigin$Synthetic$DataClassMember: loaded 2 times (x 74B)
Class org.jetbrains.kotlin.com.google.common.collect.ImmutableSet$Builder             : loaded 2 times (x 87B)
Class org.jetbrains.kotlin.descriptors.EffectiveVisibility$Public                     : loaded 2 times (x 77B)
Class org.jetbrains.kotlin.fir.declarations.impl.FirDefaultPropertyAccessor$Companion : loaded 2 times (x 73B)
Class org.jetbrains.kotlin.descriptors.annotations.AnnotationUseSiteTarget            : loaded 2 times (x 81B)
Class org.jetbrains.kotlin.fir.analysis.checkers.expression.FirSpreadOfNullableChecker: loaded 2 times (x 78B)
Class org.jetbrains.kotlin.fir.references.FirControlFlowGraphReference                : loaded 2 times (x 89B)
Class org.jetbrains.kotlin.fir.resolve.providers.impl.FirTypeResolverImpl             : loaded 2 times (x 75B)
Class kotlin.collections.builders.ListBuilder$Companion                               : loaded 2 times (x 73B)
Class kotlin.collections.builders.ListBuilder                                         : loaded 2 times (x 209B)
Class org.jetbrains.kotlin.fir.FirLanguageSettingsComponent                           : loaded 2 times (x 74B)
Class org.jetbrains.kotlin.renderer.ClassifierNamePolicy$FULLY_QUALIFIED              : loaded 2 times (x 76B)
Class org.jetbrains.kotlin.descriptors.PackageFragmentProviderOptimized               : loaded 2 times (x 72B)
Class org.jetbrains.kotlin.library.impl.MetadataLibraryImpl$moduleHeaderData$2        : loaded 2 times (x 81B)
Class org.jetbrains.kotlin.library.impl.KotlinLibraryLayoutImplKt                     : loaded 2 times (x 73B)
Class org.jetbrains.kotlin.com.intellij.lang.impl.PsiBuilderImpl$RelativeTokenTextView: loaded 2 times (x 77B)
Class org.jetbrains.kotlin.it.unimi.dsi.fastutil.ints.IntStack                        : loaded 2 times (x 72B)
Class org.jetbrains.kotlin.com.intellij.psi.impl.source.tree.TreeUtil$1               : loaded 2 times (x 79B)
Class org.jetbrains.kotlin.com.intellij.psi.impl.DebugUtil$IncorrectTreeStructureException: loaded 2 times (x 85B)
Class org.jetbrains.kotlin.com.intellij.lexer.FlexAdapter                             : loaded 2 times (x 88B)
Class kotlin.comparisons.ComparisonsKt___ComparisonsJvmKt                             : loaded 2 times (x 73B)
Class [Lorg.jetbrains.kotlin.psi.KtClassLiteralExpression;                            : loaded 2 times (x 71B)
Class org.jetbrains.kotlin.psi.KtSuperTypeEntry                                       : loaded 2 times (x 447B)
Class org.jetbrains.kotlin.psi.stubs.elements.KtTypeProjectionElementType             : loaded 2 times (x 105B)
Class org.jetbrains.kotlin.psi.KtSimpleNameExpression                                 : loaded 2 times (x 72B)
Class org.jetbrains.kotlin.psi.KtTypeReference                                        : loaded 2 times (x 644B)
Class [Lorg.jetbrains.kotlin.psi.KtImportList;                                        : loaded 2 times (x 71B)
Class org.jetbrains.kotlin.psi.stubs.KotlinClassStub                                  : loaded 2 times (x 72B)
Class org.jetbrains.kotlin.psi.stubs.elements.KtPlaceHolderStubElementType            : loaded 2 times (x 105B)
Class org.jetbrains.kotlin.com.intellij.psi.impl.light.LightElement                   : loaded 2 times (x 294B)
Class org.jetbrains.kotlin.com.intellij.util.containers.LinkedCustomHashMap           : loaded 2 times (x 74B)
Class org.jetbrains.kotlin.com.intellij.psi.impl.source.PsiFileWithStubSupport        : loaded 2 times (x 72B)
Class org.jetbrains.kotlin.com.intellij.psi.search.GlobalSearchScope$EmptyScope       : loaded 2 times (x 98B)
Class kotlinx.coroutines.scheduling.CoroutineScheduler$Companion                      : loaded 2 times (x 73B)
Class org.jetbrains.kotlin.com.intellij.codeInsight.runner.JavaMainMethodProvider     : loaded 2 times (x 72B)
Class org.jetbrains.kotlin.com.intellij.navigation.ItemPresentationProvider           : loaded 2 times (x 72B)
Class [Lorg.jetbrains.kotlin.com.intellij.util.ConcurrentLongObjectHashMap$CounterCell;: loaded 2 times (x 71B)
Class org.jetbrains.kotlin.com.intellij.lang.SyntaxTreeBuilder                        : loaded 2 times (x 72B)
Class kotlin.reflect.jvm.internal.impl.name.FqNamesUtilKt                             : loaded 2 times (x 73B)
Class org.jetbrains.kotlin.com.intellij.openapi.util.text.StringUtil                  : loaded 2 times (x 73B)
Class org.jetbrains.kotlin.psi.stubs.elements.KtImportDirectiveElementType            : loaded 2 times (x 105B)
Class org.jetbrains.kotlin.it.unimi.dsi.fastutil.ints.IntIterable                     : loaded 2 times (x 72B)
Class org.jetbrains.kotlin.it.unimi.dsi.fastutil.objects.ObjectIterable               : loaded 2 times (x 72B)
Class kotlin.collections.builders.AbstractMapBuilderEntrySet                          : loaded 2 times (x 146B)
Class kotlin.collections.CollectionsKt__IteratorsJVMKt                                : loaded 2 times (x 73B)
Class com.google.common.base.Joiner                                                   : loaded 2 times (x 81B)
Class com.google.common.base.MoreObjects                                              : loaded 2 times (x 73B)
Class org.jetbrains.kotlin.diagnostics.KtDiagnosticFactory3                           : loaded 2 times (x 75B)
Class org.jetbrains.kotlin.fir.types.ConeKotlinTypeConflictingProjection              : loaded 2 times (x 76B)
Class org.jetbrains.kotlin.fir.resolve.dfa.cfg.PropertyInitializerEnterNode           : loaded 2 times (x 85B)
Class org.jetbrains.kotlin.resolve.ForbiddenNamedArgumentsTarget                      : loaded 2 times (x 81B)
Class org.jetbrains.kotlin.fir.resolve.calls.AbstractCallCandidate                    : loaded 2 times (x 83B)
Class org.jetbrains.kotlin.fir.resolve.calls.tower.ProcessResult                      : loaded 2 times (x 81B)
Class org.jetbrains.kotlin.kotlinx.collections.immutable.implementations.persistentOrderedSet.PersistentOrderedSet$Companion: loaded 2 times (x 73B)
Class org.jetbrains.kotlin.descriptors.EffectiveVisibility$Permissiveness             : loaded 2 times (x 81B)
Class org.jetbrains.kotlin.serialization.deserialization.ClassData                    : loaded 2 times (x 74B)
Class org.jetbrains.kotlin.fir.resolve.calls.candidate.CandidateCollector             : loaded 2 times (x 76B)
Class org.jetbrains.kotlin.fir.resolve.transformers.FirStatusResolveTransformer       : loaded 2 times (x 408B)
Class org.jetbrains.kotlin.fir.expressions.FirWhenBranch                              : loaded 2 times (x 95B)
Class org.jetbrains.kotlin.com.google.common.collect.ImmutableSet$JdkBackedSetBuilderImpl: loaded 2 times (x 78B)
Class org.jetbrains.kotlin.fir.analysis.checkers.expression.FirContractNotFirstStatementChecker: loaded 2 times (x 78B)
Class org.jetbrains.kotlin.fir.analysis.checkers.syntax.FirExpressionSyntaxChecker    : loaded 2 times (x 90B)
Class org.jetbrains.kotlin.fir.symbols.impl.FirPropertyAccessorSymbol                 : loaded 2 times (x 80B)
Class org.jetbrains.kotlin.fir.analysis.checkers.expression.FirUnderscoreChecker      : loaded 2 times (x 78B)
Class org.jetbrains.kotlin.fir.analysis.checkers.declaration.FirDataClassPrimaryConstructorChecker: loaded 2 times (x 78B)
Class org.jetbrains.kotlin.fir.analysis.checkers.declaration.FirOpenMemberChecker     : loaded 2 times (x 78B)
Class org.jetbrains.kotlin.fir.resolve.providers.impl.FirSyntheticFunctionInterfaceProviderBase$cache$1: loaded 2 times (x 127B)
Class org.jetbrains.kotlin.fir.types.FirMissingDependencyStorage                      : loaded 2 times (x 74B)
Class org.jetbrains.kotlin.resolve.constants.IntValue                                 : loaded 2 times (x 78B)
Class org.jetbrains.kotlin.descriptors.PackageFragmentProviderImpl                    : loaded 2 times (x 82B)
Class org.jetbrains.kotlin.metadata.ProtoBuf$PropertyOrBuilder                        : loaded 2 times (x 72B)
Class org.jetbrains.kotlin.metadata.ProtoBuf$Constructor$1                            : loaded 2 times (x 146B)
Class org.jetbrains.kotlin.psi.stubs.KotlinImportAliasStub                            : loaded 2 times (x 72B)
Class org.jetbrains.kotlin.library.impl.IrLibraryImpl$dataFlowGraph$2                 : loaded 2 times (x 81B)
Class org.jetbrains.kotlin.psi.psiUtil.PsiUtilsKt$siblings$1$iterator$1               : loaded 2 times (x 81B)
Class org.jetbrains.kotlin.com.google.common.collect.ImmutableList                    : loaded 2 times (x 208B)
Class [Lorg.jetbrains.kotlin.lexer.KtKeywordToken;                                    : loaded 2 times (x 71B)
Class org.jetbrains.kotlin.com.intellij.psi.impl.source.tree.TreeUtil$2               : loaded 2 times (x 79B)
Class org.jetbrains.kotlin.serialization.deserialization.KotlinMetadataFinder         : loaded 2 times (x 72B)
Class org.jetbrains.kotlin.cli.jvm.index.JvmDependenciesIndex                         : loaded 2 times (x 72B)
Class org.jetbrains.kotlin.storage.CacheWithNotNullValues                             : loaded 2 times (x 72B)
Class org.jetbrains.kotlin.com.intellij.psi.LanguageFileViewProviders                 : loaded 2 times (x 98B)
Class org.jetbrains.kotlin.com.intellij.util.containers.ConcurrentRefValueHashMap     : loaded 2 times (x 151B)
Class org.jetbrains.kotlin.com.intellij.psi.impl.PsiJavaParserFacadeImpl              : loaded 2 times (x 127B)
Class org.jetbrains.kotlin.com.intellij.psi.PsiRecursiveElementWalkingVisitor         : loaded 2 times (x 86B)
Class org.jetbrains.kotlin.com.intellij.psi.impl.file.impl.FileManager                : loaded 2 times (x 72B)
Class kotlin.Result                                                                   : loaded 2 times (x 74B)
Class kotlinx.coroutines.scheduling.NanoTimeSource                                    : loaded 2 times (x 74B)
Class kotlinx.coroutines.BuildersKt__BuildersKt                                       : loaded 2 times (x 73B)
Class org.jetbrains.kotlin.com.intellij.psi.search.searches.ExtensibleQueryFactory    : loaded 2 times (x 79B)
Class org.jetbrains.kotlin.com.intellij.openapi.progress.ProgressIndicator            : loaded 2 times (x 72B)
Class org.jetbrains.kotlin.com.intellij.core.CoreEncodingProjectManager               : loaded 2 times (x 76B)
Class org.jetbrains.kotlin.com.intellij.openapi.vfs.local.CoreLocalVirtualFile        : loaded 2 times (x 158B)
Class org.jetbrains.kotlin.com.intellij.util.containers.FastUtilCaseInsensitiveStringHashingStrategy: loaded 2 times (x 77B)
Class [Lorg.jetbrains.kotlin.com.intellij.openapi.diagnostic.LogLevel;                : loaded 2 times (x 71B)
Class org.jetbrains.kotlin.com.intellij.util.containers.CanonicalHashingStrategy      : loaded 2 times (x 77B)
Class org.jetbrains.kotlin.com.intellij.util.containers.ConcurrentRefHashMap$1        : loaded 2 times (x 79B)
Class org.jetbrains.kotlin.it.unimi.dsi.fastutil.objects.Reference2ObjectOpenHashMap  : loaded 2 times (x 169B)
Class kotlin.reflect.KProperty0                                                       : loaded 2 times (x 72B)
Class org.jetbrains.kotlin.psi.stubs.KotlinEnumEntrySuperclassReferenceExpressionStub : loaded 2 times (x 72B)
Class org.jetbrains.kotlin.cli.common.arguments.PreprocessCommandLineArgumentsKt      : loaded 2 times (x 73B)
Class [Lorg.objectweb.asm.Type;                                                       : loaded 2 times (x 71B)
Class com.google.common.collect.Platform                                              : loaded 2 times (x 73B)
Class com.google.common.collect.UnmodifiableIterator                                  : loaded 2 times (x 82B)
Class org.gradle.internal.service.ServiceLocator                                      : loaded 2 times (x 72B)
Class org.jetbrains.kotlin.fir.analysis.cfa.FirPropertyInitializationAnalyzerKt       : loaded 2 times (x 73B)
Class org.jetbrains.kotlin.diagnostics.KtDiagnosticFactory4                           : loaded 2 times (x 75B)
Class org.jetbrains.kotlin.diagnostics.PositioningStrategies$NAME_IDENTIFIER$1        : loaded 2 times (x 76B)
Class [Lorg.jetbrains.kotlin.kotlinx.collections.immutable.implementations.immutableMap.TrieNodeBaseIterator;: loaded 2 times (x 71B)
Class org.jetbrains.kotlin.kotlinx.collections.immutable.implementations.immutableMap.TrieNodeBaseIterator: loaded 2 times (x 84B)
Class org.jetbrains.kotlin.fir.visitors.TransformData                                 : loaded 2 times (x 73B)
Class org.jetbrains.kotlin.fir.EffectiveVisibilityUtilsKt                             : loaded 2 times (x 73B)
Class org.jetbrains.kotlin.fir.resolve.dfa.cfg.ExitNodeMarker                         : loaded 2 times (x 72B)
Class org.jetbrains.kotlin.fir.resolve.dfa.cfg.ControlFlowGraphBuilder                : loaded 2 times (x 74B)
Class org.jetbrains.kotlin.fir.expressions.FirAugmentedAssignment                     : loaded 2 times (x 120B)
Class org.jetbrains.kotlin.fir.references.impl.FirImplicitThisReference               : loaded 2 times (x 98B)
Class org.jetbrains.kotlin.fir.declarations.FirResolvePhase$Companion                 : loaded 2 times (x 73B)
Class org.jetbrains.kotlin.fir.analysis.checkers.expression.FirCustomEnumEntriesMigrationReferenceChecker: loaded 2 times (x 78B)
Class org.jetbrains.kotlin.fir.analysis.checkers.expression.FirDeprecatedQualifierChecker: loaded 2 times (x 78B)
Class org.jetbrains.kotlin.fir.FirVisibilityChecker$Default                           : loaded 2 times (x 75B)
Class org.jetbrains.kotlin.types.model.TypeSystemInferenceExtensionContext            : loaded 2 times (x 72B)
Class org.jetbrains.kotlin.fir.session.FirAbstractSessionFactory                      : loaded 2 times (x 73B)
Class org.jetbrains.kotlin.builtins.BuiltInsPackageFragment                           : loaded 2 times (x 72B)
Class org.jetbrains.kotlin.descriptors.annotations.Annotations$Companion$EMPTY$1      : loaded 2 times (x 87B)
Class [Lorg.jetbrains.kotlin.konan.target.KonanTarget;                                : loaded 2 times (x 71B)
Class org.jetbrains.kotlin.konan.file.File$canonicalPath$2                            : loaded 2 times (x 81B)
Class org.jetbrains.kotlin.com.intellij.psi.impl.DebugUtil$1                          : loaded 2 times (x 81B)
Class org.jetbrains.kotlin.it.unimi.dsi.fastutil.longs.LongCollection                 : loaded 2 times (x 72B)
Class org.jetbrains.kotlin.com.intellij.util.indexing.IndexingDataKeys                : loaded 2 times (x 73B)
Class org.jetbrains.kotlin.psi.stubs.elements.KtClassLiteralExpressionElementType     : loaded 2 times (x 102B)
Class org.jetbrains.kotlin.psi.KtSuperTypeListEntry                                   : loaded 2 times (x 447B)
Class [Lorg.jetbrains.kotlin.psi.KtContractEffectList;                                : loaded 2 times (x 71B)
Class [Lorg.jetbrains.kotlin.psi.KtReferenceExpression;                               : loaded 2 times (x 71B)
Class org.jetbrains.kotlin.psi.KtParameterList                                        : loaded 2 times (x 456B)
Class org.jetbrains.kotlin.psi.KtCommonFile                                           : loaded 2 times (x 868B)
Class [Lorg.jetbrains.kotlin.com.intellij.psi.NavigatablePsiElement;                  : loaded 2 times (x 71B)
Class org.jetbrains.kotlin.com.intellij.mock.MockDumbUtil                             : loaded 2 times (x 73B)
Class org.jetbrains.kotlin.com.intellij.testFramework.LightVirtualFileBase            : loaded 2 times (x 165B)
Class org.jetbrains.kotlin.com.intellij.openapi.vfs.VirtualFileSet                    : loaded 2 times (x 72B)
Class org.jetbrains.kotlin.com.intellij.util.Query                                    : loaded 2 times (x 72B)
Class org.jetbrains.kotlin.com.intellij.util.QueryFactory                             : loaded 2 times (x 78B)
Class kotlin.sequences.TransformingSequence$iterator$1                                : loaded 2 times (x 81B)
Class org.jetbrains.kotlin.com.intellij.util.ConcurrentLongObjectHashMap              : loaded 2 times (x 81B)
Class org.jetbrains.kotlin.com.intellij.psi.impl.source.resolve.reference.PsiReferenceRegistrarImpl: loaded 2 times (x 88B)
Class org.jetbrains.kotlin.kotlinx.collections.immutable.implementations.immutableList.SmallPersistentVector: loaded 2 times (x 299B)
Class org.jetbrains.kotlin.com.intellij.openapi.components.ComponentManager           : loaded 2 times (x 72B)
Class kotlin.Pair                                                                     : loaded 2 times (x 74B)
Class kotlin.reflect.KProperty1                                                       : loaded 2 times (x 72B)
Class kotlin.reflect.KClass                                                           : loaded 2 times (x 72B)
Class org.jetbrains.kotlin.com.intellij.openapi.progress.ProcessCanceledException     : loaded 2 times (x 84B)
Class Settings_gradle$1$1$1$1                                                         : loaded 2 times (x 76B)
Class jdk.internal.jrtfs.JrtFileSystemProvider                                        : loaded 2 times (x 103B)
Class com.google.common.collect.SingletonImmutableBiMap                               : loaded 2 times (x 145B)
Class com.google.common.base.Ascii                                                    : loaded 2 times (x 73B)
Class com.google.common.cache.LocalCache$1                                            : loaded 2 times (x 91B)
Class com.google.common.collect.AbstractMapEntry                                      : loaded 2 times (x 83B)
Class org.jetbrains.kotlin.com.intellij.openapi.util.io.FileAttributes                : loaded 2 times (x 73B)
Class org.jetbrains.kotlin.fir.analysis.checkers.declaration.DeclarationUtilsKt       : loaded 2 times (x 73B)
Class org.jetbrains.kotlin.fir.analysis.collectors.AbstractDiagnosticCollector        : loaded 2 times (x 81B)
Class org.jetbrains.kotlin.types.TypeApproximatorConfiguration$IntersectionStrategy   : loaded 2 times (x 81B)
Class org.jetbrains.kotlin.fir.resolve.calls.ArgumentUtilsKt                          : loaded 2 times (x 73B)
Class org.jetbrains.kotlin.fir.expressions.FirResolvedQualifier                       : loaded 2 times (x 133B)
Class org.jetbrains.kotlin.resolve.calls.inference.model.MutableConstraintStorage     : loaded 2 times (x 91B)
Class org.jetbrains.kotlin.kotlinx.collections.immutable.implementations.persistentOrderedMap.LinkedValue: loaded 2 times (x 74B)
Class org.jetbrains.kotlin.types.model.DefinitelyNotNullTypeMarker                    : loaded 2 times (x 72B)
Class org.jetbrains.kotlin.fir.types.ArrayUtilsKt                                     : loaded 2 times (x 73B)
Class org.jetbrains.kotlin.com.google.common.collect.RegularImmutableAsList           : loaded 2 times (x 219B)
Class org.jetbrains.kotlin.fir.UtilsKt                                                : loaded 2 times (x 73B)
Class org.jetbrains.kotlin.fir.declarations.impl.FirDeclarationStatusImpl             : loaded 2 times (x 164B)
Class org.jetbrains.kotlin.fir.declarations.FirDeclarationStatus                      : loaded 2 times (x 72B)
Class org.jetbrains.kotlin.fir.expressions.builder.FirAbstractFunctionCallBuilder     : loaded 2 times (x 72B)
Class org.jetbrains.kotlin.fir.analysis.checkers.expression.FirFunctionReturnTypeMismatchChecker: loaded 2 times (x 78B)
Class org.jetbrains.kotlin.fir.analysis.checkers.expression.FirSuspendCallChecker     : loaded 2 times (x 78B)
Class org.jetbrains.kotlin.fir.analysis.checkers.declaration.FirMultipleDefaultsInheritedFromSupertypesChecker$Regular: loaded 2 times (x 79B)
Class org.jetbrains.kotlin.fir.analysis.checkers.declaration.FirExpectActualClassifiersAreInBetaChecker: loaded 2 times (x 78B)
Class org.jetbrains.kotlin.descriptors.EffectiveVisibility                            : loaded 2 times (x 77B)
Class kotlin.sequences.GeneratorSequence$iterator$1                                   : loaded 2 times (x 81B)
Class org.jetbrains.kotlin.fir.analysis.checkers.FirPrimaryConstructorSuperTypeCheckerPlatformComponent$Default: loaded 2 times (x 74B)
Class org.jetbrains.kotlin.types.model.TypeCheckerProviderContext                     : loaded 2 times (x 72B)
Class org.jetbrains.kotlin.metadata.deserialization.NameResolverImpl                  : loaded 2 times (x 79B)
Class [Lorg.jetbrains.kotlin.name.FqName;                                             : loaded 2 times (x 71B)
Class org.jetbrains.kotlin.descriptors.ValueParameterDescriptor                       : loaded 2 times (x 72B)
Class org.jetbrains.kotlin.library.KotlinIrSignatureVersion$Companion                 : loaded 2 times (x 73B)
Class org.jetbrains.kotlin.library.KotlinLibrary                                      : loaded 2 times (x 72B)
Class org.jetbrains.kotlin.com.intellij.lang.WhitespacesAndCommentsBinder$RecursiveBinder: loaded 2 times (x 72B)
Class org.jetbrains.kotlin.psi.KtReturnExpression                                     : loaded 2 times (x 442B)
Class org.jetbrains.kotlin.com.intellij.testFramework.ReadOnlyLightVirtualFile        : loaded 2 times (x 171B)
Class org.jetbrains.kotlin.storage.EmptySimpleLock                                    : loaded 2 times (x 77B)
Class org.jetbrains.kotlin.psi.KtConstructorCalleeExpression                          : loaded 2 times (x 509B)
Class [Lorg.jetbrains.kotlin.com.intellij.psi.PsiDirectory;                           : loaded 2 times (x 71B)
Class org.jetbrains.kotlin.cli.jvm.config.JvmClasspathRoot                            : loaded 2 times (x 82B)
Class [Lorg.jetbrains.kotlin.com.intellij.lang.jvm.JvmNamedElement;                   : loaded 2 times (x 71B)
Class org.jetbrains.kotlin.com.intellij.psi.impl.ElementBase$ElementIconRequest       : loaded 2 times (x 74B)
Class org.jetbrains.kotlin.com.intellij.psi.codeStyle.JavaCodeStyleManager            : loaded 2 times (x 99B)
Class org.jetbrains.kotlin.com.intellij.openapi.roots.LanguageLevelProjectExtension$LanguageLevelChangeListener: loaded 2 times (x 72B)
Class org.jetbrains.kotlin.com.intellij.ide.plugins.PluginContentDescriptor$Companion : loaded 2 times (x 73B)
Class org.jetbrains.kotlin.com.fasterxml.aalto.in.ByteBasedPNameTable                 : loaded 2 times (x 74B)
Class kotlinx.coroutines.scheduling.GlobalQueue                                       : loaded 2 times (x 74B)
Class org.jetbrains.kotlin.com.intellij.psi.impl.smartPointers.SmartPointerAnchorProvider: loaded 2 times (x 75B)
Class org.jetbrains.kotlin.com.intellij.psi.search.searches.SuperMethodsSearch        : loaded 2 times (x 79B)
Class org.jetbrains.kotlin.com.intellij.psi.stubs.PsiClassHolderFileStub              : loaded 2 times (x 72B)
Class org.jetbrains.kotlin.com.intellij.util.containers.ConcurrentFactoryMap          : loaded 2 times (x 150B)
Class org.jetbrains.kotlin.com.intellij.util.messages.impl.MessageBusFactoryImpl      : loaded 2 times (x 73B)
Class kotlin.io.CloseableKt                                                           : loaded 2 times (x 73B)
Class org.jetbrains.kotlin.config.IrVerificationMode                                  : loaded 2 times (x 81B)
Class kotlin.reflect.KProperty2                                                       : loaded 2 times (x 72B)
Class kotlin.collections.CollectionsKt__MutableCollectionsKt                          : loaded 2 times (x 73B)
Class com.google.common.collect.Sets$ImprovedAbstractSet                              : loaded 2 times (x 137B)
Class com.google.common.collect.ImmutableList$Builder                                 : loaded 2 times (x 79B)
Class com.google.common.cache.LocalCache$2                                            : loaded 2 times (x 144B)
Class com.google.common.collect.AbstractMultimap                                      : loaded 2 times (x 125B)
Class org.jetbrains.kotlin.diagnostics.PsiPositioningStrategies                       : loaded 2 times (x 73B)
Class org.jetbrains.kotlin.diagnostics.LightTreePositioningStrategies$ModifierSetBasedLightTreePositioningStrategy: loaded 2 times (x 77B)
Class org.jetbrains.kotlin.fir.resolve.dfa.cfg.MergePostponedLambdaExitsNode          : loaded 2 times (x 83B)
Class org.jetbrains.kotlin.fir.resolve.calls.tower.TowerResolveManager$requestGroup$1 : loaded 2 times (x 89B)
Class org.jetbrains.kotlin.fir.scopes.PlatformSpecificOverridabilityRulesKt           : loaded 2 times (x 73B)
Class org.jetbrains.kotlin.fir.types.AbbreviatedTypeAttributeKt                       : loaded 2 times (x 73B)
Class org.jetbrains.kotlin.metadata.deserialization.ProtoBufUtilKt                    : loaded 2 times (x 73B)
Class [Lorg.jetbrains.kotlin.com.google.common.collect.LinkedHashMultimap$ValueEntry; : loaded 2 times (x 71B)
Class org.jetbrains.kotlin.fir.scopes.impl.FirAbstractStarImportingScope              : loaded 2 times (x 82B)
Class org.jetbrains.kotlin.fir.resolve.transformers.body.resolve.FirBodyResolveProcessor: loaded 2 times (x 78B)
Class org.jetbrains.kotlin.fir.resolve.dfa.cfg.ElvisRhsEnterNode                      : loaded 2 times (x 83B)
Class [Lorg.jetbrains.kotlin.fir.types.impl.ConeClassLikeTypeImpl;                    : loaded 2 times (x 71B)
Class org.jetbrains.kotlin.KtFakeSourceElementKind$DesugaredIncrementOrDecrement      : loaded 2 times (x 74B)
Class [Lorg.jetbrains.kotlin.fir.diagnostics.DiagnosticKind;                          : loaded 2 times (x 71B)
Class [Lorg.jetbrains.kotlin.fir.types.ConeTypeProjection;                            : loaded 2 times (x 71B)
Class org.jetbrains.kotlin.fir.FirSession$Companion                                   : loaded 2 times (x 75B)
Class org.jetbrains.kotlin.serialization.deserialization.ErrorReporter                : loaded 2 times (x 72B)
Class org.jetbrains.kotlin.library.impl.BaseKotlinLibraryImpl$libraryName$2           : loaded 2 times (x 81B)
Class org.jetbrains.kotlin.psi.KtPsiUtil$1                                            : loaded 2 times (x 306B)
Class org.jetbrains.kotlin.it.unimi.dsi.fastutil.ints.IntIterator                     : loaded 2 times (x 72B)
Class org.jetbrains.kotlin.psi.KtTypeArgumentList                                     : loaded 2 times (x 448B)
Class org.jetbrains.kotlin.psi.KtEnumEntrySuperclassReferenceExpression               : loaded 2 times (x 634B)
Class [Lorg.jetbrains.kotlin.psi.KtTypeConstraint;                                    : loaded 2 times (x 71B)
Class [Lorg.jetbrains.kotlin.com.intellij.openapi.vfs.VFileProperty;                  : loaded 2 times (x 71B)
Class org.jetbrains.kotlin.cli.jvm.config.JvmContentRootBase                          : loaded 2 times (x 72B)
Class [Lorg.jetbrains.kotlin.com.intellij.psi.PsiDirectoryContainer;                  : loaded 2 times (x 71B)
Class org.jetbrains.kotlin.cli.common.CliModuleVisibilityManagerImpl                  : loaded 2 times (x 84B)
Class org.jetbrains.kotlin.serialization.DescriptorSerializerPlugin$Companion         : loaded 2 times (x 74B)
Class org.jetbrains.kotlin.it.unimi.dsi.fastutil.objects.ObjectIterator               : loaded 2 times (x 72B)
Class org.jetbrains.kotlin.com.intellij.psi.util.PsiModificationTracker$Listener      : loaded 2 times (x 72B)
Class org.jetbrains.kotlin.com.fasterxml.aalto.in.PNameN                              : loaded 2 times (x 82B)
Class org.jetbrains.kotlin.com.fasterxml.aalto.impl.StreamExceptionBase               : loaded 2 times (x 87B)
Class kotlin.coroutines.CoroutineContext$Element                                      : loaded 2 times (x 72B)
Class org.jetbrains.kotlin.com.intellij.psi.stubs.IndexSink                           : loaded 2 times (x 72B)
Class org.jetbrains.kotlin.com.intellij.psi.impl.source.tree.PsiCommentImpl           : loaded 2 times (x 551B)
Class org.jetbrains.kotlin.com.intellij.psi.PsiElement                                : loaded 2 times (x 72B)
Class org.jetbrains.kotlin.com.intellij.psi.tree.ILazyParseableElementType            : loaded 2 times (x 86B)
Class org.jetbrains.kotlin.kotlinx.collections.immutable.implementations.immutableMap.TrieNodeKt: loaded 2 times (x 73B)
Class org.jetbrains.kotlin.com.intellij.openapi.editor.impl.DocumentImpl              : loaded 2 times (x 135B)
Class org.jetbrains.kotlin.com.intellij.openapi.extensions.ExtensionPointName$Companion: loaded 2 times (x 73B)
Class kotlin.io.TerminateException                                                    : loaded 2 times (x 84B)
Class kotlin.io.FilesKt__FilePathComponentsKt                                         : loaded 2 times (x 73B)
Class kotlin.reflect.jvm.internal.impl.utils.CollectionsKt                            : loaded 2 times (x 73B)
Class org.jetbrains.kotlin.com.intellij.util.text.CharSequenceBackedByArray           : loaded 2 times (x 72B)
Class org.jetbrains.kotlin.config.MavenComparableVersion$IntegerItem                  : loaded 2 times (x 82B)
Class org.jetbrains.kotlin.com.google.common.collect.AbstractSetMultimap              : loaded 2 times (x 175B)
Class kotlin.reflect.KCallable                                                        : loaded 2 times (x 72B)
Class com.google.common.collect.ImmutableRangeSet$1                                   : loaded 2 times (x 211B)
Class com.google.common.collect.RegularImmutableAsList                                : loaded 2 times (x 218B)
Class org.jetbrains.kotlin.diagnostics.PositioningStrategies$LABEL$1                  : loaded 2 times (x 76B)
Class org.jetbrains.kotlin.diagnostics.LightTreePositioningStrategies$WHEN_GUARD$1    : loaded 2 times (x 76B)
Class org.jetbrains.kotlin.kotlinx.collections.immutable.internal.DeltaCounter        : loaded 2 times (x 73B)
Class org.jetbrains.kotlin.fir.resolve.SupertypeUtilsKt$WhenMappings                  : loaded 2 times (x 73B)
Class org.jetbrains.kotlin.fir.resolve.transformers.FirCallCompletionResultsWriterTransformer$Mode: loaded 2 times (x 81B)
Class org.jetbrains.kotlin.fir.resolve.calls.stages.TypeVariablesInExplicitReceivers  : loaded 2 times (x 74B)
Class org.jetbrains.kotlin.fir.resolve.calls.stages.CheckCallModifiers                : loaded 2 times (x 74B)
Class org.jetbrains.kotlin.fir.declarations.builder.FirConstructorBuilder             : loaded 2 times (x 201B)
Class org.jetbrains.kotlin.protobuf.AbstractMessageLite$Builder                       : loaded 2 times (x 124B)
Class org.jetbrains.kotlin.fir.resolve.dfa.cfg.CFGNodeWithSubgraphs                   : loaded 2 times (x 84B)
Class org.jetbrains.kotlin.fir.analysis.checkers.syntax.FirConfusingWhenBranchSyntaxChecker: loaded 2 times (x 90B)
Class org.jetbrains.kotlin.fir.analysis.checkers.declaration.FirImportsChecker        : loaded 2 times (x 78B)
Class org.jetbrains.kotlin.fir.expressions.FirAnonymousObjectExpression               : loaded 2 times (x 120B)
Class org.jetbrains.kotlin.fir.analysis.checkers.declaration.FirExposedVisibilityDeclarationChecker: loaded 2 times (x 78B)
Class org.jetbrains.kotlin.fir.FirModuleVisibilityChecker                             : loaded 2 times (x 74B)
Class org.jetbrains.kotlin.fir.analysis.checkers.declaration.ComposedDeclarationCheckers: loaded 2 times (x 96B)
Class org.jetbrains.kotlin.fir.session.FirSessionConfigurator                         : loaded 2 times (x 74B)
Class org.jetbrains.kotlin.renderer.KeywordStringsGenerated                           : loaded 2 times (x 73B)
Class org.jetbrains.kotlin.protobuf.GeneratedMessageLite                              : loaded 2 times (x 103B)
Class org.jetbrains.kotlin.psi.KtPsiUtil$2                                            : loaded 2 times (x 306B)
Class org.jetbrains.kotlin.parsing.KotlinExpressionParsing                            : loaded 2 times (x 114B)
Class org.jetbrains.kotlin.psi.KtFunctionType                                         : loaded 2 times (x 515B)
Class org.jetbrains.kotlin.psi.KtConstructor                                          : loaded 2 times (x 1276B)
Class kotlin.collections.AbstractIterator                                             : loaded 2 times (x 85B)
Class org.jetbrains.kotlin.protobuf.Internal$EnumLiteMap                              : loaded 2 times (x 72B)
Class org.jetbrains.kotlin.backend.common.extensions.IrGenerationExtension            : loaded 2 times (x 72B)
Class org.jetbrains.kotlin.psi.KtLiteralStringTemplateEntry                           : loaded 2 times (x 446B)
Class org.jetbrains.kotlin.resolve.CodeAnalyzerInitializer                            : loaded 2 times (x 72B)
Class org.jetbrains.kotlin.com.intellij.psi.impl.source.JavaDummyElement              : loaded 2 times (x 269B)
Class org.jetbrains.kotlin.com.intellij.psi.PsiJavaParserFacade                       : loaded 2 times (x 72B)
Class org.jetbrains.kotlin.com.intellij.psi.search.ProjectScopeImpl                   : loaded 2 times (x 98B)
Class org.jetbrains.kotlin.com.intellij.core.MockDocumentCommitProcessor              : loaded 2 times (x 79B)
Class org.jetbrains.kotlin.com.intellij.psi.SmartPointerManager                       : loaded 2 times (x 79B)
Class org.jetbrains.kotlin.com.intellij.util.containers.ConcurrentWeakKeySoftValueHashMap$ValueReference: loaded 2 times (x 72B)
Class org.jetbrains.kotlin.com.intellij.openapi.util.registry.RegistryValue           : loaded 2 times (x 85B)
Class org.jetbrains.kotlin.kotlinx.collections.immutable.internal.ListImplementation  : loaded 2 times (x 73B)
Class kotlin.text.CharsKt                                                             : loaded 2 times (x 73B)
Class kotlin.io.LinesSequence$iterator$1                                              : loaded 2 times (x 81B)
Class org.jetbrains.kotlin.config.CompilerConfiguration                               : loaded 2 times (x 90B)
Class com.google.common.collect.Range                                                 : loaded 2 times (x 89B)
Class com.google.common.util.concurrent.AbstractFuture$Trusted                        : loaded 2 times (x 72B)
Class com.google.common.collect.Iterators                                             : loaded 2 times (x 73B)
Class [Lorg.jetbrains.kotlin.psi.KtLiteralStringTemplateEntry;                        : loaded 2 times (x 71B)
Class org.jetbrains.kotlin.diagnostics.PositioningStrategies$CALL_ELEMENT$1           : loaded 2 times (x 76B)
Class org.jetbrains.kotlin.fir.resolve.calls.ResolvedCallArgument$SimpleArgument      : loaded 2 times (x 75B)
Class org.jetbrains.kotlin.fir.resolve.transformers.body.resolve.ImplicitBodyResolveComputationStatus$Computed: loaded 2 times (x 74B)
Class org.jetbrains.kotlin.fir.references.FirErrorNamedReference                      : loaded 2 times (x 99B)
Class org.jetbrains.kotlin.fir.resolve.transformers.PlatformSupertypeUpdater          : loaded 2 times (x 74B)
Class org.jetbrains.kotlin.fir.deserialization.FirMemberDeserializer                  : loaded 2 times (x 74B)
Class org.jetbrains.kotlin.fir.resolve.transformers.PackageAndClass                   : loaded 2 times (x 74B)
Class org.jetbrains.kotlin.fir.extensions.FirAssignExpressionAltererExtensionKt       : loaded 2 times (x 73B)
Class kotlin.collections.MutableMapWithDefault                                        : loaded 2 times (x 72B)
Class org.jetbrains.kotlin.fir.resolve.transformers.FirAbstractPhaseTransformer       : loaded 2 times (x 384B)
Class org.jetbrains.kotlin.fir.resolve.transformers.FirTransformerBasedResolveProcessor: loaded 2 times (x 78B)
Class org.jetbrains.kotlin.fir.declarations.impl.FirBackingFieldImpl                  : loaded 2 times (x 225B)
Class org.jetbrains.kotlin.descriptors.Visibilities$Unknown                           : loaded 2 times (x 81B)
Class org.jetbrains.kotlin.fir.analysis.checkers.declaration.FirDelegationSuperCallInEnumConstructorChecker: loaded 2 times (x 78B)
Class org.jetbrains.kotlin.serialization.deserialization.ClassDeserializer$Companion  : loaded 2 times (x 73B)
Class [Lorg.jetbrains.kotlin.renderer.AnnotationArgumentsRenderingPolicy;             : loaded 2 times (x 71B)
Class org.jetbrains.kotlin.config.KotlinCompilerVersion                               : loaded 2 times (x 73B)
Class org.jetbrains.kotlin.protobuf.Parser                                            : loaded 2 times (x 72B)
Class org.jetbrains.kotlin.psi.KtWhenConditionInRange                                 : loaded 2 times (x 381B)
Class org.jetbrains.kotlin.psi.KtContainerNode                                        : loaded 2 times (x 378B)
Class org.jetbrains.kotlin.com.intellij.psi.util.PsiUtilCore$NullPsiElement           : loaded 2 times (x 196B)
Class org.jetbrains.kotlin.psi.KtExpressionCodeFragmentType                           : loaded 2 times (x 86B)
Class org.jetbrains.kotlin.psi.stubs.KotlinImportDirectiveStub                        : loaded 2 times (x 72B)
Class org.jetbrains.kotlin.psi.stubs.elements.KtObjectElementType                     : loaded 2 times (x 106B)
Class org.jetbrains.kotlin.psi.KtBackingField                                         : loaded 2 times (x 792B)
Class org.jetbrains.kotlin.cli.jvm.compiler.MockInferredAnnotationsManager            : loaded 2 times (x 76B)
Class org.jetbrains.kotlin.asJava.KotlinAsJavaSupport                                 : loaded 2 times (x 91B)
Class [Lorg.jetbrains.kotlin.com.intellij.pom.java.LanguageLevel;                     : loaded 2 times (x 71B)
Class org.jetbrains.kotlin.com.intellij.openapi.util.NotNullFactory                   : loaded 2 times (x 72B)
Class kotlin.coroutines.ContinuationInterceptor$Key                                   : loaded 2 times (x 73B)
Class org.jetbrains.kotlin.com.intellij.psi.PsiSubstitutor                            : loaded 2 times (x 72B)
Class kotlin.text.DelimitedRangesSequence$iterator$1                                  : loaded 2 times (x 81B)
Class org.jetbrains.kotlin.com.intellij.psi.stubs.StubOutputStream                    : loaded 2 times (x 110B)
Class org.jetbrains.kotlin.com.intellij.openapi.progress.TaskInfo                     : loaded 2 times (x 72B)
Class org.jetbrains.kotlin.com.intellij.openapi.vfs.impl.ZipHandler                   : loaded 2 times (x 85B)
Class [Lorg.jetbrains.kotlin.com.intellij.diagnostic.LoadingState;                    : loaded 2 times (x 71B)
Class org.jetbrains.kotlin.utils.DFS$AbstractNodeHandler                              : loaded 2 times (x 81B)
Class org.jetbrains.kotlin.com.google.common.collect.LinkedHashMultimap$ValueSetLink  : loaded 2 times (x 72B)
Class org.jetbrains.kotlin.it.unimi.dsi.fastutil.HashCommon                           : loaded 2 times (x 73B)
Class org.jetbrains.kotlin.config.Services                                            : loaded 2 times (x 74B)
Class jdk.internal.jimage.ImageLocation                                               : loaded 2 times (x 92B)
Class com.google.common.util.concurrent.UncheckedExecutionException                   : loaded 2 times (x 84B)
Class com.google.common.collect.Lists$StringAsImmutableList                           : loaded 2 times (x 209B)
Class org.jetbrains.kotlin.fir.analysis.collectors.components.ReportCommitterDiagnosticComponent: loaded 2 times (x 230B)
Class kotlin.jvm.internal.Ref$IntRef                                                  : loaded 2 times (x 73B)
Class org.jetbrains.kotlin.fir.declarations.SimpleFirDeprecationInfo                  : loaded 2 times (x 82B)
Class org.jetbrains.kotlin.fir.resolve.calls.ResolvedCallArgument                     : loaded 2 times (x 74B)
Class org.jetbrains.kotlin.fir.expressions.impl.FirResolvedQualifierImpl              : loaded 2 times (x 134B)
Class org.jetbrains.kotlin.fir.types.AbbreviatedTypeAttribute                         : loaded 2 times (x 84B)
Class org.jetbrains.kotlin.fir.declarations.FirTypeParameterRef                       : loaded 2 times (x 72B)
Class org.jetbrains.kotlin.fir.declarations.utils.ModuleNameKey                       : loaded 2 times (x 73B)
Class org.jetbrains.kotlin.fir.expressions.builder.FirReturnExpressionBuilder         : loaded 2 times (x 88B)
Class org.jetbrains.kotlin.com.google.common.collect.ImmutableList$SubList            : loaded 2 times (x 211B)
Class org.jetbrains.kotlin.com.google.common.collect.ImmutableBiMap$Builder           : loaded 2 times (x 84B)
Class org.jetbrains.kotlin.fir.types.FirImplicitTypeRef                               : loaded 2 times (x 104B)
Class org.jetbrains.kotlin.fir.resolve.FirSamConversionTransformerExtension$Companion : loaded 2 times (x 73B)
Class org.jetbrains.kotlin.fir.analysis.checkers.expression.FirTypeParameterInQualifiedAccessChecker: loaded 2 times (x 78B)
Class org.jetbrains.kotlin.fir.analysis.checkers.syntax.FirPrefixAndSuffixSyntaxChecker: loaded 2 times (x 90B)
Class org.jetbrains.kotlin.fir.analysis.checkers.declaration.FirSupertypesChecker     : loaded 2 times (x 78B)
Class org.jetbrains.kotlin.fir.analysis.CheckersComponentKt                           : loaded 2 times (x 73B)
Class org.jetbrains.kotlin.fir.declarations.FirAnnotationsPlatformSpecificSupportComponent$Default: loaded 2 times (x 80B)
Class org.jetbrains.kotlin.fir.scopes.impl.FirDeclaredMemberScopeProvider$DeclaredMemberScopeContext: loaded 2 times (x 74B)
Class org.jetbrains.kotlin.fir.extensions.FirRegisteredPluginAnnotations              : loaded 2 times (x 79B)
Class org.jetbrains.kotlin.fir.BuiltinTypes                                           : loaded 2 times (x 74B)
Class org.jetbrains.kotlin.protobuf.WireFormat$JavaType                               : loaded 2 times (x 81B)
Class org.jetbrains.kotlin.com.intellij.psi.tree.ILeafElementType                     : loaded 2 times (x 72B)
Class org.jetbrains.kotlin.com.intellij.lang.WhitespacesBinders                       : loaded 2 times (x 73B)
Class [Lorg.jetbrains.kotlin.com.intellij.psi.StubBasedPsiElement;                    : loaded 2 times (x 71B)
Class org.jetbrains.kotlin.psi.stubs.KotlinClassifierStub                             : loaded 2 times (x 72B)
Class org.jetbrains.kotlin.psi.stubs.elements.KtStubElementType                       : loaded 2 times (x 102B)
Class org.jetbrains.kotlin.psi.KtFile$Companion                                       : loaded 2 times (x 73B)
Class org.jetbrains.kotlin.load.java.structure.JavaClass                              : loaded 2 times (x 72B)
Class org.jetbrains.kotlin.types.TypeAttributeTranslator                              : loaded 2 times (x 72B)
Class org.jetbrains.kotlin.com.intellij.psi.codeStyle.CodeStyleSettingsFacade         : loaded 2 times (x 72B)
Class org.jetbrains.kotlin.com.intellij.lang.jvm.types.JvmType                        : loaded 2 times (x 72B)
Class org.jetbrains.kotlin.parsing.KotlinParserDefinition$Companion                   : loaded 2 times (x 73B)
Class org.jetbrains.kotlin.com.intellij.lang.folding.FoldingBuilder                   : loaded 2 times (x 72B)
Class org.jetbrains.kotlin.com.intellij.codeInsight.ContainerProvider                 : loaded 2 times (x 72B)
Class org.jetbrains.kotlin.com.intellij.psi.stubs.StubSerializer                      : loaded 2 times (x 72B)
Class org.jetbrains.kotlin.com.intellij.openapi.util.Condition                        : loaded 2 times (x 72B)
Class org.jetbrains.kotlin.com.intellij.util.containers.HashingStrategy               : loaded 2 times (x 72B)
Class org.jetbrains.kotlin.config.MavenComparableVersion                              : loaded 2 times (x 80B)
Class kotlin.collections.builders.MapBuilder$EntriesItr                               : loaded 2 times (x 83B)
Class org.jetbrains.kotlin.descriptors.annotations.KotlinTarget$Companion             : loaded 2 times (x 73B)
Class org.jetbrains.kotlin.diagnostics.PositioningStrategies$CUT_CHAR_QUOTES$1        : loaded 2 times (x 76B)
Class org.jetbrains.kotlin.diagnostics.PositioningStrategies$PROPERTY_DELEGATE$1      : loaded 2 times (x 77B)
Class org.jetbrains.kotlin.diagnostics.LightTreePositioningStrategies$DEFAULT$1       : loaded 2 times (x 76B)
Class org.jetbrains.kotlin.fir.analysis.checkers.context.MutableCheckerContext        : loaded 2 times (x 118B)
Class org.jetbrains.kotlin.fir.analysis.collectors.components.ErrorNodeDiagnosticCollectorComponent: loaded 2 times (x 230B)
Class org.jetbrains.kotlin.fir.analysis.collectors.components.DiagnosticComponentsFactory: loaded 2 times (x 73B)
Class org.jetbrains.kotlin.fir.resolve.dfa.cfg.FunctionEnterNode                      : loaded 2 times (x 85B)
Class org.jetbrains.kotlin.fir.resolve.calls.tower.FirTowerResolveTask$processExtensionsThatHideMembers$1: loaded 2 times (x 89B)
Class org.jetbrains.kotlin.fir.types.CompilerConeAttributesKt                         : loaded 2 times (x 73B)
Class org.jetbrains.kotlin.fir.resolve.dfa.cfg.CFGNode$Companion                      : loaded 2 times (x 73B)
Class org.jetbrains.kotlin.fir.scopes.impl.FirTypeIntersectionScopeContextKt          : loaded 2 times (x 73B)
Class org.jetbrains.kotlin.metadata.ProtoBuf$Annotation$Argument$Value$Builder        : loaded 2 times (x 155B)
Class org.jetbrains.kotlin.descriptors.Visibilities$PrivateToThis                     : loaded 2 times (x 81B)
Class org.jetbrains.kotlin.fir.scopes.impl.FirAbstractSimpleImportingScope            : loaded 2 times (x 82B)
Class kotlin.collections.builders.SetBuilder$Companion                                : loaded 2 times (x 73B)
Class org.jetbrains.kotlin.fir.resolve.transformers.contracts.FirContractResolveTransformer: loaded 2 times (x 467B)
Class org.jetbrains.kotlin.fir.resolve.transformers.FirResolveProcessor               : loaded 2 times (x 76B)
Class org.jetbrains.kotlin.fir.builder.CharacterWithDiagnostic                        : loaded 2 times (x 74B)
Class org.jetbrains.kotlin.fir.types.FirFunctionTypeRef                               : loaded 2 times (x 111B)
Class org.jetbrains.kotlin.fir.declarations.FirResolvedToPhaseState                   : loaded 2 times (x 75B)
Class org.jetbrains.kotlin.fir.declarations.UnresolvedDeprecationProvider             : loaded 2 times (x 74B)
Class org.jetbrains.kotlin.fir.expressions.impl.FirArgumentListImpl                   : loaded 2 times (x 92B)
Class org.jetbrains.kotlin.fir.declarations.impl.FirImportImpl                        : loaded 2 times (x 94B)
Class org.jetbrains.kotlin.fir.analysis.checkers.expression.FirConflictsExpressionChecker: loaded 2 times (x 78B)
Class org.jetbrains.kotlin.fir.analysis.checkers.expression.FirSuperclassNotAccessibleFromInterfaceChecker: loaded 2 times (x 78B)
Class kotlin.jvm.JvmStatic                                                            : loaded 2 times (x 72B)
Class org.jetbrains.kotlin.fir.types.ConeAttributes                                   : loaded 2 times (x 84B)
Class org.jetbrains.kotlin.fir.deserialization.LibraryPathFilter$TakeAll              : loaded 2 times (x 74B)
Class org.jetbrains.kotlin.resolve.OverridingUtil$1                                   : loaded 2 times (x 76B)
Class org.jetbrains.kotlin.renderer.DescriptorRendererModifier$Companion              : loaded 2 times (x 73B)
Class org.jetbrains.kotlin.descriptors.annotations.Annotations$Companion              : loaded 2 times (x 73B)
Class org.jetbrains.kotlin.protobuf.SmallSortedMap$1                                  : loaded 2 times (x 131B)
Class org.jetbrains.kotlin.library.SearchPathResolver$SearchRoot                      : loaded 2 times (x 74B)
Class org.jetbrains.kotlin.library.KotlinLibrarySearchPathResolver$directLibraries$2  : loaded 2 times (x 81B)
Class org.jetbrains.kotlin.com.intellij.openapi.util.ThrowableComputable              : loaded 2 times (x 72B)
Class org.jetbrains.kotlin.load.kotlin.KotlinClassFinder                              : loaded 2 times (x 72B)
Class kotlin.collections.ArraysKt___ArraysKt$asSequence$$inlined$Sequence$1           : loaded 2 times (x 77B)
Class org.jetbrains.kotlin.com.intellij.psi.impl.source.FileTrees                     : loaded 2 times (x 74B)
Class org.jetbrains.kotlin.com.intellij.psi.TokenType$1                               : loaded 2 times (x 77B)
Class org.jetbrains.kotlin.fir.builder.FirScriptConfiguratorExtension                 : loaded 2 times (x 79B)
Class org.jetbrains.kotlin.com.intellij.util.containers.hash.EqualityPolicy           : loaded 2 times (x 72B)
Class org.jetbrains.kotlin.com.intellij.lang.jvm.facade.JvmFacadeImpl                 : loaded 2 times (x 74B)
Class org.jetbrains.kotlin.com.intellij.psi.impl.source.tree.RecursiveTreeElementWalkingVisitor: loaded 2 times (x 79B)
Class org.jetbrains.kotlin.com.intellij.psi.PsiTreeChangeEvent                        : loaded 2 times (x 86B)
Class org.jetbrains.kotlin.com.intellij.ide.plugins.MyXmlInterner                     : loaded 2 times (x 78B)
Class org.jetbrains.kotlin.com.intellij.openapi.application.ex.ApplicationInfoEx      : loaded 2 times (x 75B)
Class org.jetbrains.kotlin.com.intellij.util.ConcurrentLongObjectHashMap$ReservationNode: loaded 2 times (x 79B)
Class [Lorg.jetbrains.kotlin.com.intellij.util.ConcurrentLongObjectHashMap$Node;      : loaded 2 times (x 71B)
Class org.jetbrains.kotlin.com.intellij.openapi.diagnostic.RuntimeExceptionWithAttachments: loaded 2 times (x 89B)
Class org.jetbrains.kotlin.com.intellij.util.ObjectUtils                              : loaded 2 times (x 73B)
Class org.jetbrains.kotlin.com.intellij.util.containers.ConcurrentRefHashMap$HardKey  : loaded 2 times (x 80B)
Class org.jetbrains.kotlin.com.google.common.collect.Maps$8                           : loaded 2 times (x 84B)
Class org.jetbrains.kotlin.com.intellij.util.containers.IntObjectMap                  : loaded 2 times (x 72B)
Class kotlin.reflect.jvm.internal.ReflectionFactoryImpl                               : loaded 2 times (x 93B)
Class kotlin.collections.MapsKt__MapsJVMKt                                            : loaded 2 times (x 73B)
Class kotlin.collections.EmptyList                                                    : loaded 2 times (x 176B)
Class jdk.internal.jimage.ImageBufferCache$1                                          : loaded 2 times (x 84B)
Class com.google.common.collect.AbstractMapBasedMultimap$KeySet$1                     : loaded 2 times (x 84B)
Class org.objectweb.asm.ClassWriter                                                   : loaded 2 times (x 107B)
Class com.google.common.cache.CacheLoader$UnsupportedLoadingOperationException        : loaded 2 times (x 84B)
Class com.google.common.base.CharMatcher$And                                          : loaded 2 times (x 114B)
Class org.jetbrains.kotlin.fir.analysis.checkers.expression.FirOptInUsageBaseChecker  : loaded 2 times (x 73B)
Class org.jetbrains.kotlin.diagnostics.PositioningStrategies$WHOLE_ELEMENT$1          : loaded 2 times (x 76B)
Class org.jetbrains.kotlin.diagnostics.LightTreePositioningStrategies$BaseDeclarationNameStrategy: loaded 2 times (x 77B)
Class org.jetbrains.kotlin.fir.analysis.collectors.CheckerRunningDiagnosticCollectorVisitor: loaded 2 times (x 266B)
Class org.jetbrains.kotlin.types.TypeCheckerState$SupertypesPolicy                    : loaded 2 times (x 74B)
Class org.jetbrains.kotlin.fir.resolve.calls.ResolvedCallArgument$DefaultArgument     : loaded 2 times (x 74B)
Class org.jetbrains.kotlin.fir.resolve.calls.stages.CheckArguments                    : loaded 2 times (x 74B)
Class org.jetbrains.kotlin.kotlinx.collections.immutable.implementations.persistentOrderedSet.PersistentOrderedSet: loaded 2 times (x 206B)
Class org.jetbrains.kotlin.fir.scopes.impl.FirClassDeclaredMemberScopeImpl            : loaded 2 times (x 82B)
Class org.jetbrains.kotlin.metadata.ProtoBuf$Effect$EffectType$1                      : loaded 2 times (x 76B)
Class org.jetbrains.kotlin.metadata.ProtoBuf$EffectOrBuilder                          : loaded 2 times (x 72B)
Class org.jetbrains.kotlin.fir.deserialization.RegisteredInSerializationPluginMetadataExtensionKey: loaded 2 times (x 73B)
Class org.jetbrains.kotlin.fir.resolve.transformers.plugin.FirAnnotationArgumentsTransformer: loaded 2 times (x 466B)
Class org.jetbrains.kotlin.fir.resolve.dfa.MutableTypeStatement                       : loaded 2 times (x 77B)
Class org.jetbrains.kotlin.fir.resolve.dfa.cfg.TryExpressionExitNode                  : loaded 2 times (x 83B)
Class org.jetbrains.kotlin.fir.expressions.FirArgumentUtilKt                          : loaded 2 times (x 73B)
Class org.jetbrains.kotlin.fir.analysis.cfa.FirPropertyInitializationAnalyzer         : loaded 2 times (x 78B)
Class org.jetbrains.kotlin.fir.analysis.checkers.declaration.FirValueParameterDefaultValueTypeMismatchChecker: loaded 2 times (x 78B)
Class org.jetbrains.kotlin.fir.analysis.checkers.declaration.FirExplicitBackingFieldForbiddenChecker: loaded 2 times (x 78B)
Class org.jetbrains.kotlin.fir.analysis.checkers.declaration.FirPropertyFromParameterChecker: loaded 2 times (x 78B)
Class org.jetbrains.kotlin.fir.expressions.FirExpression                              : loaded 2 times (x 117B)
Class org.jetbrains.kotlin.fir.analysis.checkers.expression.ComposedExpressionCheckers: loaded 2 times (x 108B)
Class org.jetbrains.kotlin.resolve.calls.results.TypeSpecificityComparator            : loaded 2 times (x 72B)
Class org.jetbrains.kotlin.fir.declarations.FirReceiverParameter                      : loaded 2 times (x 106B)
Class org.jetbrains.kotlin.fir.FirCliExceptionHandler                                 : loaded 2 times (x 75B)
Class org.jetbrains.kotlin.descriptors.Modality                                       : loaded 2 times (x 81B)
Class org.jetbrains.kotlin.renderer.DescriptorRendererImpl                            : loaded 2 times (x 190B)
Class org.jetbrains.kotlin.protobuf.BoundedByteString                                 : loaded 2 times (x 114B)
Class org.jetbrains.kotlin.library.impl.IrMonoliticLibraryImpl$strings$2              : loaded 2 times (x 81B)
Class org.jetbrains.kotlin.com.intellij.lexer.TokenList                               : loaded 2 times (x 72B)
Class org.jetbrains.kotlin.com.intellij.lang.impl.PsiBuilderImpl$StartMarker          : loaded 2 times (x 126B)
Class org.jetbrains.kotlin.psi.KtPrefixExpression                                     : loaded 2 times (x 504B)
Class org.jetbrains.kotlin.com.intellij.openapi.editor.ex.DocumentEx$1                : loaded 2 times (x 73B)
Class org.jetbrains.kotlin.storage.NullableLazyValue                                  : loaded 2 times (x 72B)
Class org.jetbrains.kotlin.com.intellij.psi.util.PsiUtilCore                          : loaded 2 times (x 73B)
Class [Lorg.jetbrains.kotlin.psi.KtBlockStringTemplateEntry;                          : loaded 2 times (x 71B)
Class org.jetbrains.kotlin.types.model.KotlinTypeMarker                               : loaded 2 times (x 72B)
Class org.jetbrains.kotlin.psi.KtDeclarationWithInitializer                           : loaded 2 times (x 72B)
Class org.jetbrains.kotlin.psi.KtElementImplStub                                      : loaded 2 times (x 445B)
Class [Lorg.jetbrains.kotlin.extensions.PreprocessedVirtualFileFactoryExtension;      : loaded 2 times (x 71B)
Class org.jetbrains.kotlin.com.intellij.psi.impl.source.PsiFileImpl                   : loaded 2 times (x 724B)
Class org.jetbrains.kotlin.com.intellij.psi.impl.source.HolderFactory                 : loaded 2 times (x 72B)
Class org.jetbrains.kotlin.com.intellij.util.xml.dom.StaxFactory                      : loaded 2 times (x 73B)
Class kotlinx.coroutines.JobSupport                                                   : loaded 2 times (x 135B)
Class org.jetbrains.kotlin.com.intellij.ide.plugins.PluginXmlPathResolver             : loaded 2 times (x 81B)
Class org.jetbrains.kotlin.com.intellij.psi.presentation.java.FieldPresentationProvider: loaded 2 times (x 78B)
Class org.jetbrains.kotlin.com.intellij.psi.PsiCheckedRenameElement                   : loaded 2 times (x 72B)
Class org.jetbrains.kotlin.com.intellij.psi.PsiNamedElement                           : loaded 2 times (x 72B)
Class org.jetbrains.kotlin.com.intellij.util.KeyedLazyInstance                        : loaded 2 times (x 72B)
Class org.jetbrains.kotlin.com.intellij.util.ArrayFactory                             : loaded 2 times (x 72B)
Class org.jetbrains.kotlin.com.intellij.util.SmartList                                : loaded 2 times (x 201B)
Class org.jetbrains.kotlin.com.intellij.openapi.util.ClassExtension                   : loaded 2 times (x 88B)
Class org.jetbrains.kotlin.com.intellij.openapi.vfs.VirtualFileSystem                 : loaded 2 times (x 90B)
Class kotlin.reflect.jvm.internal.impl.builtins.StandardNames$FqNames                 : loaded 2 times (x 73B)
Class org.jetbrains.kotlin.config.AnalysisFlags                                       : loaded 2 times (x 73B)
Class org.jetbrains.kotlin.com.google.common.collect.AbstractMapBasedMultimap         : loaded 2 times (x 140B)
Class org.jetbrains.kotlin.it.unimi.dsi.fastutil.ints.Int2ObjectFunction              : loaded 2 times (x 72B)
Class kotlin.collections.builders.ListBuilderKt                                       : loaded 2 times (x 73B)
Class jdk.internal.jimage.ImageBufferCache$2                                          : loaded 2 times (x 93B)
Class com.google.common.base.Objects                                                  : loaded 2 times (x 73B)
Class org.objectweb.asm.FieldVisitor                                                  : loaded 2 times (x 79B)
Class com.google.common.collect.IndexedImmutableSet                                   : loaded 2 times (x 152B)
Class com.google.common.collect.ImmutableMap$1                                        : loaded 2 times (x 83B)
Class com.google.common.collect.BiMap                                                 : loaded 2 times (x 72B)
Class org.gradle.api.internal.classpath.DefaultModuleRegistry$DefaultModule           : loaded 2 times (x 84B)
Class org.jetbrains.kotlin.diagnostics.PositioningStrategies$DEFAULT$1                : loaded 2 times (x 76B)
Class org.jetbrains.kotlin.fir.resolve.transformers.body.resolve.DeclarationApproximationUtilsKt: loaded 2 times (x 73B)
Class org.jetbrains.kotlin.types.model.CapturedTypeConstructorMarker                  : loaded 2 times (x 72B)
Class org.jetbrains.kotlin.fir.scopes.impl.FirIntegerConstantOperatorScopeKt$special$$inlined$scopeSessionKey$1: loaded 2 times (x 73B)
Class org.jetbrains.kotlin.resolve.calls.inference.model.NewConstraintSystemImpl$TransactionState: loaded 2 times (x 76B)
Class org.jetbrains.kotlin.fir.resolve.dfa.DataFlowVariable                           : loaded 2 times (x 78B)
Class [Lorg.jetbrains.kotlin.resolve.calls.tasks.ExplicitReceiverKind;                : loaded 2 times (x 71B)
Class org.jetbrains.kotlin.fir.resolve.calls.stages.EagerResolveOfCallableReferences  : loaded 2 times (x 74B)
Class org.jetbrains.kotlin.resolve.DataClassResolver                                  : loaded 2 times (x 73B)
Class org.jetbrains.kotlin.fir.declarations.FirAnnotationUtilsKt                      : loaded 2 times (x 73B)
Class org.jetbrains.kotlin.descriptors.Visibilities$InvisibleFake                     : loaded 2 times (x 81B)
Class org.jetbrains.kotlin.protobuf.UninitializedMessageException                     : loaded 2 times (x 86B)
Class org.jetbrains.kotlin.metadata.deserialization.NameResolverImpl$WhenMappings     : loaded 2 times (x 73B)
Class org.jetbrains.kotlin.fir.scopes.impl.ImportedFromObjectOrStaticClassIdKey       : loaded 2 times (x 73B)
Class org.jetbrains.kotlin.fir.declarations.synthetic.FirSyntheticProperty            : loaded 2 times (x 215B)
Class org.jetbrains.kotlin.fir.resolve.dfa.cfg.WhenExitNode                           : loaded 2 times (x 83B)
Class org.jetbrains.kotlin.fir.resolve.dfa.cfg.EnterNodeMarker                        : loaded 2 times (x 72B)
Class org.jetbrains.kotlin.fir.analysis.checkers.declaration.FirNestedClassChecker    : loaded 2 times (x 78B)
Class org.jetbrains.kotlin.fir.checkers.CheckersContainersKt                          : loaded 2 times (x 73B)
Class org.jetbrains.kotlin.fir.analysis.CheckersComponent                             : loaded 2 times (x 74B)
Class org.jetbrains.kotlin.fir.caches.FirThreadUnsafeCacheWithPostCompute             : loaded 2 times (x 76B)
Class org.jetbrains.kotlin.fir.resolve.providers.impl.FirExtensionSyntheticFunctionInterfaceProvider$Companion: loaded 2 times (x 73B)
Class org.jetbrains.kotlin.fir.scopes.FirOverrideService                              : loaded 2 times (x 74B)
Class org.jetbrains.kotlin.fir.extensions.AbstractFirRegisteredPluginAnnotations$special$$inlined$createCache$1: loaded 2 times (x 77B)
Class org.jetbrains.kotlin.metadata.ProtoBuf$TypeParameter$Variance                   : loaded 2 times (x 84B)
Class org.jetbrains.kotlin.metadata.ProtoBuf$Annotation$Argument$Value$1              : loaded 2 times (x 146B)
Class org.jetbrains.kotlin.library.BaseKotlinLibrary                                  : loaded 2 times (x 72B)
Class org.jetbrains.kotlin.diagnostics.impl.BaseDiagnosticsCollector                  : loaded 2 times (x 79B)
Class org.jetbrains.kotlin.com.intellij.psi.impl.source.SubstrateRef$1                : loaded 2 times (x 79B)
Class org.jetbrains.kotlin.parsing.KotlinParsing$DeclarationParsingMode               : loaded 2 times (x 81B)
Class org.jetbrains.kotlin.com.google.common.collect.IndexedImmutableSet              : loaded 2 times (x 154B)
Class org.jetbrains.kotlin.com.intellij.psi.impl.source.tree.SharedImplUtil           : loaded 2 times (x 73B)
Class org.jetbrains.kotlin.psi.KtOperationExpression                                  : loaded 2 times (x 72B)
Class org.jetbrains.kotlin.psi.KtDestructuringDeclarationEntry                        : loaded 2 times (x 1239B)
Class org.jetbrains.kotlin.storage.SimpleLock                                         : loaded 2 times (x 72B)
Class org.jetbrains.kotlin.psi.stubs.elements.KtScriptElementType                     : loaded 2 times (x 102B)
Class [Lorg.jetbrains.kotlin.psi.KtSuperTypeEntry;                                    : loaded 2 times (x 71B)
Class [Lorg.jetbrains.kotlin.psi.KtSimpleNameExpression;                              : loaded 2 times (x 71B)
Class org.jetbrains.kotlin.psi.KtTypeConstraint                                       : loaded 2 times (x 573B)
Class org.jetbrains.kotlin.load.kotlin.ModuleVisibilityManager                        : loaded 2 times (x 72B)
Class org.jetbrains.kotlin.resolve.extensions.ExtraImportsProviderExtension$Companion : loaded 2 times (x 74B)
Class org.jetbrains.kotlin.asJava.classes.ImplUtilsKt                                 : loaded 2 times (x 73B)
Class org.jetbrains.kotlin.com.intellij.psi.codeStyle.JavaFileCodeStyleFacade         : loaded 2 times (x 72B)
Class org.jetbrains.kotlin.com.intellij.lang.jvm.types.JvmPrimitiveTypeKind           : loaded 2 times (x 74B)
Class org.jetbrains.kotlin.com.intellij.psi.PsiRecursiveVisitor                       : loaded 2 times (x 72B)
Class org.jetbrains.kotlin.com.intellij.psi.util.PsiModificationTracker               : loaded 2 times (x 72B)
Class org.jetbrains.kotlin.com.fasterxml.aalto.in.Utf8Scanner                         : loaded 2 times (x 136B)
Class kotlin.ResultKt                                                                 : loaded 2 times (x 73B)
Class org.jetbrains.kotlin.com.intellij.util.messages.impl.CompositeMessageBus        : loaded 2 times (x 103B)
Class org.jetbrains.kotlin.com.intellij.openapi.fileTypes.FileTypeExtension           : loaded 2 times (x 92B)
Class org.jetbrains.kotlin.platform.wasm.WasmTarget$Companion                         : loaded 2 times (x 73B)
Class org.jetbrains.kotlin.com.google.common.collect.ImmutableMap$IteratorBasedImmutableMap: loaded 2 times (x 128B)
Class kotlin.sequences.DropTakeSequence                                               : loaded 2 times (x 72B)
Class com.google.common.primitives.Ints                                               : loaded 2 times (x 73B)
Class com.google.common.collect.AbstractIterator                                      : loaded 2 times (x 84B)
Class org.jetbrains.kotlin.diagnostics.PositioningStrategies$SAFE_ACCESS$1            : loaded 2 times (x 76B)
Class org.jetbrains.kotlin.diagnostics.LightTreePositioningStrategies$ARRAY_ACCESS$1  : loaded 2 times (x 76B)
Class org.jetbrains.kotlin.fir.scopes.ProcessorAction$WhenMappings                    : loaded 2 times (x 73B)
Class org.jetbrains.kotlin.fir.resolve.dfa.cfg.LoopConditionEnterNode                 : loaded 2 times (x 86B)
Class [Lorg.jetbrains.kotlin.metadata.ProtoBuf$Effect$InvocationKind;                 : loaded 2 times (x 71B)
Class kotlin.collections.IndexingIterable                                             : loaded 2 times (x 81B)
Class org.jetbrains.kotlin.fir.declarations.DeprecationAnnotationInfoPerUseSiteStorage: loaded 2 times (x 74B)
Class org.jetbrains.kotlin.fir.resolve.transformers.body.resolve.FirImplicitTypeBodyResolveTransformerAdapter: loaded 2 times (x 382B)
Class org.jetbrains.kotlin.fir.types.ConeErrorType                                    : loaded 2 times (x 83B)
Class [Lorg.jetbrains.kotlin.fir.resolve.calls.tower.InvokeResolvePriority;           : loaded 2 times (x 71B)
Class org.jetbrains.kotlin.resolve.calls.mpp.ExpectActualMatchingContext$Companion    : loaded 2 times (x 73B)
Class org.jetbrains.kotlin.fir.extensions.FirStatusTransformerExtensionKt             : loaded 2 times (x 73B)
Class org.jetbrains.kotlin.com.google.common.math.IntMath$1                           : loaded 2 times (x 73B)
Class org.jetbrains.kotlin.fir.extensions.FirSwitchableExtensionDeclarationsSymbolProvider$Companion: loaded 2 times (x 73B)
Class org.jetbrains.kotlin.fir.analysis.checkers.syntax.FirDelegationInExpectClassSyntaxChecker: loaded 2 times (x 90B)
Class org.jetbrains.kotlin.fir.analysis.checkers.declaration.FirMissingDependencySupertypeInDeclarationsChecker: loaded 2 times (x 78B)
Class org.jetbrains.kotlin.fir.symbols.impl.FirConstructorSymbol                      : loaded 2 times (x 81B)
Class org.jetbrains.kotlin.builtins.functions.FunctionTypeKind$SuspendFunction        : loaded 2 times (x 78B)
Class org.jetbrains.kotlin.builtins.functions.FunctionTypeKind                        : loaded 2 times (x 78B)
Class org.jetbrains.kotlin.fir.extensions.FirExtensionSessionComponentKt              : loaded 2 times (x 73B)
Class org.jetbrains.kotlin.fir.types.impl.FirImplicitCharIteratorTypeRef              : loaded 2 times (x 108B)
Class org.jetbrains.kotlin.serialization.deserialization.ClassDataFinder              : loaded 2 times (x 72B)
Class org.jetbrains.kotlin.metadata.deserialization.NameResolver                      : loaded 2 times (x 72B)
Class org.jetbrains.kotlin.platform.TargetPlatform                                    : loaded 2 times (x 121B)
Class org.jetbrains.kotlin.konan.target.KonanTarget$TVOS_X64                          : loaded 2 times (x 80B)
Class org.jetbrains.kotlin.descriptors.Named                                          : loaded 2 times (x 72B)
Class org.jetbrains.kotlin.protobuf.GeneratedMessageLite$ExtensionDescriptor          : loaded 2 times (x 86B)
Class org.jetbrains.kotlin.protobuf.InvalidProtocolBufferException                    : loaded 2 times (x 86B)
Class org.jetbrains.kotlin.com.intellij.psi.impl.source.SubstrateRef$2                : loaded 2 times (x 79B)
Class [Lorg.jetbrains.kotlin.parsing.KotlinParsing$NameParsingMode;                   : loaded 2 times (x 71B)
Class org.jetbrains.kotlin.com.intellij.util.text.ImmutableText$CompositeNode         : loaded 2 times (x 87B)
Class org.jetbrains.kotlin.it.unimi.dsi.fastutil.ints.AbstractIntList$IntSubList      : loaded 2 times (x 355B)
Class org.jetbrains.kotlin.com.intellij.psi.tree.IErrorCounterReparseableElementType  : loaded 2 times (x 97B)
Class org.jetbrains.kotlin.psi.KtContextReceiverList                                  : loaded 2 times (x 445B)
Class org.jetbrains.kotlin.psi.stubs.elements.KtContextReceiverElementType            : loaded 2 times (x 102B)
Class [Lorg.jetbrains.kotlin.psi.KtPureClassOrObject;                                 : loaded 2 times (x 71B)
Class [Lorg.jetbrains.kotlin.psi.KtDeclaration;                                       : loaded 2 times (x 71B)
Class org.jetbrains.kotlin.load.java.structure.impl.source.JavaElementSourceFactory   : loaded 2 times (x 81B)
Class org.jetbrains.kotlin.metadata.ProtoBuf$Visibility$1                             : loaded 2 times (x 76B)
Class org.jetbrains.kotlin.extensions.internal.CandidateInterceptor$Companion         : loaded 2 times (x 74B)
Class org.jetbrains.kotlin.resolve.jvm.extensions.PackageFragmentProviderExtension$Companion: loaded 2 times (x 74B)
Class org.jetbrains.kotlin.resolve.jvm.extensions.PackageFragmentProviderExtension    : loaded 2 times (x 72B)
Class org.jetbrains.kotlin.com.intellij.core.CoreJavaCodeStyleSettingsFacade          : loaded 2 times (x 75B)
Class [Lorg.jetbrains.kotlin.com.intellij.psi.search.ProjectAwareFileFilter;          : loaded 2 times (x 71B)
Class org.jetbrains.kotlin.com.intellij.psi.search.DelegatingGlobalSearchScope        : loaded 2 times (x 100B)
Class org.jetbrains.kotlin.com.intellij.openapi.util.BuildNumber                      : loaded 2 times (x 77B)
Class [Lorg.jetbrains.kotlin.com.fasterxml.aalto.in.ByteBasedPName;                   : loaded 2 times (x 71B)
Class kotlin.Result$Failure                                                           : loaded 2 times (x 74B)
Class kotlinx.coroutines.ExecutorCoroutineDispatcher                                  : loaded 2 times (x 109B)
Class org.jetbrains.kotlin.com.intellij.ide.highlighter.JavaFileType                  : loaded 2 times (x 92B)
Class org.jetbrains.kotlin.cli.jvm.compiler.CompatKt                                  : loaded 2 times (x 73B)
Class kotlin.collections.ArraysKt__ArraysKt                                           : loaded 2 times (x 73B)
Class com.google.common.math.MathPreconditions                                        : loaded 2 times (x 73B)
Class com.google.common.collect.Multiset                                              : loaded 2 times (x 72B)
Class com.google.common.collect.ArrayListMultimapGwtSerializationDependencies         : loaded 2 times (x 173B)
Class com.google.common.collect.ObjectArrays                                          : loaded 2 times (x 73B)
Class com.google.common.collect.AbstractIndexedListIterator                           : loaded 2 times (x 98B)
Class org.jetbrains.kotlin.fir.resolve.SAMInfo                                        : loaded 2 times (x 74B)
Class org.jetbrains.kotlin.fir.resolve.calls.NoCompanionObject                        : loaded 2 times (x 74B)
Class org.jetbrains.kotlin.types.model.TypeSystemContextHelpersKt                     : loaded 2 times (x 73B)
Class org.jetbrains.kotlin.types.TypeApproximatorConfiguration$PublicDeclaration      : loaded 2 times (x 89B)
Class org.jetbrains.kotlin.fir.scopes.impl.FirIntegerConstantOperatorScopeKt          : loaded 2 times (x 73B)
Class org.jetbrains.kotlin.descriptors.EffectiveVisibilityKt                          : loaded 2 times (x 73B)
Class org.jetbrains.kotlin.fir.FirLookupTrackerComponentKt                            : loaded 2 times (x 73B)
Class org.jetbrains.kotlin.fir.resolve.transformers.body.resolve.FirAbstractBodyResolveTransformerDispatcher: loaded 2 times (x 465B)
Class org.jetbrains.kotlin.fir.EnumClassUtilsKt                                       : loaded 2 times (x 73B)
Class org.jetbrains.kotlin.fir.references.FirDelegateFieldReference                   : loaded 2 times (x 92B)
Class org.jetbrains.kotlin.fir.declarations.impl.FirDefaultPropertyBackingField       : loaded 2 times (x 225B)
Class [Lorg.jetbrains.kotlin.fir.declarations.FirResolvePhase;                        : loaded 2 times (x 71B)
Class org.jetbrains.kotlin.types.Variance                                             : loaded 2 times (x 81B)
Class org.jetbrains.kotlin.utils.exceptions.KotlinIllegalStateExceptionWithAttachments: loaded 2 times (x 94B)
Class org.jetbrains.kotlin.fir.analysis.checkers.syntax.FirMissingConstructorKeywordSyntaxChecker: loaded 2 times (x 90B)
Class org.jetbrains.kotlin.fir.analysis.checkers.syntax.FirExplicitApiDeclarationChecker: loaded 2 times (x 90B)
Class org.jetbrains.kotlin.fir.resolve.providers.impl.FirSyntheticFunctionInterfaceProviderBase$symbolNamesProvider$1: loaded 2 times (x 85B)
Class org.jetbrains.kotlin.fir.scopes.impl.FirAbstractOverrideChecker                 : loaded 2 times (x 82B)
Class org.jetbrains.kotlin.fir.types.TypeUtilsKt                                      : loaded 2 times (x 73B)
Class org.jetbrains.kotlin.fir.resolve.FirSamConstructorStorage                       : loaded 2 times (x 74B)
Class org.jetbrains.kotlin.fir.types.TypeComponents$typeContext$1                     : loaded 2 times (x 957B)
Class [Lorg.jetbrains.kotlin.name.ClassId;                                            : loaded 2 times (x 71B)
Class org.jetbrains.kotlin.resolve.constants.ConstantValue                            : loaded 2 times (x 78B)
Class org.jetbrains.kotlin.renderer.DescriptorRendererImpl$RenderDeclarationDescriptorVisitor: loaded 2 times (x 91B)
Class org.jetbrains.kotlin.serialization.deserialization.descriptors.DeserializedContainerSource: loaded 2 times (x 72B)
Class org.jetbrains.kotlin.protobuf.ByteString$ByteIterator                           : loaded 2 times (x 72B)
Class org.jetbrains.kotlin.konan.properties.PropertiesKt                              : loaded 2 times (x 73B)
Class org.jetbrains.kotlin.com.google.common.collect.ImmutableSet$CachingAsList       : loaded 2 times (x 150B)
Class org.jetbrains.kotlin.com.intellij.psi.impl.source.tree.FileElement$1            : loaded 2 times (x 79B)
Class org.jetbrains.kotlin.com.intellij.openapi.editor.impl.IntervalTreeImpl          : loaded 2 times (x 110B)
Class [Lorg.jetbrains.kotlin.psi.KtAnnotation;                                        : loaded 2 times (x 71B)
Class org.jetbrains.kotlin.com.intellij.extapi.psi.PsiFileBase                        : loaded 2 times (x 726B)
Class org.jetbrains.kotlin.com.intellij.injected.editor.VirtualFileWindow             : loaded 2 times (x 72B)
Class [Lorg.jetbrains.kotlin.com.intellij.psi.PsiJvmModifiersOwner;                   : loaded 2 times (x 71B)
Class org.jetbrains.kotlin.fir.extensions.FirExtensionRegistrar$Companion             : loaded 2 times (x 73B)
Class org.jetbrains.kotlin.com.intellij.util.io.FileAccessorCache$1                   : loaded 2 times (x 85B)
Class org.jetbrains.kotlin.com.intellij.openapi.util.RecursionManager$CachingPreventedException: loaded 2 times (x 84B)
Class org.jetbrains.kotlin.com.intellij.psi.controlFlow.ControlFlowFactory            : loaded 2 times (x 77B)
Class org.jetbrains.kotlin.com.fasterxml.aalto.util.XmlCharTypes                      : loaded 2 times (x 74B)
Class kotlinx.coroutines.Job                                                          : loaded 2 times (x 72B)
Class org.jetbrains.kotlin.com.intellij.psi.compiled.ClassFileDecompilers             : loaded 2 times (x 74B)
Class org.jetbrains.kotlin.com.intellij.psi.PsiJavaDocumentedElement                  : loaded 2 times (x 72B)
Class org.jetbrains.kotlin.com.intellij.util.containers.ConcurrentLongObjectMap$LongEntry: loaded 2 times (x 72B)
Class org.jetbrains.kotlin.com.intellij.util.messages.impl.MessageBusImpl$MessageHandlerHolder: loaded 2 times (x 72B)
Class org.jetbrains.kotlin.com.intellij.util.containers.DisposableWrapperList$DisposableWrapper: loaded 2 times (x 79B)
Class org.jetbrains.kotlin.kotlinx.collections.immutable.ImmutableList                : loaded 2 times (x 72B)
Class org.jetbrains.kotlin.com.intellij.openapi.editor.ReadOnlyFragmentModificationException: loaded 2 times (x 84B)
Class org.jetbrains.kotlin.com.intellij.openapi.editor.ex.DocumentEx                  : loaded 2 times (x 72B)
Class org.jetbrains.kotlin.com.intellij.openapi.extensions.Extensions                 : loaded 2 times (x 73B)
Class org.jetbrains.kotlin.com.intellij.openapi.Disposable                            : loaded 2 times (x 72B)
Class kotlin.collections.SetsKt__SetsJVMKt                                            : loaded 2 times (x 73B)
Class kotlin.reflect.jvm.internal.impl.builtins.jvm.JavaToKotlinClassMap              : loaded 2 times (x 73B)
Class kotlin.reflect.jvm.internal.KotlinReflectionInternalError                       : loaded 2 times (x 84B)
Class kotlin.Function                                                                 : loaded 2 times (x 72B)
Class com.google.common.collect.ImmutableMapEntrySet                                  : loaded 2 times (x 153B)
Class org.gradle.api.internal.classpath.Module                                        : loaded 2 times (x 72B)
Class org.jetbrains.kotlin.diagnostics.LightTreePositioningStrategies$UNREACHABLE_CODE$1: loaded 2 times (x 76B)
Class org.jetbrains.kotlin.fir.scopes.MemberWithBaseScope                             : loaded 2 times (x 74B)
Class org.jetbrains.kotlin.metadata.deserialization.VersionRequirement$Companion      : loaded 2 times (x 73B)
Class org.jetbrains.kotlin.fir.resolve.transformers.body.resolve.ImplicitBodyResolveComputationSession: loaded 2 times (x 75B)
Class [Lorg.jetbrains.kotlin.fir.expressions.FirAnnotationResolvePhase;               : loaded 2 times (x 71B)
Class org.jetbrains.kotlin.resolve.RequireKotlinConstants                             : loaded 2 times (x 73B)
Class org.jetbrains.kotlin.resolve.calls.inference.components.ConstraintInjector      : loaded 2 times (x 74B)
Class org.jetbrains.kotlin.renderer.OverrideRenderingPolicy                           : loaded 2 times (x 81B)
Class org.jetbrains.kotlin.storage.LockBasedStorageManager$MapBasedMemoizedFunctionToNotNull: loaded 2 times (x 87B)
Class org.jetbrains.kotlin.psi.KtPropertyDelegate                                     : loaded 2 times (x 380B)
Class org.jetbrains.kotlin.com.intellij.openapi.editor.impl.RedBlackTree              : loaded 2 times (x 93B)
Class org.jetbrains.kotlin.com.intellij.util.BitUtil                                  : loaded 2 times (x 73B)
Class org.jetbrains.kotlin.psi.KtTypeParameterListOwner                               : loaded 2 times (x 72B)
Class org.jetbrains.kotlin.metadata.deserialization.Flags$FlagField                   : loaded 2 times (x 75B)
Class [Lorg.jetbrains.kotlin.com.intellij.openapi.util.Iconable;                      : loaded 2 times (x 71B)
Class org.jetbrains.kotlin.com.intellij.psi.PsiQualifiedReferenceElement              : loaded 2 times (x 72B)
Class kotlinx.coroutines.internal.DispatchedContinuationKt                            : loaded 2 times (x 73B)
Class kotlin.internal.ProgressionUtilKt                                               : loaded 2 times (x 73B)
Class org.jetbrains.kotlin.com.intellij.psi.impl.ElementBase                          : loaded 2 times (x 106B)
Class org.jetbrains.kotlin.com.intellij.openapi.vfs.VirtualFileMoveEvent              : loaded 2 times (x 81B)
Class org.jetbrains.kotlin.com.intellij.util.ReflectionUtil                           : loaded 2 times (x 73B)
Class org.jetbrains.kotlin.com.intellij.util.messages.impl.MessageBusImpl$Companion   : loaded 2 times (x 73B)
Class org.jetbrains.kotlin.com.intellij.ide.plugins.DisabledPluginsState              : loaded 2 times (x 77B)
Class org.jetbrains.kotlin.com.intellij.navigation.ItemPresentationProviders          : loaded 2 times (x 88B)
Class kotlin.io.FileAlreadyExistsException                                            : loaded 2 times (x 84B)
Class org.jetbrains.kotlin.com.intellij.util.containers.IdentityHashingStrategy       : loaded 2 times (x 77B)
Class org.jetbrains.kotlin.com.intellij.openapi.util.Disposer                         : loaded 2 times (x 73B)
Class kotlin.reflect.KMutableProperty                                                 : loaded 2 times (x 72B)
Class com.google.common.cache.Weigher                                                 : loaded 2 times (x 72B)
Class org.gradle.api.internal.classpath.UnknownModuleException                        : loaded 2 times (x 84B)
Class org.jetbrains.kotlin.com.intellij.openapi.util.io.FileAttributes$CaseSensitivity: loaded 2 times (x 81B)
Class org.jetbrains.kotlin.com.intellij.openapi.vfs.impl.ArchiveHandler$1             : loaded 2 times (x 73B)
Class org.jetbrains.kotlin.com.intellij.util.messages.impl.MessageBusImplKt           : loaded 2 times (x 73B)
Class org.jetbrains.kotlin.diagnostics.PositioningStrategies$FOR_UNRESOLVED_REFERENCE$1: loaded 2 times (x 76B)
Class org.jetbrains.kotlin.diagnostics.PositioningStrategies$CONTEXT_KEYWORD$1        : loaded 2 times (x 76B)
Class org.jetbrains.kotlin.diagnostics.LightTreePositioningStrategies$DECLARATION_SIGNATURE$1: loaded 2 times (x 76B)
Class org.jetbrains.kotlin.fir.resolve.calls.stages.CheckLowPriorityInOverloadResolution: loaded 2 times (x 74B)
Class org.jetbrains.kotlin.metadata.ProtoBuf$QualifiedNameTable$QualifiedName         : loaded 2 times (x 112B)
Class org.jetbrains.kotlin.com.google.common.collect.ImmutableList$1                  : loaded 2 times (x 99B)
Class org.jetbrains.kotlin.diagnostics.DiagnosticContext                              : loaded 2 times (x 72B)
Class org.jetbrains.kotlin.fir.analysis.checkers.declaration.FirSealedInterfaceAllowedChecker: loaded 2 times (x 78B)
Class org.jetbrains.kotlin.fir.analysis.checkers.LanguageVersionSettingsCheckers$Companion$EMPTY$1: loaded 2 times (x 75B)
Class org.jetbrains.kotlin.fir.types.ConeDynamicType                                  : loaded 2 times (x 83B)
Class org.jetbrains.kotlin.fir.types.ConeTypeContext                                  : loaded 2 times (x 72B)
Class org.jetbrains.kotlin.fir.types.impl.FirImplicitIntTypeRef                       : loaded 2 times (x 108B)
Class org.jetbrains.kotlin.types.checker.NewKotlinTypeCheckerImpl                     : loaded 2 times (x 83B)
Class org.jetbrains.kotlin.renderer.AnnotationArgumentsRenderingPolicy                : loaded 2 times (x 81B)
Class org.jetbrains.kotlin.descriptors.ParameterDescriptor                            : loaded 2 times (x 72B)
Class org.jetbrains.kotlin.platform.TargetPlatformVersion$NoVersion                   : loaded 2 times (x 76B)
Class org.jetbrains.kotlin.metadata.ProtoBuf$TypeAliasOrBuilder                       : loaded 2 times (x 72B)
Class org.jetbrains.kotlin.library.impl.KotlinLibraryImplKt                           : loaded 2 times (x 73B)
Class org.jetbrains.kotlin.com.intellij.psi.PsiDocCommentBase                         : loaded 2 times (x 72B)
Class org.jetbrains.kotlin.com.intellij.util.text.ImmutableText                       : loaded 2 times (x 106B)
Class org.jetbrains.kotlin.psi.KtClassLiteralExpression                               : loaded 2 times (x 581B)
Class org.jetbrains.kotlin.psi.KtSuperTypeCallEntry                                   : loaded 2 times (x 521B)
Class org.jetbrains.kotlin.psi.KtSuperTypeList                                        : loaded 2 times (x 449B)
Class org.jetbrains.kotlin.psi.LambdaArgument                                         : loaded 2 times (x 72B)
Class [Lorg.jetbrains.kotlin.psi.KtTypeConstraintList;                                : loaded 2 times (x 71B)
Class org.jetbrains.kotlin.lexer.KtToken                                              : loaded 2 times (x 77B)
Class [Lorg.jetbrains.kotlin.metadata.ProtoBuf$Class$Kind;                            : loaded 2 times (x 71B)
Class org.jetbrains.kotlin.resolve.jvm.KotlinFinderMarker                             : loaded 2 times (x 72B)
Class org.jetbrains.kotlin.com.intellij.lang.java.parser.JavaParserUtil$ParserWrapper : loaded 2 times (x 72B)
Class org.jetbrains.kotlin.com.intellij.psi.impl.file.impl.FileManagerImpl$1          : loaded 2 times (x 76B)
Class org.jetbrains.kotlin.com.intellij.core.CorePackageIndex                         : loaded 2 times (x 77B)
Class org.jetbrains.kotlin.com.intellij.openapi.vfs.VirtualFileSetFactory             : loaded 2 times (x 72B)
Class org.jetbrains.kotlin.com.fasterxml.aalto.in.ReaderConfig                        : loaded 2 times (x 76B)
Class kotlinx.coroutines.internal.LockFreeTaskQueueCore                               : loaded 2 times (x 74B)
Class org.jetbrains.kotlin.com.intellij.psi.impl.compiled.ClsDecompilerImpl$MyClsStubBuilder: loaded 2 times (x 75B)
Class org.jetbrains.kotlin.com.intellij.codeInsight.folding.impl.JavaCodeFoldingSettingsBase: loaded 2 times (x 73B)
Class org.jetbrains.kotlin.com.intellij.lexer.MergingLexerAdapter                     : loaded 2 times (x 89B)
Class org.jetbrains.kotlin.com.intellij.lang.ASTNode                                  : loaded 2 times (x 72B)
Class org.jetbrains.kotlin.com.intellij.openapi.vfs.encoding.EncodingManager          : loaded 2 times (x 76B)
Class org.jetbrains.kotlin.kotlinx.collections.immutable.internal.CommonFunctionsKt   : loaded 2 times (x 73B)
Class org.jetbrains.kotlin.com.intellij.util.containers.FastUtilCharSequenceHashingStrategy: loaded 2 times (x 77B)
Class org.jetbrains.kotlin.com.intellij.openapi.vfs.pointers.VirtualFilePointerManager: loaded 2 times (x 78B)
Class [Lorg.jetbrains.kotlin.cli.jvm.compiler.EnvironmentConfigFiles;                 : loaded 2 times (x 71B)
Class kotlin.sequences.FlatteningSequence                                             : loaded 2 times (x 77B)
Class kotlin.jvm.internal.PropertyReference                                           : loaded 2 times (x 117B)
Class org.jetbrains.kotlin.config.Services$Companion                                  : loaded 2 times (x 73B)
Class jdk.internal.jimage.ImageHeader                                                 : loaded 2 times (x 73B)
Class com.google.common.base.Stopwatch                                                : loaded 2 times (x 74B)
Class com.google.common.cache.LocalCache$Strength                                     : loaded 2 times (x 83B)
Class com.google.common.cache.Cache                                                   : loaded 2 times (x 72B)
Class org.jetbrains.kotlin.com.intellij.util.io.FileAccessorCache$Handle              : loaded 2 times (x 82B)
Class org.jetbrains.kotlin.diagnostics.LightTreePositioningStrategies$SPREAD_OPERATOR$1: loaded 2 times (x 76B)
Class org.jetbrains.kotlin.fir.resolve.dfa.cfg.VariableAssignmentNode                 : loaded 2 times (x 83B)
Class org.jetbrains.kotlin.fir.declarations.FirDeclarationOrigin$SubstitutionOverride$CallSite: loaded 2 times (x 74B)
Class org.jetbrains.kotlin.fir.scopes.ConeSubstitutionScopeKey                        : loaded 2 times (x 74B)
Class org.jetbrains.kotlin.fir.scopes.FirUnstableSmartcastTypeScope                   : loaded 2 times (x 84B)
Class org.jetbrains.kotlin.fir.resolve.calls.stages.EagerResolveOfCallableReferences$check$1: loaded 2 times (x 89B)
Class org.jetbrains.kotlin.fir.resolve.calls.candidate.FirNamedReferenceWithCandidate : loaded 2 times (x 93B)
Class org.jetbrains.kotlin.resolve.calls.inference.ConstraintSystemBuilder            : loaded 2 times (x 72B)
Class org.jetbrains.kotlin.fir.resolve.dfa.PersistentFlow                             : loaded 2 times (x 77B)
Class org.jetbrains.kotlin.fir.resolve.dfa.cfg.ControlFlowGraph$Kind                  : loaded 2 times (x 81B)
Class org.jetbrains.kotlin.fir.expressions.impl.FirExpressionStub                     : loaded 2 times (x 118B)
Class org.jetbrains.kotlin.serialization.deserialization.NameResolverUtilKt           : loaded 2 times (x 73B)
Class kotlin.collections.IndexingIterator                                             : loaded 2 times (x 81B)
Class org.jetbrains.kotlin.fir.resolve.transformers.FirTotalResolveProcessorKt        : loaded 2 times (x 73B)
Class [Lorg.jetbrains.kotlin.fir.declarations.FirTypeParameterRefsOwner;              : loaded 2 times (x 71B)
Class org.jetbrains.kotlin.fir.analysis.checkers.expression.FirEqualityCompatibilityChecker: loaded 2 times (x 78B)
Class org.jetbrains.kotlin.name.StandardClassIds$Callables                            : loaded 2 times (x 73B)
Class org.jetbrains.kotlin.fir.analysis.checkers.declaration.FirMixedFunctionalTypesInSupertypesChecker$Regular: loaded 2 times (x 79B)
Class org.jetbrains.kotlin.fir.analysis.checkers.declaration.FirInlinePropertyChecker : loaded 2 times (x 78B)
Class org.jetbrains.kotlin.fir.declarations.FirDeclarationOrigin                      : loaded 2 times (x 74B)
Class org.jetbrains.kotlin.fir.serialization.FirProvidedDeclarationsForMetadataService$Companion: loaded 2 times (x 73B)
Class org.jetbrains.kotlin.fir.types.impl.FirImplicitUnitTypeRef                      : loaded 2 times (x 108B)
Class org.jetbrains.kotlin.cli.common.FirSessionConstructionUtilsKt                   : loaded 2 times (x 73B)
Class org.jetbrains.kotlin.fir.deserialization.ModuleDataProvider                     : loaded 2 times (x 76B)
Class org.jetbrains.kotlin.fir.deserialization.LibraryPathFilter$LibraryList          : loaded 2 times (x 75B)
Class org.jetbrains.kotlin.serialization.deserialization.ClassDeserializer$ClassKey   : loaded 2 times (x 74B)
Class org.jetbrains.kotlin.descriptors.PropertyAccessorDescriptor                     : loaded 2 times (x 72B)
Class org.jetbrains.kotlin.descriptors.impl.PackageFragmentDescriptorImpl             : loaded 2 times (x 142B)
Class org.jetbrains.kotlin.protobuf.LiteralByteString                                 : loaded 2 times (x 114B)
Class org.jetbrains.kotlin.protobuf.LazyFieldLite                                     : loaded 2 times (x 84B)
Class org.jetbrains.kotlin.com.intellij.util.text.ByteArrayCharSequence               : loaded 2 times (x 92B)
Class [Lorg.jetbrains.kotlin.psi.KtLambdaArgument;                                    : loaded 2 times (x 71B)
Class org.jetbrains.kotlin.psi.stubs.KotlinUserTypeStub                               : loaded 2 times (x 72B)
Class org.jetbrains.kotlin.psi.stubs.elements.KtSecondaryConstructorElementType       : loaded 2 times (x 109B)
Class [Lorg.jetbrains.kotlin.psi.KtTypeAlias;                                         : loaded 2 times (x 71B)
Class org.jetbrains.kotlin.com.intellij.psi.stubs.StubTreeLoader$StubTreeAndIndexUnmatchCoarseException: loaded 2 times (x 85B)
Class org.jetbrains.kotlin.fir.resolve.FirSamConversionTransformerExtension           : loaded 2 times (x 78B)
Class org.jetbrains.kotlin.com.intellij.psi.PsiInferenceHelper                        : loaded 2 times (x 72B)
Class kotlin.coroutines.CombinedContext                                               : loaded 2 times (x 80B)
Class org.jetbrains.kotlin.com.intellij.psi.impl.PsiExpressionEvaluator               : loaded 2 times (x 79B)
Class org.jetbrains.kotlin.com.intellij.psi.impl.source.javadoc.PsiSnippetAttributeValueImpl: loaded 2 times (x 381B)
Class org.jetbrains.kotlin.com.intellij.psi.stubs.StubTree                            : loaded 2 times (x 83B)
Class org.jetbrains.kotlin.com.intellij.psi.impl.source.tree.FileElement              : loaded 2 times (x 265B)
Class org.jetbrains.kotlin.kotlinx.collections.immutable.implementations.immutableMap.TrieNode$Companion: loaded 2 times (x 73B)
Class org.jetbrains.kotlin.it.unimi.dsi.fastutil.objects.AbstractReference2ObjectMap  : loaded 2 times (x 166B)
Class org.jetbrains.kotlin.com.intellij.util.containers.ConcurrentIntObjectMap        : loaded 2 times (x 72B)
Class org.jetbrains.kotlin.cli.common.CLIConfigurationKeys                            : loaded 2 times (x 73B)
Class com.google.common.util.concurrent.AbstractFuture$Cancellation                   : loaded 2 times (x 74B)
Class com.google.common.collect.ImmutableMap$Builder                                  : loaded 2 times (x 84B)
Class com.google.common.base.NullnessCasts                                            : loaded 2 times (x 73B)
Class org.jetbrains.kotlin.fir.analysis.checkers.FirOptionalExpectationHelpersKt      : loaded 2 times (x 73B)
Class org.jetbrains.kotlin.diagnostics.PositioningStrategies$IMPORT_LAST_BUT_ONE_NAME$1: loaded 2 times (x 76B)
Class org.jetbrains.kotlin.diagnostics.PositioningStrategies$ANNOTATION_USE_SITE$1    : loaded 2 times (x 76B)
Class org.jetbrains.kotlin.fir.resolve.calls.tower.FirTowerResolver$enqueueResolutionTasks$1: loaded 2 times (x 97B)
Class org.jetbrains.kotlin.resolve.calls.inference.model.InitialConstraint            : loaded 2 times (x 74B)
Class org.jetbrains.kotlin.fir.resolve.FirSamResolver$SamConversionInfo               : loaded 2 times (x 74B)
Class org.jetbrains.kotlin.fir.resolve.ResolutionMode$WithExpectedType                : loaded 2 times (x 74B)
Class [Lorg.jetbrains.kotlin.resolve.calls.inference.model.NewConstraintSystemImpl$State;: loaded 2 times (x 71B)
Class org.jetbrains.kotlin.fir.types.ConeAttributeWithConeType                        : loaded 2 times (x 83B)
Class org.jetbrains.kotlin.fir.types.ConeClassLikeErrorLookupTag                      : loaded 2 times (x 76B)
Class org.jetbrains.kotlin.utils.SmartSet                                             : loaded 2 times (x 145B)
Class org.jetbrains.kotlin.fir.scopes.impl.DefaultImportPriority$HIGH                 : loaded 2 times (x 82B)
Class org.jetbrains.kotlin.fir.builder.FirLabelBuilder                                : loaded 2 times (x 74B)
Class org.jetbrains.kotlin.com.google.common.collect.RegularImmutableBiMap$Inverse$InverseEntrySet: loaded 2 times (x 154B)
Class org.jetbrains.kotlin.fir.InitialSignatureKey                                    : loaded 2 times (x 73B)
Class org.jetbrains.kotlin.KtFakeSourceElementKind$ReferenceInAtomicQualifiedAccess   : loaded 2 times (x 74B)
Class org.jetbrains.kotlin.fir.types.FirTypeProjection                                : loaded 2 times (x 89B)
Class org.jetbrains.kotlin.fir.resolve.providers.FirProviderKt                        : loaded 2 times (x 73B)
Class org.jetbrains.kotlin.fir.analysis.checkers.expression.FirTypeArgumentsOfQualifierOfCallableReferenceChecker: loaded 2 times (x 78B)
Class org.jetbrains.kotlin.fir.analysis.checkers.expression.FirClassLiteralChecker    : loaded 2 times (x 78B)
Class org.jetbrains.kotlin.fir.analysis.checkers.expression.FirArrayOfNothingQualifierChecker: loaded 2 times (x 78B)
Class org.jetbrains.kotlin.fir.analysis.checkers.expression.FirMissingDependencyClassChecker: loaded 2 times (x 86B)
Class org.jetbrains.kotlin.fir.declarations.FirProperty                               : loaded 2 times (x 215B)
Class org.jetbrains.kotlin.fir.resolve.calls.overloads.FirDeclarationOverloadabilityHelperImpl: loaded 2 times (x 77B)
Class org.jetbrains.kotlin.types.model.TypeSystemBuiltInsContext                      : loaded 2 times (x 72B)
Class org.jetbrains.kotlin.fir.FirSession                                             : loaded 2 times (x 85B)
Class org.jetbrains.kotlin.konan.target.KonanTarget$IOS_ARM64                         : loaded 2 times (x 80B)
Class org.jetbrains.kotlin.com.intellij.lang.impl.TokenSequence                       : loaded 2 times (x 89B)
Class org.jetbrains.kotlin.it.unimi.dsi.fastutil.ints.IntList                         : loaded 2 times (x 72B)
Class org.jetbrains.kotlin.psi.KtBinaryExpression                                     : loaded 2 times (x 506B)
Class [Lorg.jetbrains.kotlin.com.intellij.psi.impl.source.tree.LazyParseableElement;  : loaded 2 times (x 71B)
Class org.jetbrains.kotlin.cli.jvm.index.SingleJavaFileRootsIndex                     : loaded 2 times (x 74B)
Class org.jetbrains.kotlin.resolve.jvm.modules.JavaModuleFinder                       : loaded 2 times (x 72B)
Class [Lorg.jetbrains.kotlin.psi.LambdaArgument;                                      : loaded 2 times (x 71B)
Class [Lorg.jetbrains.kotlin.psi.KtTypeParameterList;                                 : loaded 2 times (x 71B)
Class [Lorg.jetbrains.kotlin.psi.KtNamedFunction;                                     : loaded 2 times (x 71B)
Class org.jetbrains.kotlin.lexer.KtModifierKeywordToken                               : loaded 2 times (x 80B)
Class [Lorg.jetbrains.kotlin.psi.KtNamedDeclarationStub;                              : loaded 2 times (x 71B)
Class org.jetbrains.kotlin.resolve.jvm.NotFoundPackagesCachingStrategy$Default        : loaded 2 times (x 76B)
Class org.jetbrains.kotlin.extensions.DeclarationAttributeAltererExtension$Companion  : loaded 2 times (x 74B)
Class [Lorg.jetbrains.kotlin.com.intellij.util.containers.LinkedCustomHashMap$Entry;  : loaded 2 times (x 71B)
Class [Lorg.jetbrains.kotlin.com.intellij.psi.PsiElement;                             : loaded 2 times (x 71B)
Class org.jetbrains.kotlin.com.intellij.psi.impl.source.resolve.ResolveCache$StrongValueReference: loaded 2 times (x 83B)
Class org.jetbrains.kotlin.com.intellij.lang.java.lexer.JavaLexer                     : loaded 2 times (x 86B)
Class org.jetbrains.kotlin.com.intellij.util.graph.impl.GraphAlgorithmsImpl           : loaded 2 times (x 73B)
Class org.jetbrains.kotlin.com.intellij.util.KeyedLazyInstanceEP                      : loaded 2 times (x 85B)
Class org.jetbrains.kotlin.com.intellij.openapi.vfs.newvfs.BulkFileListener           : loaded 2 times (x 72B)
Class org.jetbrains.kotlin.com.intellij.openapi.editor.ReadOnlyModificationException  : loaded 2 times (x 84B)
Class org.jetbrains.kotlin.com.intellij.openapi.util.KeyedExtensionCollector          : loaded 2 times (x 88B)
Class [Lkotlin.reflect.jvm.internal.impl.builtins.PrimitiveType;                      : loaded 2 times (x 71B)
Class kotlin.reflect.jvm.internal.impl.builtins.StandardNames                         : loaded 2 times (x 73B)
Class kotlin.reflect.jvm.internal.ReflectProperties$LazySoftVal                       : loaded 2 times (x 80B)
Class [Lkotlin.reflect.KAnnotatedElement;                                             : loaded 2 times (x 71B)
Class org.jetbrains.kotlin.cli.common.arguments.CommonToolArguments$Companion         : loaded 2 times (x 73B)
Class com.google.common.cache.RemovalListener                                         : loaded 2 times (x 72B)
Class org.gradle.api.internal.DefaultClassPathRegistry                                : loaded 2 times (x 78B)
Class org.jetbrains.kotlin.diagnostics.PositioningStrategies$DOT_BY_QUALIFIED$1       : loaded 2 times (x 76B)
Class org.jetbrains.kotlin.diagnostics.PositioningStrategies$IMPORT_ALIAS$1           : loaded 2 times (x 76B)
Class org.jetbrains.kotlin.fir.declarations.FirConstructedClassTypeParameterRef       : loaded 2 times (x 98B)
Class org.jetbrains.kotlin.resolve.calls.inference.model.LambdaArgumentConstraintPosition: loaded 2 times (x 74B)
Class org.jetbrains.kotlin.fir.references.FirReferenceUtilsKt                         : loaded 2 times (x 73B)
Class [Lorg.jetbrains.kotlin.fir.resolve.calls.stages.FirCallArgumentsProcessor$State;: loaded 2 times (x 71B)
Class org.jetbrains.kotlin.fir.resolve.dfa.cfg.CFGNodeKt                              : loaded 2 times (x 73B)
Class org.jetbrains.kotlin.fir.resolve.calls.tower.FirTowerResolver$enqueueResolutionTasks$2: loaded 2 times (x 97B)
Class org.jetbrains.kotlin.metadata.ProtoBuf$Type$Argument$Projection$1               : loaded 2 times (x 76B)
Class org.jetbrains.kotlin.fir.resolve.substitution.ConeSubstitutor                   : loaded 2 times (x 76B)
Class org.jetbrains.kotlin.fir.extensions.OriginalCallDataKey                         : loaded 2 times (x 73B)
Class org.jetbrains.kotlin.fir.resolve.transformers.FirTypeResolveTransformer         : loaded 2 times (x 392B)
Class org.jetbrains.kotlin.com.google.common.collect.RegularImmutableBiMap$Inverse$InverseEntrySet$1: loaded 2 times (x 215B)
Class org.jetbrains.kotlin.fir.declarations.builder.FirReceiverParameterBuilder       : loaded 2 times (x 80B)
Class org.jetbrains.kotlin.fir.analysis.checkers.syntax.FirUnresolvedInMiddleOfImportChecker: loaded 2 times (x 90B)
Class org.jetbrains.kotlin.fir.analysis.checkers.declaration.FirPublishedApiChecker   : loaded 2 times (x 78B)
Class org.jetbrains.kotlin.name.JsStandardClassIds                                    : loaded 2 times (x 73B)
Class org.jetbrains.kotlin.fir.scopes.impl.FirEnumEntriesSupport                      : loaded 2 times (x 75B)
Class org.jetbrains.kotlin.fir.scopes.impl.FirGeneratedMemberDeclarationsStorage$CallableStorage: loaded 2 times (x 74B)
Class org.jetbrains.kotlin.fir.types.impl.FirImplicitShortTypeRef                     : loaded 2 times (x 108B)
Class org.jetbrains.kotlin.builtins.PrimitiveType                                     : loaded 2 times (x 81B)
Class org.jetbrains.kotlin.resolve.ExternalOverridabilityCondition                    : loaded 2 times (x 72B)
Class org.jetbrains.kotlin.descriptors.MemberDescriptor                               : loaded 2 times (x 72B)
Class org.jetbrains.kotlin.descriptors.ModuleDescriptor$DefaultImpls                  : loaded 2 times (x 73B)
Class [Lorg.jetbrains.kotlin.renderer.OverrideRenderingPolicy;                        : loaded 2 times (x 71B)
Class org.jetbrains.kotlin.protobuf.SmallSortedMap$EmptySet$1                         : loaded 2 times (x 80B)
Class org.jetbrains.kotlin.protobuf.AbstractMessageLite$Builder$LimitedInputStream    : loaded 2 times (x 94B)
Class org.jetbrains.kotlin.library.impl.BaseKotlinLibraryImpl$componentList$2         : loaded 2 times (x 81B)
Class org.jetbrains.kotlin.com.intellij.lang.LighterASTNode                           : loaded 2 times (x 72B)
Class org.jetbrains.kotlin.com.intellij.lang.impl.PsiBuilderImpl                      : loaded 2 times (x 143B)
Class [Lorg.jetbrains.kotlin.it.unimi.dsi.fastutil.Function;                          : loaded 2 times (x 71B)
Class org.jetbrains.kotlin.psi.KtSimpleNameStringTemplateEntry                        : loaded 2 times (x 446B)
Class org.jetbrains.kotlin.psi.stubs.KotlinCollectionLiteralExpressionStub            : loaded 2 times (x 72B)
Class org.jetbrains.kotlin.psi.stubs.elements.KtConstantExpressionElementType$Companion: loaded 2 times (x 73B)
Class [Lorg.jetbrains.kotlin.psi.KtInitializerList;                                   : loaded 2 times (x 71B)
Class org.jetbrains.kotlin.psi.KtExpressionImplStub                                   : loaded 2 times (x 507B)
Class [Lorg.jetbrains.kotlin.psi.KtClassInitializer;                                  : loaded 2 times (x 71B)
Class org.jetbrains.kotlin.psi.KtVariableDeclaration                                  : loaded 2 times (x 72B)
Class org.jetbrains.kotlin.psi.KtClassOrObject                                        : loaded 2 times (x 1101B)
Class [Lorg.jetbrains.kotlin.com.intellij.psi.tree.TokenSet;                          : loaded 2 times (x 71B)
Class org.jetbrains.kotlin.com.intellij.psi.impl.PsiFileEx                            : loaded 2 times (x 72B)
Class org.jetbrains.kotlin.com.fasterxml.aalto.in.NsBinding                           : loaded 2 times (x 74B)
Class kotlin.ranges.ClosedRange                                                       : loaded 2 times (x 72B)
Class org.jetbrains.kotlin.com.intellij.psi.tree.ILightStubFileElementType            : loaded 2 times (x 112B)
Class org.jetbrains.kotlin.com.intellij.util.pico.CachingConstructorInjectionComponentAdapter: loaded 2 times (x 79B)
Class org.jetbrains.kotlin.com.intellij.psi.impl.source.CharTableImpl$StringHashToCharSequencesMap: loaded 2 times (x 227B)
Class org.jetbrains.kotlin.com.intellij.openapi.application.CachedSingletonsRegistry  : loaded 2 times (x 73B)
Class org.jetbrains.kotlin.com.intellij.util.pico.PicoException                       : loaded 2 times (x 84B)
Class org.jetbrains.kotlin.it.unimi.dsi.fastutil.ints.Int2ObjectOpenHashMap           : loaded 2 times (x 227B)
Class kotlin.reflect.KProperty                                                        : loaded 2 times (x 72B)
Class kotlin.jvm.internal.Reflection                                                  : loaded 2 times (x 73B)
Class kotlin.jvm.JvmClassMappingKt                                                    : loaded 2 times (x 73B)
Class org.jetbrains.kotlin.cli.jvm.index.JvmDependenciesDynamicCompoundIndex          : loaded 2 times (x 79B)
Class org.jetbrains.kotlin.com.intellij.lang.impl.PsiBuilderImpl$Node                 : loaded 2 times (x 72B)
Class com.google.common.primitives.IntsMethodsForWeb                                  : loaded 2 times (x 73B)
Class com.google.common.collect.Multimap                                              : loaded 2 times (x 72B)
Class org.gradle.internal.classpath.DefaultClassPath$ImmutableUniqueList              : loaded 2 times (x 201B)
Class org.gradle.api.internal.ClassPathRegistry                                       : loaded 2 times (x 72B)
Class org.jetbrains.kotlin.fir.symbols.impl.FirAnonymousInitializerSymbol             : loaded 2 times (x 74B)
Class org.jetbrains.kotlin.kotlinx.collections.immutable.implementations.immutableMap.PersistentHashMapEntriesIterator: loaded 2 times (x 84B)
Class org.jetbrains.kotlin.fir.scopes.impl.FirLocalScope                              : loaded 2 times (x 82B)
Class org.jetbrains.kotlin.fir.declarations.DeprecationsProviderImpl                  : loaded 2 times (x 75B)
Class org.jetbrains.kotlin.fir.declarations.DeclarationUtilsKt                        : loaded 2 times (x 73B)
Class org.jetbrains.kotlin.fir.scopes.impl.FirPackageMemberScopeKt                    : loaded 2 times (x 73B)
Class org.jetbrains.kotlin.resolve.ImportPath$Companion                               : loaded 2 times (x 73B)
Class kotlin.collections.IntIterator                                                  : loaded 2 times (x 84B)
Class org.jetbrains.kotlin.fir.declarations.FirTypeParameter                          : loaded 2 times (x 124B)
Class org.jetbrains.kotlin.fir.resolve.transformers.FirStatusResolveProcessor         : loaded 2 times (x 78B)
Class org.jetbrains.kotlin.kotlinx.collections.immutable.PersistentList$Builder       : loaded 2 times (x 72B)
Class org.jetbrains.kotlin.descriptors.Visibilities$Protected                         : loaded 2 times (x 81B)
Class org.jetbrains.kotlin.fir.expressions.FirAnonymousFunctionExpression             : loaded 2 times (x 122B)
Class org.jetbrains.kotlin.com.google.common.collect.SingletonImmutableList           : loaded 2 times (x 209B)
Class org.jetbrains.kotlin.com.google.common.math.IntMath                             : loaded 2 times (x 73B)
Class org.jetbrains.kotlin.fir.expressions.impl.FirEmptyAnnotationArgumentMapping     : loaded 2 times (x 90B)
Class org.jetbrains.kotlin.com.intellij.psi.tree.ILightLazyParseableElementType       : loaded 2 times (x 72B)
Class org.jetbrains.kotlin.fir.analysis.checkers.type.FirIncompatibleClassTypeChecker : loaded 2 times (x 78B)
Class org.jetbrains.kotlin.descriptors.ClassKind                                      : loaded 2 times (x 81B)
Class org.jetbrains.kotlin.fir.analysis.checkers.declaration.FirEnumEntryInitializationChecker: loaded 2 times (x 78B)
Class org.jetbrains.kotlin.fir.analysis.checkers.declaration.FirCommonConstructorDelegationIssuesChecker: loaded 2 times (x 78B)
Class org.jetbrains.kotlin.fir.analysis.checkers.declaration.FirPrimaryConstructorSuperTypeChecker: loaded 2 times (x 78B)
Class org.jetbrains.kotlin.fir.analysis.checkers.declaration.FirFunctionNameChecker   : loaded 2 times (x 78B)
Class org.jetbrains.kotlin.fir.declarations.FirTypeParametersOwner                    : loaded 2 times (x 72B)
Class org.jetbrains.kotlin.AbstractKtSourceElement                                    : loaded 2 times (x 75B)
Class org.jetbrains.kotlin.fir.resolve.calls.overloads.ConeCallConflictResolverFactory: loaded 2 times (x 74B)
Class org.jetbrains.kotlin.fir.analysis.checkers.expression.FirGenericArrayClassLiteralSupport$Disabled: loaded 2 times (x 76B)
Class kotlin.jvm.internal.TypeIntrinsics                                              : loaded 2 times (x 73B)
Class org.jetbrains.kotlin.fir.scopes.impl.FirGeneratedMemberDeclarationsStorage      : loaded 2 times (x 74B)
Class org.jetbrains.kotlin.fir.types.impl.FirImplicitStringTypeRef                    : loaded 2 times (x 108B)
Class org.jetbrains.kotlin.fir.FirElement                                             : loaded 2 times (x 72B)
Class org.jetbrains.kotlin.mpp.TypeRefMarker                                          : loaded 2 times (x 72B)
Class org.jetbrains.kotlin.konan.target.KonanTarget$Companion$predefinedTargets$2     : loaded 2 times (x 80B)
Class org.jetbrains.kotlin.metadata.ProtoBuf$ValueParameterOrBuilder                  : loaded 2 times (x 72B)
Class org.jetbrains.kotlin.protobuf.SmallSortedMap$EmptySet$2                         : loaded 2 times (x 80B)
Class org.jetbrains.kotlin.metadata.ProtoBuf$PackageOrBuilder                         : loaded 2 times (x 72B)
Class org.jetbrains.kotlin.it.unimi.dsi.fastutil.ints.IntListIterator                 : loaded 2 times (x 72B)
Class org.jetbrains.kotlin.KtNodeTypes                                                : loaded 2 times (x 72B)
Class org.jetbrains.kotlin.com.intellij.openapi.fileEditor.impl.LoadTextUtil$SevenBitCharset: loaded 2 times (x 84B)
Class org.jetbrains.kotlin.psi.KtStringTemplateExpression                             : loaded 2 times (x 680B)
Class org.jetbrains.kotlin.psi.KtImportInfo$ImportContent                             : loaded 2 times (x 73B)
Class [Lorg.jetbrains.kotlin.com.intellij.psi.PsiPackage;                             : loaded 2 times (x 71B)
Class org.jetbrains.kotlin.extensions.StorageComponentContainerContributor            : loaded 2 times (x 72B)
Class org.jetbrains.kotlin.com.intellij.psi.scope.NameHint                            : loaded 2 times (x 72B)
Class org.jetbrains.kotlin.com.intellij.core.JavaCoreProjectEnvironment               : loaded 2 times (x 90B)
Class org.jetbrains.kotlin.com.intellij.openapi.extensions.impl.ExtensionProcessingHelper: loaded 2 times (x 73B)
Class kotlinx.coroutines.DispatchedTaskKt                                             : loaded 2 times (x 73B)
Class kotlinx.coroutines.internal.SystemPropsKt__SystemProps_commonKt                 : loaded 2 times (x 73B)
Class kotlinx.coroutines.ThreadContextElement                                         : loaded 2 times (x 72B)
Class org.jetbrains.kotlin.com.intellij.DynamicBundle$LanguageBundleEP                : loaded 2 times (x 77B)
Class org.jetbrains.kotlin.kotlinx.collections.immutable.implementations.immutableList.SmallPersistentVector$Companion: loaded 2 times (x 73B)
Class org.jetbrains.kotlin.com.intellij.openapi.util.SimpleModificationTracker        : loaded 2 times (x 78B)
Class kotlin.reflect.jvm.internal.impl.resolve.jvm.JvmPrimitiveType                   : loaded 2 times (x 81B)
Class org.jetbrains.kotlin.com.google.common.collect.BiMap                            : loaded 2 times (x 72B)
Class kotlin.text.StringsKt__StringsJVMKt                                             : loaded 2 times (x 73B)
Class jdk.internal.jimage.decompressor.ResourceDecompressor                           : loaded 2 times (x 72B)
Class org.gradle.kotlin.dsl.DebugImplementationConfigurationAccessorsKt               : loaded 2 times (x 73B)
Class com.google.common.base.ExtraObjectsMethodsForWeb                                : loaded 2 times (x 73B)
Class org.jetbrains.kotlin.com.intellij.lexer.LexerPosition                           : loaded 2 times (x 72B)
Class org.jetbrains.kotlin.diagnostics.PositioningStrategies$DeclarationHeader        : loaded 2 times (x 77B)
Class org.jetbrains.kotlin.diagnostics.LightTreePositioningStrategies$SELECTOR_BY_QUALIFIED$1: loaded 2 times (x 76B)
Class org.jetbrains.kotlin.fir.resolve.dfa.cfg.BlockExitNode                          : loaded 2 times (x 83B)
Class org.jetbrains.kotlin.fir.types.ConeRawType                                      : loaded 2 times (x 81B)
Class org.jetbrains.kotlin.fir.resolve.calls.tower.FirTowerResolver$enqueueResolutionTasks$4: loaded 2 times (x 97B)
Class org.jetbrains.kotlin.fir.declarations.FirResolvePhaseKt                         : loaded 2 times (x 73B)
Class org.jetbrains.kotlin.fir.resolve.dfa.cfg.LiteralExpressionNode                  : loaded 2 times (x 83B)
Class org.jetbrains.kotlin.fir.expressions.builder.FirEnumEntryDeserializedAccessExpressionBuilder: loaded 2 times (x 88B)
Class org.jetbrains.kotlin.metadata.deserialization.VersionRequirementTable           : loaded 2 times (x 74B)
Class org.jetbrains.kotlin.fir.deserialization.FirTypeDeserializer$FlexibleTypeFactory: loaded 2 times (x 72B)
Class org.jetbrains.kotlin.com.google.common.collect.AbstractMapBasedMultimap$WrappedCollection$WrappedIterator: loaded 2 times (x 86B)
Class org.jetbrains.kotlin.fir.scopes.impl.FirSingleLevelDefaultStarImportingScope    : loaded 2 times (x 82B)
Class org.jetbrains.kotlin.fir.resolve.transformers.body.resolve.FirBodyResolveTransformer: loaded 2 times (x 466B)
Class org.jetbrains.kotlin.fir.declarations.FirDeclarationOrigin$Synthetic$FakeFunction: loaded 2 times (x 74B)
Class org.jetbrains.kotlin.fir.declarations.FirValueParameter                         : loaded 2 times (x 205B)
Class org.jetbrains.kotlin.fir.ClassMembersKt                                         : loaded 2 times (x 73B)
Class org.jetbrains.kotlin.fir.analysis.checkers.declaration.FirMissingDependencyClassForLambdaReceiverChecker: loaded 2 times (x 86B)
Class org.jetbrains.kotlin.fir.analysis.checkers.declaration.FirOptInImportsChecker   : loaded 2 times (x 78B)
Class org.jetbrains.kotlin.fir.analysis.checkers.declaration.FirThrowableSubclassChecker: loaded 2 times (x 78B)
Class org.jetbrains.kotlin.fir.extensions.FirSwitchableExtensionDeclarationsSymbolProvider: loaded 2 times (x 83B)
Class org.jetbrains.kotlin.fir.declarations.FirMemberDeclaration                      : loaded 2 times (x 124B)
Class org.jetbrains.kotlin.fir.declarations.FirControlFlowGraphOwner                  : loaded 2 times (x 72B)
Class org.jetbrains.kotlin.fir.caches.NullableMap                                     : loaded 2 times (x 74B)
Class org.jetbrains.kotlin.types.AbstractTypePreparator                               : loaded 2 times (x 74B)
Class org.jetbrains.kotlin.konan.target.KonanTarget$LINUX_ARM64                       : loaded 2 times (x 80B)
Class org.jetbrains.kotlin.konan.target.KonanTarget$LINUX_X64                         : loaded 2 times (x 80B)
Class [Lorg.jetbrains.kotlin.konan.target.Architecture;                               : loaded 2 times (x 71B)
Class org.jetbrains.kotlin.descriptors.DeclarationDescriptor                          : loaded 2 times (x 72B)
Class org.jetbrains.kotlin.incremental.components.LookupTracker$DO_NOTHING            : loaded 2 times (x 78B)
Class org.jetbrains.kotlin.library.KotlinAbiVersionKt                                 : loaded 2 times (x 73B)
Class org.jetbrains.kotlin.psi.KtObjectLiteralExpression                              : loaded 2 times (x 440B)
Class org.jetbrains.kotlin.psi.KtLoopExpression                                       : loaded 2 times (x 442B)
Class org.jetbrains.kotlin.psi.KtConstructorDelegationCall                            : loaded 2 times (x 454B)
Class org.jetbrains.kotlin.psi.KtExpressionImpl                                       : loaded 2 times (x 439B)
Class org.jetbrains.kotlin.lexer.KtTokens                                             : loaded 2 times (x 72B)
Class [Lorg.jetbrains.kotlin.psi.KtContextReceiver;                                   : loaded 2 times (x 71B)
Class org.jetbrains.kotlin.com.intellij.psi.impl.light.LightModifierList              : loaded 2 times (x 377B)
Class org.jetbrains.kotlin.compiler.plugin.CompilerPluginRegistrar$ExtensionStorage   : loaded 2 times (x 74B)
Class org.jetbrains.kotlin.com.intellij.util.containers.LinkedCustomHashMap$RemoveCallback: loaded 2 times (x 72B)
Class org.jetbrains.kotlin.com.intellij.psi.impl.JvmPsiConversionHelperImpl           : loaded 2 times (x 85B)
Class org.jetbrains.kotlin.com.intellij.openapi.extensions.ExtensionPointUtil         : loaded 2 times (x 73B)
Class org.jetbrains.kotlin.com.intellij.openapi.extensions.ProjectExtensionPointName  : loaded 2 times (x 74B)
Class org.jetbrains.kotlin.com.fasterxml.aalto.util.BufferRecycler                    : loaded 2 times (x 74B)
Class org.jetbrains.kotlin.com.intellij.psi.impl.compiled.ClsDecompilerImpl           : loaded 2 times (x 80B)
Class org.jetbrains.kotlin.com.intellij.psi.PsiLocalVariable                          : loaded 2 times (x 72B)
Class org.jetbrains.kotlin.com.intellij.psi.presentation.java.ClassPresentationProvider: loaded 2 times (x 78B)
Class org.jetbrains.kotlin.com.intellij.psi.tree.IStubFileElementType                 : loaded 2 times (x 110B)
Class org.jetbrains.kotlin.com.intellij.psi.javadoc.PsiDocToken                       : loaded 2 times (x 72B)
Class org.jetbrains.kotlin.compiler.plugin.CompilerPluginRegistrar$Companion          : loaded 2 times (x 73B)
Class org.jetbrains.kotlin.it.unimi.dsi.fastutil.objects.AbstractObject2ObjectMap     : loaded 2 times (x 166B)
Class kotlin.collections.SetsKt                                                       : loaded 2 times (x 73B)
Class kotlin.text.StringsKt__IndentKt                                                 : loaded 2 times (x 73B)
Class org.jetbrains.kotlin.parsing.KotlinParsing$2                                    : loaded 2 times (x 80B)
Class com.google.common.cache.CacheBuilder                                            : loaded 2 times (x 74B)
Class com.google.common.collect.SingletonImmutableList                                : loaded 2 times (x 209B)
Class org.gradle.internal.classpath.ClassPath                                         : loaded 2 times (x 72B)
Class org.jetbrains.kotlin.com.intellij.openapi.Disposable$Parent                     : loaded 2 times (x 72B)
Class org.jetbrains.kotlin.diagnostics.LightTreePositioningStrategies$QUESTION_MARK_BY_TYPE$1: loaded 2 times (x 76B)
Class org.jetbrains.kotlin.fir.declarations.FirCodeFragment                           : loaded 2 times (x 113B)
Class org.jetbrains.kotlin.fir.scopes.impl.FirTypeIntersectionScopeContext$ResultOfIntersection$SingleMember: loaded 2 times (x 75B)
Class org.jetbrains.kotlin.fir.resolve.dfa.cfg.LoopEnterNode                          : loaded 2 times (x 83B)
Class org.jetbrains.kotlin.kotlinx.collections.immutable.implementations.immutableMap.PersistentHashMapEntries: loaded 2 times (x 168B)
Class org.jetbrains.kotlin.fir.expressions.FirIntegerLiteralOperatorCall              : loaded 2 times (x 186B)
Class org.jetbrains.kotlin.types.ConstantValueKind$UnsignedIntegerLiteral             : loaded 2 times (x 74B)
Class org.jetbrains.kotlin.resolve.calls.inference.model.ReceiverConstraintPosition   : loaded 2 times (x 74B)
Class org.jetbrains.kotlin.descriptors.EffectiveVisibility$Internal                   : loaded 2 times (x 77B)
Class org.jetbrains.kotlin.metadata.deserialization.TypeTable                         : loaded 2 times (x 74B)
Class [Lorg.jetbrains.kotlin.fir.scopes.impl.DefaultImportPriority;                   : loaded 2 times (x 71B)
Class org.jetbrains.kotlin.fir.resolve.FirSamConversionTransformerExtensionKt         : loaded 2 times (x 73B)
Class org.jetbrains.kotlin.fir.resolve.calls.overloads.ConeOverloadConflictResolver$SpecificityComparisonWithNumerics$1: loaded 2 times (x 76B)
Class [Lorg.jetbrains.kotlin.fir.resolve.dfa.cfg.ControlFlowGraphBuilder$PostponedLambdas;: loaded 2 times (x 71B)
Class org.jetbrains.kotlin.fir.resolve.transformers.mpp.FirExpectActualMatcherProcessor: loaded 2 times (x 78B)
Class kotlin.collections.ArrayDeque                                                   : loaded 2 times (x 209B)
Class org.jetbrains.kotlin.fir.resolve.transformers.FirSupertypeResolverTransformer   : loaded 2 times (x 384B)
Class org.jetbrains.kotlin.fir.declarations.FirDeclarationOrigin$Synthetic            : loaded 2 times (x 74B)
Class org.jetbrains.kotlin.fir.IsJavaRecordComponentKey                               : loaded 2 times (x 73B)
Class org.jetbrains.kotlin.fir.references.impl.FirSimpleNamedReference                : loaded 2 times (x 91B)
Class org.jetbrains.kotlin.fir.declarations.builder.FirImportBuilder                  : loaded 2 times (x 74B)
Class org.jetbrains.kotlin.fir.extensions.FirDeclarationGenerationExtensionKt         : loaded 2 times (x 73B)
Class org.jetbrains.kotlin.fir.analysis.checkers.expression.FirForLoopChecker         : loaded 2 times (x 78B)
Class org.jetbrains.kotlin.fir.analysis.checkers.FirCheckerWithMppKind                : loaded 2 times (x 72B)
Class org.jetbrains.kotlin.renderer.DescriptorRendererModifier                        : loaded 2 times (x 81B)
Class org.jetbrains.kotlin.descriptors.annotations.Annotations                        : loaded 2 times (x 72B)
Class [Lorg.jetbrains.kotlin.parsing.KotlinParsing$DeclarationParsingMode;            : loaded 2 times (x 71B)
Class org.jetbrains.kotlin.psi.KtSimpleNameExpressionImpl                             : loaded 2 times (x 571B)
Class org.jetbrains.kotlin.com.intellij.openapi.editor.ex.PrioritizedDocumentListener : loaded 2 times (x 72B)
Class [Lorg.jetbrains.kotlin.psi.KtDynamicType;                                       : loaded 2 times (x 71B)
Class org.jetbrains.kotlin.fir.analysis.extensions.FirAdditionalCheckersExtension     : loaded 2 times (x 81B)
Class kotlin.reflect.jvm.internal.KPackageImpl                                        : loaded 2 times (x 87B)
Class org.jetbrains.kotlin.extensions.internal.TypeResolutionInterceptor              : loaded 2 times (x 74B)
Class org.jetbrains.kotlin.com.intellij.psi.scope.MethodProcessorSetupFailedException : loaded 2 times (x 84B)
Class org.jetbrains.kotlin.com.intellij.psi.PsiType$Stub                              : loaded 2 times (x 102B)
Class org.jetbrains.kotlin.idea.KotlinLanguage                                        : loaded 2 times (x 109B)
Class org.jetbrains.kotlin.com.fasterxml.aalto.util.DataUtil                          : loaded 2 times (x 73B)
Class org.jetbrains.kotlin.com.intellij.ide.plugins.ActionDescriptorName              : loaded 2 times (x 81B)
Class org.jetbrains.kotlin.com.intellij.lang.java.lexer.BasicJavaLexer                : loaded 2 times (x 86B)
Class org.jetbrains.kotlin.kotlinx.collections.immutable.implementations.immutableSet.PersistentHashSetIterator: loaded 2 times (x 84B)
Class org.jetbrains.kotlin.com.intellij.psi.PsiReferenceProvider                      : loaded 2 times (x 76B)
Class org.jetbrains.kotlin.com.intellij.util.containers.CollectionFactory             : loaded 2 times (x 73B)
Class [Lkotlin.reflect.jvm.internal.impl.name.FqName;                                 : loaded 2 times (x 71B)
Class org.jetbrains.kotlin.com.google.common.collect.AbstractMapBasedMultimap$WrappedList: loaded 2 times (x 207B)
Class kotlin.reflect.KFunction                                                        : loaded 2 times (x 72B)
Class com.google.common.collect.ImmutableList$ReverseImmutableList                    : loaded 2 times (x 210B)
Class com.google.common.base.JdkPattern                                               : loaded 2 times (x 77B)
Class org.jetbrains.kotlin.load.kotlin.JvmPackagePartProviderBase                     : loaded 2 times (x 94B)
Class org.jetbrains.kotlin.fir.analysis.collectors.components.ControlFlowAnalysisDiagnosticComponent$LocalPropertyCollector: loaded 2 times (x 228B)
Class org.jetbrains.kotlin.fir.analysis.checkers.declaration.FirMemberPropertiesCheckerKt: loaded 2 times (x 73B)
Class org.jetbrains.kotlin.diagnostics.PositioningStrategies$DELEGATOR_SUPER_CALL$1   : loaded 2 times (x 76B)
Class org.jetbrains.kotlin.resolve.calls.model.PostponedCallableReferenceMarker       : loaded 2 times (x 72B)
Class org.jetbrains.kotlin.fir.scopes.impl.FirClassSubstitutionScopeKt                : loaded 2 times (x 73B)
Class org.jetbrains.kotlin.fir.resolve.calls.CallToDeprecatedOverrideOfHidden         : loaded 2 times (x 74B)
Class org.jetbrains.kotlin.resolve.calls.inference.components.TypeCheckerStateForConstraintSystem: loaded 2 times (x 83B)
Class org.jetbrains.kotlin.fir.resolve.calls.tower.FirBaseTowerResolveTask            : loaded 2 times (x 76B)
Class [Lorg.jetbrains.kotlin.descriptors.EffectiveVisibility$Permissiveness;          : loaded 2 times (x 71B)
Class org.jetbrains.kotlin.metadata.deserialization.VersionRequirement                : loaded 2 times (x 74B)
Class org.jetbrains.kotlin.metadata.ProtoBuf$Type$ArgumentOrBuilder                   : loaded 2 times (x 72B)
Class org.jetbrains.kotlin.utils.SmartList$EmptyIterator                              : loaded 2 times (x 83B)
Class org.jetbrains.kotlin.fir.resolve.calls.tower.FirTowerResolver                   : loaded 2 times (x 74B)
Class org.jetbrains.kotlin.fir.resolve.calls.stages.ResolutionStageRunner             : loaded 2 times (x 73B)
Class org.jetbrains.kotlin.fir.resolve.transformers.ReturnTypeCalculatorForFullBodyResolve: loaded 2 times (x 76B)
Class org.jetbrains.kotlin.fir.references.FirThisReference                            : loaded 2 times (x 97B)
Class org.jetbrains.kotlin.descriptors.Modality$Companion                             : loaded 2 times (x 73B)
Class org.jetbrains.kotlin.fir.analysis.checkers.expression.FirCastOperatorsChecker   : loaded 2 times (x 78B)
Class org.jetbrains.kotlin.fir.analysis.checkers.expression.FirConstructorCallChecker : loaded 2 times (x 78B)
Class org.jetbrains.kotlin.fir.analysis.checkers.declaration.FirEnumEntriesRedeclarationChecker: loaded 2 times (x 78B)
Class org.jetbrains.kotlin.fir.analysis.checkers.declaration.FirTypeParametersInObjectChecker: loaded 2 times (x 78B)
Class org.jetbrains.kotlin.fir.analysis.checkers.declaration.FirInitializerTypeMismatchChecker: loaded 2 times (x 78B)
Class org.jetbrains.kotlin.fir.extensions.FirPredicateBasedProviderImpl$Cache         : loaded 2 times (x 74B)
Class org.jetbrains.kotlin.util.ComponentArrayOwner                                   : loaded 2 times (x 84B)
Class org.jetbrains.kotlin.renderer.RenderingUtilsKt                                  : loaded 2 times (x 73B)
Class org.jetbrains.kotlin.descriptors.impl.PackageViewDescriptorFactory$Default      : loaded 2 times (x 76B)
Class org.jetbrains.kotlin.konan.target.KonanTarget$MINGW_X64                         : loaded 2 times (x 80B)
Class org.jetbrains.kotlin.descriptors.deserialization.PlatformDependentDeclarationFilter: loaded 2 times (x 72B)
Class org.jetbrains.kotlin.protobuf.GeneratedMessageLite$GeneratedExtension           : loaded 2 times (x 81B)
Class [Lorg.jetbrains.kotlin.com.google.common.collect.ImmutableEntry;                : loaded 2 times (x 71B)
Class org.jetbrains.kotlin.psi.KtWhenExpression                                       : loaded 2 times (x 448B)
Class org.jetbrains.kotlin.com.intellij.lang.FCTSBackedLighterAST                     : loaded 2 times (x 78B)
Class org.jetbrains.kotlin.com.intellij.openapi.editor.impl.IntervalTreeImpl$IntervalNode: loaded 2 times (x 105B)
Class [Lorg.jetbrains.kotlin.psi.KtContextReceiverList;                               : loaded 2 times (x 71B)
Class org.jetbrains.kotlin.psi.KtValueArgument                                        : loaded 2 times (x 463B)
Class org.jetbrains.kotlin.psi.stubs.elements.KtPrimaryConstructorElementType         : loaded 2 times (x 109B)
Class [Lorg.jetbrains.kotlin.psi.KtSecondaryConstructor;                              : loaded 2 times (x 71B)
Class [Lorg.jetbrains.kotlin.psi.KtAnnotated;                                         : loaded 2 times (x 71B)
Class org.jetbrains.kotlin.com.intellij.codeInsight.ExternalAnnotationsManager        : loaded 2 times (x 89B)
Class org.jetbrains.kotlin.com.intellij.psi.impl.PsiModificationTrackerImpl$1         : loaded 2 times (x 76B)
Class org.jetbrains.kotlin.com.intellij.mock.MockProject                              : loaded 2 times (x 210B)
Class org.jetbrains.kotlin.com.intellij.psi.impl.ResolveScopeManager                  : loaded 2 times (x 76B)
Class [Lkotlinx.coroutines.CoroutineStart;                                            : loaded 2 times (x 71B)
Class kotlinx.coroutines.CoroutineDispatcher$Key                                      : loaded 2 times (x 74B)
Class org.jetbrains.kotlin.com.intellij.codeInsight.folding.JavaCodeFoldingSettings   : loaded 2 times (x 73B)
Class org.jetbrains.kotlin.com.intellij.psi.stubs.Stub                                : loaded 2 times (x 72B)
Class org.jetbrains.kotlin.com.intellij.openapi.util.KeyWithDefaultValue              : loaded 2 times (x 80B)
Class org.jetbrains.kotlin.kotlinx.collections.immutable.implementations.immutableSet.TrieNode$Companion: loaded 2 times (x 73B)
Class org.jetbrains.kotlin.com.intellij.util.pico.PicoInitializationException         : loaded 2 times (x 84B)
Class org.jetbrains.kotlin.com.intellij.psi.impl.source.tree.LeafElement              : loaded 2 times (x 206B)
Class [Lorg.jetbrains.kotlin.com.intellij.openapi.vfs.VirtualFileSystem;              : loaded 2 times (x 71B)
Class org.jetbrains.kotlin.com.intellij.openapi.vfs.VirtualFileManagerListener        : loaded 2 times (x 72B)
Class org.jetbrains.kotlin.com.intellij.openapi.util.SystemInfoRt                     : loaded 2 times (x 73B)
Class org.jetbrains.kotlin.com.intellij.openapi.diagnostic.Logger                     : loaded 2 times (x 101B)
Class org.jetbrains.kotlin.com.intellij.util.text.CharArrayCharSequence               : loaded 2 times (x 103B)
Class org.jetbrains.kotlin.config.CommonConfigurationKeys                             : loaded 2 times (x 73B)
Class kotlin.jvm.internal.Lambda                                                      : loaded 2 times (x 77B)
Class [Lkotlin.reflect.KDeclarationContainer;                                         : loaded 2 times (x 71B)
Class kotlin.collections.MapsKt__MapsKt                                               : loaded 2 times (x 73B)
Class [Lorg.jetbrains.kotlin.library.KotlinIrSignatureVersion;                        : loaded 2 times (x 71B)
Class org.objectweb.asm.SymbolTable$Entry                                             : loaded 2 times (x 75B)
Class org.gradle.api.internal.classpath.DefaultModuleRegistry$DefaultModuleAlias      : loaded 2 times (x 82B)
Class org.jetbrains.kotlin.diagnostics.LightTreePositioningStrategies$IMPORT_LAST_BUT_ONE_NAME$1: loaded 2 times (x 76B)
Class org.jetbrains.kotlin.fir.declarations.FirDeclarationOrigin$Delegated            : loaded 2 times (x 74B)
Class org.jetbrains.kotlin.fir.resolve.inference.PostponedArgumentsAnalyzer$analyzeLambda$1: loaded 2 times (x 128B)
Class org.jetbrains.kotlin.types.TypeApproximatorConfiguration$InternalTypesApproximation: loaded 2 times (x 90B)
Class org.jetbrains.kotlin.fir.scopes.impl.FirDefaultStarImportingScope$processFunctionsByName$1: loaded 2 times (x 127B)
Class org.jetbrains.kotlin.fir.resolve.calls.FirSyntheticNamesProviderKt              : loaded 2 times (x 73B)
Class org.jetbrains.kotlin.fir.resolve.calls.candidate.ErrorCandidateUtilsKt          : loaded 2 times (x 73B)
Class org.jetbrains.kotlin.fir.resolve.calls.FirCallResolver$ResolutionResult         : loaded 2 times (x 74B)
Class org.jetbrains.kotlin.fir.util.ListMultimap                                      : loaded 2 times (x 112B)
Class org.jetbrains.kotlin.fir.resolve.dfa.cfg.GraphEnterNodeMarker                   : loaded 2 times (x 72B)
Class org.jetbrains.kotlin.fir.resolve.transformers.FirTypeResolveProcessor           : loaded 2 times (x 78B)
Class org.jetbrains.kotlin.fir.declarations.utils.FirDeclarationBuildingUtilsKt       : loaded 2 times (x 73B)
Class org.jetbrains.kotlin.fir.DelegatedWrapperDataKey                                : loaded 2 times (x 73B)
Class [Lorg.jetbrains.kotlin.fir.types.ConeTypeParameterType;                         : loaded 2 times (x 71B)
Class org.jetbrains.kotlin.fir.types.ConeTypeParameterType                            : loaded 2 times (x 82B)
Class org.jetbrains.kotlin.fir.analysis.checkers.CommonTypeCheckers                   : loaded 2 times (x 75B)
Class org.jetbrains.kotlin.fir.analysis.checkers.expression.FirUnsupportedArrayLiteralChecker: loaded 2 times (x 78B)
Class org.jetbrains.kotlin.fir.analysis.checkers.expression.FirInlineBodyResolvedQualifierChecker: loaded 2 times (x 78B)
Class org.jetbrains.kotlin.fir.analysis.checkers.declaration.FirVolatileAnnotationChecker: loaded 2 times (x 78B)
Class org.jetbrains.kotlin.KtLightSourceElement                                       : loaded 2 times (x 81B)
Class org.jetbrains.kotlin.fir.declarations.FirDeclarationOrigin$Library              : loaded 2 times (x 74B)
Class org.jetbrains.kotlin.fir.types.FirFunctionTypeKindServiceImpl                   : loaded 2 times (x 79B)
Class org.jetbrains.kotlin.fir.scopes.impl.FirSynthesizedStorage                      : loaded 2 times (x 74B)
Class org.jetbrains.kotlin.fir.FirModuleCapabilities                                  : loaded 2 times (x 84B)
Class org.jetbrains.kotlin.konan.target.KonanTarget$ANDROID_X86                       : loaded 2 times (x 80B)
Class org.jetbrains.kotlin.metadata.ProtoBuf$Property$1                               : loaded 2 times (x 146B)
Class org.jetbrains.kotlin.metadata.ProtoBuf$Type                                     : loaded 2 times (x 146B)
Class org.jetbrains.kotlin.metadata.ProtoBuf$Class                                    : loaded 2 times (x 181B)
Class [Lorg.jetbrains.kotlin.lexer.KtToken;                                           : loaded 2 times (x 71B)
Class [Lorg.jetbrains.kotlin.com.intellij.psi.impl.ReparseableASTNode;                : loaded 2 times (x 71B)
Class [Lorg.jetbrains.kotlin.psi.KtSuperTypeList;                                     : loaded 2 times (x 71B)
Class [Lorg.jetbrains.kotlin.com.intellij.extapi.psi.ASTDelegatePsiElement;           : loaded 2 times (x 71B)
Class org.jetbrains.kotlin.psi.KtNamedDeclarationStub                                 : loaded 2 times (x 914B)
Class org.jetbrains.kotlin.psi.stubs.elements.KtStubElementTypes                      : loaded 2 times (x 72B)
Class [Lorg.jetbrains.kotlin.com.intellij.psi.PsiFileSystemItem;                      : loaded 2 times (x 71B)
Class org.jetbrains.kotlin.fir.backend.Fir2IrScriptConfiguratorExtension              : loaded 2 times (x 78B)
Class org.jetbrains.kotlin.cli.jvm.compiler.jarfs.FastJarFileSystem$cachedOpenFileHandles$1: loaded 2 times (x 85B)
Class org.jetbrains.kotlin.cli.jvm.compiler.CliKotlinAsJavaSupport                    : loaded 2 times (x 105B)
Class org.jetbrains.kotlin.com.intellij.psi.PsiJavaCodeReferenceElement               : loaded 2 times (x 72B)
Class org.jetbrains.kotlin.com.intellij.diagnostic.ImplementationConflictException    : loaded 2 times (x 84B)
Class org.jetbrains.kotlin.com.intellij.openapi.command.CommandListener               : loaded 2 times (x 72B)
Class org.jetbrains.kotlin.com.intellij.openapi.progress.Task$Backgroundable          : loaded 2 times (x 91B)
Class org.jetbrains.kotlin.com.intellij.openapi.util.text.StringUtilRt                : loaded 2 times (x 73B)
Class org.jetbrains.kotlin.config.CommonConfigurationKeysKt                           : loaded 2 times (x 73B)
Class org.jetbrains.kotlin.com.google.common.collect.MapDifference                    : loaded 2 times (x 72B)
Class kotlin.jvm.internal.markers.KMutableMap$Entry                                   : loaded 2 times (x 72B)
Class jdk.internal.jimage.ImageStringsReader                                          : loaded 2 times (x 82B)
Class org.objectweb.asm.Edge                                                          : loaded 2 times (x 74B)
Class com.google.common.base.Suppliers$SupplierOfInstance                             : loaded 2 times (x 81B)
Class com.google.common.collect.Iterators$1                                           : loaded 2 times (x 83B)
Class org.jetbrains.kotlin.diagnostics.PositioningStrategies$USELESS_ELVIS$1          : loaded 2 times (x 76B)
Class org.jetbrains.kotlin.diagnostics.LightTreePositioningStrategies$IMPORT_LAST_NAME$1: loaded 2 times (x 76B)
Class org.jetbrains.kotlin.fir.resolve.dfa.FirLocalVariableAssignmentAnalyzer$Companion$Fork: loaded 2 times (x 74B)
Class org.jetbrains.kotlin.fir.types.ConeCapturedTypeConstructor                      : loaded 2 times (x 76B)
Class [Lorg.jetbrains.kotlin.fir.resolve.transformers.body.resolve.FirExpressionsResolveTransformer$CallResolutionMode;: loaded 2 times (x 71B)
Class org.jetbrains.kotlin.fir.resolve.dfa.cfg.PropertyInitializerExitNode            : loaded 2 times (x 85B)
Class org.jetbrains.kotlin.fir.resolve.calls.stages.TypeArgumentMapping$NoExplicitArguments: loaded 2 times (x 74B)
Class org.jetbrains.kotlin.fir.resolve.calls.TooManyArguments                         : loaded 2 times (x 74B)
Class org.jetbrains.kotlin.fir.resolve.calls.ResolutionDiagnostic                     : loaded 2 times (x 74B)
Class org.jetbrains.kotlin.resolve.calls.inference.model.NewConstraintSystemImpl      : loaded 2 times (x 1327B)
Class org.jetbrains.kotlin.fir.resolve.calls.AbstractCandidate                        : loaded 2 times (x 81B)
Class org.jetbrains.kotlin.fir.scopes.ImportingScopesKt                               : loaded 2 times (x 73B)
Class org.jetbrains.kotlin.fir.resolve.dfa.cfg.ElvisExitNode                          : loaded 2 times (x 83B)
Class [Lorg.jetbrains.kotlin.fir.declarations.FirDeclaration;                         : loaded 2 times (x 71B)
Class [Lorg.jetbrains.kotlin.fir.declarations.InlineStatus;                           : loaded 2 times (x 71B)
Class org.jetbrains.kotlin.fir.expressions.FirWrappedArgumentExpression               : loaded 2 times (x 121B)
Class org.jetbrains.kotlin.fir.declarations.FirDeclarationDataRegistry$DeclarationDataAccessor: loaded 2 times (x 74B)
Class org.jetbrains.kotlin.fir.analysis.checkers.expression.FirInlineBodyVariableAssignmentChecker: loaded 2 times (x 78B)
Class org.jetbrains.kotlin.fir.analysis.checkers.expression.FirExpressionChecker      : loaded 2 times (x 78B)
Class org.jetbrains.kotlin.fir.analysis.checkers.declaration.FirAbstractOverrideChecker: loaded 2 times (x 78B)
Class org.jetbrains.kotlin.fir.analysis.checkers.declaration.FirConstPropertyChecker  : loaded 2 times (x 78B)
Class org.jetbrains.kotlin.fir.analysis.checkers.declaration.FirContractChecker       : loaded 2 times (x 78B)
Class org.jetbrains.kotlin.fir.declarations.FirFunction                               : loaded 2 times (x 182B)
Class org.jetbrains.kotlin.fir.serialization.FirProvidedDeclarationsForMetadataServiceImpl: loaded 2 times (x 78B)
Class org.jetbrains.kotlin.fir.extensions.AbstractFirRegisteredPluginAnnotations$initialize$registrar$1: loaded 2 times (x 76B)
Class org.jetbrains.kotlin.fir.scopes.impl.FirDelegatedMembersFilter                  : loaded 2 times (x 74B)
Class org.jetbrains.kotlin.types.AbstractTypeApproximator                             : loaded 2 times (x 628B)
Class org.jetbrains.kotlin.util.ArrayMap                                              : loaded 2 times (x 85B)
Class kotlin.properties.Delegates                                                     : loaded 2 times (x 73B)
Class org.jetbrains.kotlin.renderer.DescriptorRendererOptions                         : loaded 2 times (x 72B)
Class org.jetbrains.kotlin.descriptors.deserialization.AdditionalClassPartsProvider   : loaded 2 times (x 72B)
Class [Lorg.jetbrains.kotlin.com.google.common.collect.ImmutableMapEntry;             : loaded 2 times (x 71B)
Class org.jetbrains.kotlin.kdoc.lexer.KDocToken                                       : loaded 2 times (x 77B)
Class org.jetbrains.kotlin.com.intellij.psi.text.BlockSupport                         : loaded 2 times (x 75B)
Class org.jetbrains.kotlin.psi.KtQualifiedExpression                                  : loaded 2 times (x 72B)
Class org.jetbrains.kotlin.psi.stubs.KotlinTypeProjectionStub                         : loaded 2 times (x 72B)
Class org.jetbrains.kotlin.psi.stubs.KotlinModifierListStub                           : loaded 2 times (x 72B)
Class [Lorg.jetbrains.kotlin.psi.KtClassBody;                                         : loaded 2 times (x 71B)
Class org.jetbrains.kotlin.psi.KtValVarKeywordOwner                                   : loaded 2 times (x 72B)
Class org.jetbrains.kotlin.psi.KtExpression                                           : loaded 2 times (x 72B)
Class org.jetbrains.kotlin.cli.common.extensions.ReplFactoryExtension                 : loaded 2 times (x 72B)
Class org.jetbrains.kotlin.com.intellij.psi.PsiImportHolder                           : loaded 2 times (x 72B)
Class org.jetbrains.kotlin.com.intellij.openapi.roots.LanguageLevelProjectExtension   : loaded 2 times (x 75B)
Class org.jetbrains.kotlin.org.codehaus.stax2.typed.TypedValueDecoder                 : loaded 2 times (x 75B)
Class [Lorg.jetbrains.kotlin.com.intellij.util.xml.dom.XmlInterner;                   : loaded 2 times (x 71B)
Class org.jetbrains.kotlin.com.intellij.pom.PomTarget                                 : loaded 2 times (x 72B)
Class org.jetbrains.kotlin.com.intellij.psi.javadoc.PsiDocTagValue                    : loaded 2 times (x 72B)
Class org.jetbrains.kotlin.com.intellij.psi.PsiPlainText                              : loaded 2 times (x 72B)
Class org.jetbrains.kotlin.config.IrVerificationMode$Companion                        : loaded 2 times (x 73B)
Class kotlin.Metadata                                                                 : loaded 2 times (x 72B)
Class kotlin.collections.AbstractMutableSet                                           : loaded 2 times (x 144B)
Class kotlin.UninitializedPropertyAccessException                                     : loaded 2 times (x 84B)
Class com.google.common.cache.LocalCache$ComputingValueReference                      : loaded 2 times (x 98B)
Class com.google.common.collect.SingletonImmutableSet                                 : loaded 2 times (x 148B)
Class com.google.common.collect.ImmutableMap$IteratorBasedImmutableMap                : loaded 2 times (x 127B)
Class org.jetbrains.kotlin.fir.analysis.diagnostics.FirErrorsDefaultMessages          : loaded 2 times (x 78B)
Class org.jetbrains.kotlin.diagnostics.LightTreePositioningStrategiesKt$keywordStrategy$1: loaded 2 times (x 77B)
Class org.jetbrains.kotlin.diagnostics.LightTreePositioningStrategies$ACTUAL_DECLARATION_NAME$1: loaded 2 times (x 76B)
Class [Lorg.jetbrains.kotlin.fir.declarations.FirClassLikeDeclaration;                : loaded 2 times (x 71B)
Class org.jetbrains.kotlin.resolve.calls.inference.model.ConstraintKind               : loaded 2 times (x 81B)
Class org.jetbrains.kotlin.fir.scopes.impl.FirIntersectionOverrideStorage$cacheByScope$1$1: loaded 2 times (x 76B)
Class org.jetbrains.kotlin.metadata.ProtoBuf$Annotation$Argument                      : loaded 2 times (x 110B)
Class org.jetbrains.kotlin.protobuf.GeneratedMessageLite$Builder                      : loaded 2 times (x 130B)
Class org.jetbrains.kotlin.fir.declarations.FirTowerDataElement                       : loaded 2 times (x 74B)
Class org.jetbrains.kotlin.fir.extensions.FirPredicateBasedProviderKt                 : loaded 2 times (x 73B)
Class org.jetbrains.kotlin.fir.resolve.FirSpecialTowerDataContexts                    : loaded 2 times (x 74B)
Class org.jetbrains.kotlin.types.ConstantValueKind$Boolean                            : loaded 2 times (x 74B)
Class org.jetbrains.kotlin.fir.references.FirResolvedNamedReference                   : loaded 2 times (x 91B)
Class [Lorg.jetbrains.kotlin.fir.types.ConeSimpleKotlinType;                          : loaded 2 times (x 71B)
Class org.jetbrains.kotlin.fir.declarations.builder.FirPropertyBuilder                : loaded 2 times (x 141B)
Class org.jetbrains.kotlin.fir.analysis.checkers.CommonExpressionCheckers             : loaded 2 times (x 108B)
Class org.jetbrains.kotlin.fir.analysis.checkers.declaration.FirAnonymousFunctionParametersChecker: loaded 2 times (x 78B)
Class org.jetbrains.kotlin.KtSourceElement                                            : loaded 2 times (x 80B)
Class org.jetbrains.kotlin.fir.extensions.FirDeclarationPredicateRegistrar            : loaded 2 times (x 75B)
Class org.jetbrains.kotlin.fir.analysis.checkers.expression.FirGenericArrayClassLiteralSupport: loaded 2 times (x 72B)
Class org.jetbrains.kotlin.fir.DependencyListForCliModule$Builder                     : loaded 2 times (x 74B)
Class org.jetbrains.kotlin.serialization.deserialization.ContractDeserializer         : loaded 2 times (x 72B)
Class org.jetbrains.kotlin.descriptors.annotations.AnnotatedImpl                      : loaded 2 times (x 78B)
Class org.jetbrains.kotlin.konan.target.KonanTarget$TVOS_SIMULATOR_ARM64              : loaded 2 times (x 80B)
Class org.jetbrains.kotlin.konan.target.KonanTarget$Companion                         : loaded 2 times (x 73B)
Class org.jetbrains.kotlin.descriptors.DeclarationDescriptorWithSource                : loaded 2 times (x 72B)
Class org.jetbrains.kotlin.protobuf.WireFormat$FieldType$1                            : loaded 2 times (x 84B)
Class org.jetbrains.kotlin.protobuf.ByteString                                        : loaded 2 times (x 110B)
Class org.jetbrains.kotlin.parsing.AbstractTokenStreamPredicate                       : loaded 2 times (x 79B)
Class org.jetbrains.kotlin.psi.UserDataProperty                                       : loaded 2 times (x 74B)
Class [Lorg.jetbrains.kotlin.psi.KtStringTemplateEntryWithExpression;                 : loaded 2 times (x 71B)
Class org.jetbrains.kotlin.psi.KtTypeProjection                                       : loaded 2 times (x 586B)
Class org.jetbrains.kotlin.metadata.ProtoBuf$Class$Kind                               : loaded 2 times (x 84B)
Class org.jetbrains.kotlin.com.intellij.util.containers.SLRUMap                       : loaded 2 times (x 84B)
Class org.jetbrains.kotlin.com.intellij.psi.PsiType                                   : loaded 2 times (x 102B)
Class org.jetbrains.kotlin.com.intellij.psi.search.SearchScope                        : loaded 2 times (x 79B)
Class org.jetbrains.kotlin.com.intellij.psi.impl.DocumentCommitProcessor              : loaded 2 times (x 72B)
Class org.jetbrains.kotlin.org.codehaus.stax2.ri.typed.ValueDecoderFactory            : loaded 2 times (x 74B)
Class [Lorg.jetbrains.kotlin.com.intellij.ide.plugins.ActionDescriptorName;           : loaded 2 times (x 71B)
Class org.jetbrains.kotlin.com.intellij.ide.plugins.DescriptorListLoadingContext      : loaded 2 times (x 81B)
Class org.jetbrains.kotlin.com.intellij.psi.FileContextProvider                       : loaded 2 times (x 76B)
Class org.jetbrains.kotlin.com.intellij.lang.folding.CustomFoldingBuilder             : loaded 2 times (x 77B)
Class org.jetbrains.kotlin.com.intellij.lang.jvm.JvmElement                           : loaded 2 times (x 72B)
Class org.jetbrains.kotlin.com.intellij.core.CoreJavaDirectoryService                 : loaded 2 times (x 87B)
Class org.jetbrains.kotlin.com.intellij.psi.impl.source.JavaLightStubBuilder          : loaded 2 times (x 82B)
Class org.jetbrains.kotlin.com.intellij.util.containers.ContainerUtil$9               : loaded 2 times (x 82B)
Class kotlin.reflect.KProperty$Getter                                                 : loaded 2 times (x 72B)
Class org.jetbrains.kotlin.metadata.ProtoBuf$Annotation$Argument$Value$Type           : loaded 2 times (x 84B)
Class jdk.internal.jimage.ImageReader                                                 : loaded 2 times (x 77B)
Class com.google.common.cache.LocalCache$Segment                                      : loaded 2 times (x 155B)
Class org.jetbrains.kotlin.fir.visitors.FirVisitorVoid                                : loaded 2 times (x 381B)
Class org.jetbrains.kotlin.diagnostics.PositioningStrategies$COMMAS$1                 : loaded 2 times (x 76B)
Class [Lorg.jetbrains.kotlin.diagnostics.Severity;                                    : loaded 2 times (x 71B)
Class org.jetbrains.kotlin.diagnostics.Severity                                       : loaded 2 times (x 81B)
Class org.jetbrains.kotlin.fir.resolve.calls.ClassQualifierReceiver                   : loaded 2 times (x 76B)
Class org.jetbrains.kotlin.fir.resolve.calls.stages.ResolutionStagesKt                : loaded 2 times (x 73B)
Class org.jetbrains.kotlin.fir.resolve.dfa.cfg.PostponedPath                          : loaded 2 times (x 76B)
Class [Lorg.jetbrains.kotlin.fir.resolve.dfa.cfg.EdgeKind;                            : loaded 2 times (x 71B)
Class org.jetbrains.kotlin.fir.resolve.calls.stages.MapArguments                      : loaded 2 times (x 74B)
Class org.jetbrains.kotlin.fir.resolve.dfa.FlowPath                                   : loaded 2 times (x 73B)
Class org.jetbrains.kotlin.fir.declarations.ExpectActualAttributesKt                  : loaded 2 times (x 73B)
Class org.jetbrains.kotlin.fir.resolve.transformers.TransformUtilsKt                  : loaded 2 times (x 73B)
Class org.jetbrains.kotlin.fir.types.ConeKotlinTypeProjectionOut                      : loaded 2 times (x 76B)
Class org.jetbrains.kotlin.fir.scopes.impl.FirNestedClassifierScopeImpl               : loaded 2 times (x 84B)
Class org.jetbrains.kotlin.fir.scopes.CallableCopyTypeCalculator$DeferredCallableCopyTypeCalculator: loaded 2 times (x 76B)
Class org.jetbrains.kotlin.fir.resolve.dfa.FirDataFlowAnalyzer                        : loaded 2 times (x 78B)
Class org.jetbrains.kotlin.fir.analysis.checkers.declaration.FirDataClassNonPublicConstructorChecker: loaded 2 times (x 78B)
Class org.jetbrains.kotlin.fir.analysis.checkers.declaration.FirImplementationMismatchChecker: loaded 2 times (x 79B)
Class org.jetbrains.kotlin.fir.analysis.checkers.declaration.FirContextReceiversDeprecatedDeclarationChecker: loaded 2 times (x 78B)
Class org.jetbrains.kotlin.fir.symbols.impl.FirClassSymbol                            : loaded 2 times (x 80B)
Class org.jetbrains.kotlin.fir.types.impl.FirImplicitFloatTypeRef                     : loaded 2 times (x 108B)
Class org.jetbrains.kotlin.fir.types.ConeAttribute                                    : loaded 2 times (x 81B)
Class org.jetbrains.kotlin.builtins.PrimitiveType$Companion                           : loaded 2 times (x 73B)
Class org.jetbrains.kotlin.descriptors.CallableMemberDescriptor                       : loaded 2 times (x 72B)
Class org.jetbrains.kotlin.protobuf.UnmodifiableLazyStringList$2                      : loaded 2 times (x 85B)
Class org.jetbrains.kotlin.metadata.ProtoBuf$TypeParameter                            : loaded 2 times (x 131B)
Class org.jetbrains.kotlin.metadata.ProtoBuf$ValueParameter$1                         : loaded 2 times (x 146B)
Class [Lorg.jetbrains.kotlin.protobuf.WireFormat$FieldType;                           : loaded 2 times (x 71B)
Class org.jetbrains.kotlin.protobuf.WireFormat$FieldType$2                            : loaded 2 times (x 84B)
Class org.jetbrains.kotlin.library.KotlinLibraryVersioning                            : loaded 2 times (x 74B)
Class org.jetbrains.kotlin.library.impl.IrMonoliticLibraryImpl$combinedDeclarations$2 : loaded 2 times (x 81B)
Class org.jetbrains.kotlin.com.google.common.collect.ImmutableMapEntry                : loaded 2 times (x 87B)
Class org.jetbrains.kotlin.com.intellij.lexer.FlexLexer                               : loaded 2 times (x 72B)
Class org.jetbrains.kotlin.psi.KtCatchClause                                          : loaded 2 times (x 381B)
Class org.jetbrains.kotlin.psi.stubs.KotlinScriptStub                                 : loaded 2 times (x 72B)
Class [Lorg.jetbrains.kotlin.psi.KtDelegatedSuperTypeEntry;                           : loaded 2 times (x 71B)
Class org.jetbrains.kotlin.psi.stubs.elements.KtAnnotationUseSiteTargetElementType    : loaded 2 times (x 102B)
Class org.jetbrains.kotlin.psi.stubs.KotlinObjectStub                                 : loaded 2 times (x 72B)
Class org.jetbrains.kotlin.psi.stubs.elements.KtClassElementType                      : loaded 2 times (x 108B)
Class org.jetbrains.kotlin.extensions.ProcessSourcesBeforeCompilingExtension          : loaded 2 times (x 72B)
Class org.jetbrains.kotlin.it.unimi.dsi.fastutil.objects.ObjectSpliterator            : loaded 2 times (x 72B)
Class org.jetbrains.kotlin.com.intellij.util.containers.ConcurrentSoftHashMap         : loaded 2 times (x 156B)
Class org.jetbrains.kotlin.com.intellij.mock.MockResolveScopeManager                  : loaded 2 times (x 77B)
Class org.jetbrains.kotlin.com.intellij.openapi.extensions.ExtensionPointAndAreaListener: loaded 2 times (x 72B)
Class org.jetbrains.kotlin.com.intellij.openapi.progress.Task$WithResult              : loaded 2 times (x 87B)
Class [Lorg.jetbrains.kotlin.com.intellij.openapi.fileTypes.FileType;                 : loaded 2 times (x 71B)
Class org.jetbrains.kotlin.com.intellij.lang.LanguageExtension                        : loaded 2 times (x 98B)
Class org.jetbrains.kotlin.com.intellij.core.CoreFileTypeRegistry                     : loaded 2 times (x 83B)
Class org.jetbrains.kotlin.cli.jvm.compiler.KotlinCoreEnvironment                     : loaded 2 times (x 74B)
Class org.jetbrains.kotlin.it.unimi.dsi.fastutil.objects.Object2ObjectFunction        : loaded 2 times (x 72B)
Class kotlin.SafePublicationLazyImpl                                                  : loaded 2 times (x 78B)
Class org.jetbrains.kotlin.backend.common.CompilationException                        : loaded 2 times (x 84B)
Class [Lorg.jetbrains.kotlin.config.LanguageFeature$State;                            : loaded 2 times (x 71B)
Class [Lorg.jetbrains.kotlin.config.IrVerificationMode;                               : loaded 2 times (x 71B)
Class org.jetbrains.kotlin.com.google.common.collect.ImmutableEntry                   : loaded 2 times (x 84B)
Class kotlin.reflect.jvm.internal.ReflectProperties                                   : loaded 2 times (x 73B)
Class org.jetbrains.kotlin.metadata.ProtoBuf$TypeParameter$Variance$1                 : loaded 2 times (x 76B)
Class jdk.internal.jimage.ImageReader$SharedImageReader                               : loaded 2 times (x 97B)
Class org.gradle.kotlin.dsl.Accessors7un1k8mtklqdc1zhu0wdlzdjiKt                      : loaded 2 times (x 73B)
Class com.google.common.collect.SortedIterable                                        : loaded 2 times (x 72B)
Class [Lorg.objectweb.asm.SymbolTable$Entry;                                          : loaded 2 times (x 71B)
Class com.google.common.cache.CacheLoader                                             : loaded 2 times (x 76B)
Class com.google.common.collect.Iterators$4                                           : loaded 2 times (x 84B)
Class com.google.common.collect.ImmutableBiMap                                        : loaded 2 times (x 145B)
Class com.google.common.collect.AbstractListMultimap                                  : loaded 2 times (x 173B)
Class org.gradle.api.internal.classpath.ModuleRegistry                                : loaded 2 times (x 72B)
Class org.gradle.internal.installation.GradleInstallation$1                           : loaded 2 times (x 77B)
Class org.jetbrains.kotlin.fir.analysis.checkers.FirHelpersKt                         : loaded 2 times (x 73B)
Class org.jetbrains.kotlin.diagnostics.PsiPositioningStrategies$ACTUAL_DECLARATION_NAME$1: loaded 2 times (x 76B)
Class org.jetbrains.kotlin.diagnostics.PositioningStrategies$CALL_EXPRESSION$1        : loaded 2 times (x 76B)
Class org.jetbrains.kotlin.diagnostics.PositioningStrategies$WHEN_EXPRESSION$1        : loaded 2 times (x 76B)
Class [Lorg.jetbrains.kotlin.types.SmartcastStability;                                : loaded 2 times (x 71B)
Class [Lorg.jetbrains.kotlin.types.TypeCheckerState$LowerCapturedTypePolicy;          : loaded 2 times (x 71B)
Class org.jetbrains.kotlin.fir.resolve.transformers.ExpectedArgumentType              : loaded 2 times (x 73B)
Class org.jetbrains.kotlin.fir.resolve.calls.AbstractCallInfo                         : loaded 2 times (x 79B)
Class org.jetbrains.kotlin.kotlinx.collections.immutable.implementations.persistentOrderedSet.Links: loaded 2 times (x 74B)
Class org.jetbrains.kotlin.descriptors.InlineClassRepresentation                      : loaded 2 times (x 77B)
Class org.jetbrains.kotlin.fir.expressions.FirSamConversionExpression                 : loaded 2 times (x 119B)
Class org.jetbrains.kotlin.fir.expressions.builder.FirCallableReferenceAccessBuilder  : loaded 2 times (x 105B)
Class org.jetbrains.kotlin.parsing.BindAll                                            : loaded 2 times (x 76B)
Class org.jetbrains.kotlin.fir.IntersectionOverrideOriginalKey                        : loaded 2 times (x 73B)
Class org.jetbrains.kotlin.fir.expressions.FirPropertyAccessExpression                : loaded 2 times (x 160B)
Class org.jetbrains.kotlin.fir.analysis.checkers.expression.FirIncompatibleClassExpressionChecker: loaded 2 times (x 78B)
Class org.jetbrains.kotlin.fir.deserialization.AbstractFirDeserializedSymbolProvider$special$$inlined$createCache$1: loaded 2 times (x 77B)
Class org.jetbrains.kotlin.fir.extensions.FirExtensionPointName                       : loaded 2 times (x 74B)
Class org.jetbrains.kotlin.resolve.calls.inference.components.PostponedArgumentInputTypesResolver$Companion: loaded 2 times (x 73B)
Class org.jetbrains.kotlin.util.ArrayMapAccessor                                      : loaded 2 times (x 77B)
Class org.jetbrains.kotlin.util.AbstractArrayMapOwner$AbstractArrayMapAccessor        : loaded 2 times (x 73B)
Class org.jetbrains.kotlin.fir.types.impl.ConeClassLikeTypeImpl                       : loaded 2 times (x 83B)
Class org.jetbrains.kotlin.fir.FirModuleData                                          : loaded 2 times (x 83B)
Class org.jetbrains.kotlin.protobuf.WireFormat$FieldType$3                            : loaded 2 times (x 84B)
Class org.jetbrains.kotlin.storage.SimpleLock$Companion                               : loaded 2 times (x 73B)
Class org.jetbrains.kotlin.library.KotlinAbiVersion$Companion                         : loaded 2 times (x 73B)
Class org.jetbrains.kotlin.com.google.common.collect.RegularImmutableMap$BucketOverflowException: loaded 2 times (x 84B)
Class org.jetbrains.kotlin.config.AppendJavaSourceRootsHandlerKeyKt                   : loaded 2 times (x 73B)
Class org.jetbrains.kotlin.cli.jvm.modules.JavaModuleGraph                            : loaded 2 times (x 74B)
Class org.jetbrains.kotlin.psi.KtStatementExpression                                  : loaded 2 times (x 72B)
Class org.jetbrains.kotlin.psi.KtDeclarationContainer                                 : loaded 2 times (x 72B)
Class org.jetbrains.kotlin.cli.jvm.compiler.jarfs.FastJarFileSystem                   : loaded 2 times (x 103B)
Class org.jetbrains.kotlin.utils.PlatformUtilsKt                                      : loaded 2 times (x 73B)
Class org.jetbrains.kotlin.com.intellij.pom.java.LanguageLevel                        : loaded 2 times (x 81B)
Class org.jetbrains.kotlin.com.intellij.psi.PsiTypeElement                            : loaded 2 times (x 72B)
Class org.jetbrains.kotlin.com.intellij.psi.PsiExpression                             : loaded 2 times (x 72B)
Class org.jetbrains.kotlin.com.intellij.psi.search.impl.VirtualFileEnumeration        : loaded 2 times (x 72B)
Class org.jetbrains.kotlin.com.intellij.psi.search.EverythingGlobalScope              : loaded 2 times (x 98B)
Class org.jetbrains.kotlin.com.intellij.openapi.vfs.InvalidVirtualFileAccessException : loaded 2 times (x 84B)
Class [Lorg.jetbrains.kotlin.com.intellij.openapi.util.LowMemoryWatcher$LowMemoryWatcherType;: loaded 2 times (x 71B)
Class org.jetbrains.kotlin.com.intellij.ide.plugins.ContainerDescriptor               : loaded 2 times (x 74B)
Class org.jetbrains.kotlin.com.intellij.core.CorePsiPackageImplementationHelper       : loaded 2 times (x 79B)
Class org.jetbrains.kotlin.com.intellij.psi.stubs.ObjectStubSerializer                : loaded 2 times (x 72B)
Class org.jetbrains.kotlin.com.intellij.psi.PsiFragment                               : loaded 2 times (x 72B)
Class org.jetbrains.kotlin.com.intellij.psi.PsiReferenceContributor                   : loaded 2 times (x 78B)
Class org.jetbrains.kotlin.cli.jvm.modules.CoreJrtFileSystem                          : loaded 2 times (x 103B)
Class org.jetbrains.kotlin.com.intellij.psi.stubs.BinaryFileStubBuilders              : loaded 2 times (x 92B)
Class org.jetbrains.kotlin.com.intellij.openapi.application.ex.ApplicationEx          : loaded 2 times (x 72B)
Class org.jetbrains.kotlin.cli.jvm.compiler.KotlinCoreApplicationEnvironmentMode      : loaded 2 times (x 72B)
Class jdk.internal.jimage.decompressor.ResourceDecompressorFactory                    : loaded 2 times (x 76B)
Class com.google.common.util.concurrent.internal.InternalFutureFailureAccess          : loaded 2 times (x 74B)
Class com.google.common.collect.Iterators$5                                           : loaded 2 times (x 84B)
Class com.google.common.collect.ImmutableSet$JdkBackedSetBuilderImpl                  : loaded 2 times (x 78B)
Class com.google.common.base.Splitter$SplittingIterator                               : loaded 2 times (x 85B)
Class [Lkotlin.jvm.internal.markers.KMappedMarker;                                    : loaded 2 times (x 71B)
Class org.jetbrains.kotlin.fir.declarations.DeprecationInfoProvider                   : loaded 2 times (x 74B)
Class org.jetbrains.kotlin.fir.scopes.CallableCopyTypeCalculator$DoNothing            : loaded 2 times (x 74B)
Class org.jetbrains.kotlin.fir.scopes.FirDelegatingContainingNamesAwareScope          : loaded 2 times (x 82B)
Class org.jetbrains.kotlin.types.model.IntersectionTypeConstructorMarker              : loaded 2 times (x 72B)
Class org.jetbrains.kotlin.fir.resolve.dfa.VariableStorage                            : loaded 2 times (x 76B)
Class org.jetbrains.kotlin.fir.resolve.transformers.AbstractFirStatusResolveTransformer: loaded 2 times (x 408B)
Class org.jetbrains.kotlin.KtFakeSourceElementKind$EnumGeneratedDeclaration           : loaded 2 times (x 74B)
Class kotlin.text.RegexKt                                                             : loaded 2 times (x 73B)
Class org.jetbrains.kotlin.fir.expressions.builder.FirWrappedDelegateExpressionBuilder: loaded 2 times (x 88B)
Class org.jetbrains.kotlin.descriptors.Visibilities$Internal                          : loaded 2 times (x 81B)
Class org.jetbrains.kotlin.fir.analysis.checkers.expression.FirExhaustiveWhenChecker  : loaded 2 times (x 78B)
Class org.jetbrains.kotlin.fir.analysis.checkers.declaration.FirFunInterfaceDeclarationChecker: loaded 2 times (x 79B)
Class org.jetbrains.kotlin.fir.analysis.checkers.declaration.FirNotImplementedOverrideSimpleEnumEntryChecker: loaded 2 times (x 79B)
Class org.jetbrains.kotlin.fir.analysis.checkers.declaration.ContractSyntaxV2FunctionChecker: loaded 2 times (x 78B)
Class org.jetbrains.kotlin.fir.analysis.checkers.declaration.DeclarationCheckers$Companion: loaded 2 times (x 73B)
Class org.jetbrains.kotlin.fir.resolve.providers.FirProvider                          : loaded 2 times (x 85B)
Class org.jetbrains.kotlin.fir.resolve.providers.impl.FirCachingCompositeSymbolProvider$symbolNamesProvider$1: loaded 2 times (x 91B)
Class org.jetbrains.kotlin.mpp.TypeAliasSymbolMarker                                  : loaded 2 times (x 72B)
Class org.jetbrains.kotlin.fir.deserialization.AbstractFirDeserializedSymbolProvider$special$$inlined$createCache$2: loaded 2 times (x 77B)
Class org.jetbrains.kotlin.resolve.calls.inference.components.TrivialConstraintTypeInferenceOracle: loaded 2 times (x 451B)
Class org.jetbrains.kotlin.fir.util.ConeTypeRegistry                                  : loaded 2 times (x 75B)
Class org.jetbrains.kotlin.descriptors.PackageFragmentDescriptor                      : loaded 2 times (x 72B)
Class org.jetbrains.kotlin.konan.target.KonanTarget$WATCHOS_SIMULATOR_ARM64           : loaded 2 times (x 80B)
Class [Lorg.jetbrains.kotlin.metadata.ProtoBuf$Annotation$Argument$Value$Type;        : loaded 2 times (x 71B)
Class org.jetbrains.kotlin.metadata.ProtoBuf$Contract$1                               : loaded 2 times (x 146B)
Class org.jetbrains.kotlin.metadata.ProtoBuf$Type$1                                   : loaded 2 times (x 146B)
Class org.jetbrains.kotlin.protobuf.WireFormat$FieldType$4                            : loaded 2 times (x 84B)
Class org.jetbrains.kotlin.serialization.deserialization.FlexibleTypeDeserializer     : loaded 2 times (x 72B)
Class org.jetbrains.kotlin.library.impl.IrLibraryLayoutImpl                           : loaded 2 times (x 128B)
Class org.jetbrains.kotlin.cli.jvm.compiler.CliVirtualFileFinderFactory               : loaded 2 times (x 82B)
Class org.jetbrains.kotlin.psi.KtAnnotationUseSiteTarget                              : loaded 2 times (x 445B)
Class [Lorg.jetbrains.kotlin.psi.KtPrimaryConstructor;                                : loaded 2 times (x 71B)
Class org.jetbrains.kotlin.psi.KtPropertyAccessor                                     : loaded 2 times (x 884B)
Class [Lorg.jetbrains.kotlin.com.intellij.psi.impl.ElementBase;                       : loaded 2 times (x 71B)
Class org.jetbrains.kotlin.psi.KtElement                                              : loaded 2 times (x 72B)
Class org.jetbrains.kotlin.resolve.extensions.AssignResolutionAltererExtension        : loaded 2 times (x 72B)
Class org.jetbrains.kotlin.extensions.ProjectExtensionDescriptor                      : loaded 2 times (x 74B)
Class org.jetbrains.kotlin.resolve.jvm.JvmCodeAnalyzerInitializer                     : loaded 2 times (x 78B)
Class org.jetbrains.kotlin.com.intellij.psi.scope.ElementClassHint                    : loaded 2 times (x 72B)
Class org.jetbrains.kotlin.cli.jvm.compiler.KotlinCoreEnvironment$ProjectEnvironment  : loaded 2 times (x 91B)
Class org.jetbrains.kotlin.parsing.KotlinParserDefinition                             : loaded 2 times (x 97B)
Class org.jetbrains.kotlin.com.intellij.ide.plugins.PluginContentDescriptor           : loaded 2 times (x 74B)
Class kotlin.coroutines.intrinsics.IntrinsicsKt__IntrinsicsKt                         : loaded 2 times (x 73B)
Class kotlinx.coroutines.Job$Key                                                      : loaded 2 times (x 73B)
Class org.jetbrains.kotlin.com.intellij.psi.PsiMethod                                 : loaded 2 times (x 72B)
Class org.jetbrains.kotlin.com.intellij.lang.jvm.JvmTypeParametersOwner               : loaded 2 times (x 72B)
Class org.jetbrains.kotlin.com.intellij.psi.stubs.StubInputStream                     : loaded 2 times (x 115B)
Class org.jetbrains.kotlin.com.intellij.util.messages.impl.CompositeMessageBus$WhenMappings: loaded 2 times (x 73B)
Class org.jetbrains.kotlin.kotlinx.collections.immutable.implementations.immutableMap.TrieNode: loaded 2 times (x 74B)
Class org.jetbrains.kotlin.kotlinx.collections.immutable.ExtensionsKt                 : loaded 2 times (x 73B)
Class org.jetbrains.kotlin.com.intellij.mock.MockComponentManager$1                   : loaded 2 times (x 79B)
Class org.jetbrains.kotlin.com.intellij.openapi.application.ApplicationManager        : loaded 2 times (x 73B)
Class org.jetbrains.kotlin.com.intellij.util.containers.ConcurrentWeakHashMap         : loaded 2 times (x 156B)
Class org.jetbrains.kotlin.com.intellij.openapi.util.Key                              : loaded 2 times (x 79B)
Class kotlin.reflect.jvm.internal.KDeclarationContainerImpl                           : loaded 2 times (x 86B)
Class org.jetbrains.kotlin.descriptors.impl.DeclarationDescriptorImpl                 : loaded 2 times (x 98B)
Class com.google.common.cache.LocalCache$LocalManualCache$1                           : loaded 2 times (x 77B)
Class com.google.common.base.CharMatcher$ForPredicate                                 : loaded 2 times (x 114B)
Class org.jetbrains.kotlin.com.intellij.util.io.ResourceHandle                        : loaded 2 times (x 81B)
Class org.jetbrains.kotlin.fir.analysis.checkers.FirUpperBoundViolatedHelpersKt       : loaded 2 times (x 73B)
Class org.jetbrains.kotlin.descriptors.Visibilities                                   : loaded 2 times (x 73B)
Class org.jetbrains.kotlin.types.TypeCheckerState$LowerCapturedTypePolicy             : loaded 2 times (x 81B)
Class org.jetbrains.kotlin.fir.scopes.FirTypeScope$Empty                              : loaded 2 times (x 83B)
Class org.jetbrains.kotlin.fir.extensions.FirExpressionResolutionExtensionKt          : loaded 2 times (x 73B)
Class org.jetbrains.kotlin.fir.resolve.transformers.FirCallCompletionResultsWriterTransformer: loaded 2 times (x 384B)
Class org.jetbrains.kotlin.fir.resolve.dfa.cfg.NormalPath                             : loaded 2 times (x 76B)
Class org.jetbrains.kotlin.fir.expressions.impl.FirResolvedArgumentList               : loaded 2 times (x 93B)
Class org.jetbrains.kotlin.metadata.ProtoBuf$Expression                               : loaded 2 times (x 122B)
Class org.jetbrains.kotlin.types.ConstantValueKind$Short                              : loaded 2 times (x 74B)
Class org.jetbrains.kotlin.fir.resolve.TypeExpansionUtilsKt                           : loaded 2 times (x 73B)
Class org.jetbrains.kotlin.fir.resolve.transformers.plugin.FirAnnotationArgumentsTransformerAdapter: loaded 2 times (x 382B)
Class [Lorg.jetbrains.kotlin.fir.resolve.dfa.cfg.ElvisRhsEnterNode;                   : loaded 2 times (x 71B)
Class org.jetbrains.kotlin.fir.resolve.dfa.cfg.SplitPostponedLambdasNode              : loaded 2 times (x 84B)
Class org.jetbrains.kotlin.fir.declarations.impl.FirEnumEntryImpl                     : loaded 2 times (x 188B)
Class org.jetbrains.kotlin.fir.expressions.builder.FirBlockBuilder                    : loaded 2 times (x 88B)
Class org.jetbrains.kotlin.fir.analysis.checkers.type.FirInOutProjectionModifierChecker: loaded 2 times (x 78B)
Class org.jetbrains.kotlin.fir.analysis.checkers.type.FirTypeAnnotationChecker        : loaded 2 times (x 78B)
Class org.jetbrains.kotlin.fir.analysis.checkers.syntax.FirUnderscoredTypeArgumentSyntaxChecker: loaded 2 times (x 90B)
Class org.jetbrains.kotlin.fir.analysis.checkers.expression.FirTypeArgumentsNotAllowedExpressionChecker: loaded 2 times (x 78B)
Class org.jetbrains.kotlin.KtSourceElementKind                                        : loaded 2 times (x 74B)
Class org.jetbrains.kotlin.fir.analysis.checkers.declaration.FirValueClassDeclarationChecker$Regular: loaded 2 times (x 79B)
Class org.jetbrains.kotlin.fir.deserialization.AbstractFirDeserializedSymbolProvider$special$$inlined$createCache$3: loaded 2 times (x 77B)
Class org.jetbrains.kotlin.fir.resolve.inference.ConeConstraintSystemUtilContext      : loaded 2 times (x 92B)
Class org.jetbrains.kotlin.fir.caches.FirThreadUnsafeCachesFactory                    : loaded 2 times (x 77B)
Class org.jetbrains.kotlin.fir.types.ConeAttributes$Companion                         : loaded 2 times (x 75B)
Class [Lorg.jetbrains.kotlin.renderer.DescriptorRendererModifier;                     : loaded 2 times (x 71B)
Class org.jetbrains.kotlin.descriptors.impl.CompositePackageFragmentProvider          : loaded 2 times (x 82B)
Class org.jetbrains.kotlin.metadata.ProtoBuf$StringTable$1                            : loaded 2 times (x 146B)
Class org.jetbrains.kotlin.library.KotlinLibraryKt                                    : loaded 2 times (x 73B)
Class org.jetbrains.kotlin.com.intellij.util.text.CharArrayUtil                       : loaded 2 times (x 73B)
Class org.jetbrains.kotlin.resolve.jvm.modules.JavaModuleResolver                     : loaded 2 times (x 72B)
Class org.jetbrains.kotlin.storage.LockBasedStorageManager$1                          : loaded 2 times (x 110B)
Class org.jetbrains.kotlin.psi.stubs.elements.KtUserTypeElementType                   : loaded 2 times (x 105B)
Class org.jetbrains.kotlin.psi.KtPackageDirective                                     : loaded 2 times (x 594B)
Class org.jetbrains.kotlin.fir.extensions.FirExtensionRegistrar                       : loaded 2 times (x 75B)
Class org.jetbrains.kotlin.com.intellij.util.containers.SoftKeySoftValueHashMap       : loaded 2 times (x 112B)
Class org.jetbrains.kotlin.com.intellij.core.CoreJavaFileCodeStyleFacade              : loaded 2 times (x 101B)
Class org.jetbrains.kotlin.com.intellij.psi.impl.JavaPsiImplementationHelper          : loaded 2 times (x 81B)
Class org.jetbrains.kotlin.com.intellij.psi.search.ProjectScopeBuilder                : loaded 2 times (x 78B)
Class org.jetbrains.kotlin.com.intellij.ide.plugins.ModuleDependenciesDescriptor$Companion: loaded 2 times (x 73B)
Class org.jetbrains.kotlin.cli.jvm.compiler.DummyJavaFileCodeStyleFacadeFactory       : loaded 2 times (x 76B)
Class org.jetbrains.kotlin.com.intellij.psi.PsiMember                                 : loaded 2 times (x 72B)
Class org.jetbrains.kotlin.com.intellij.util.containers.Unsafe                        : loaded 2 times (x 73B)
Class org.jetbrains.kotlin.com.intellij.util.ConcurrentLongObjectHashMap$TreeNode     : loaded 2 times (x 79B)
Class org.jetbrains.kotlin.com.intellij.psi.PsiReferenceRegistrar                     : loaded 2 times (x 82B)
Class org.jetbrains.kotlin.kotlinx.collections.immutable.ImmutableCollection          : loaded 2 times (x 72B)
Class kotlin.io.FilesKt__UtilsKt                                                      : loaded 2 times (x 73B)
Class org.jetbrains.kotlin.com.intellij.util.containers.RefHashMap$Key                : loaded 2 times (x 72B)
Class org.jetbrains.kotlin.descriptors.SourceElement                                  : loaded 2 times (x 72B)
Class org.jetbrains.kotlin.com.google.common.collect.UnmodifiableIterator             : loaded 2 times (x 82B)
Class org.jetbrains.kotlin.com.google.common.collect.Maps                             : loaded 2 times (x 73B)
Class kotlin.collections.CollectionsKt__CollectionsJVMKt                              : loaded 2 times (x 73B)
Class jdk.internal.jimage.ImageReader$Node                                            : loaded 2 times (x 86B)
Class com.google.common.collect.ImmutableCollection                                   : loaded 2 times (x 127B)
Class com.google.common.base.CharMatcher$AnyOf                                        : loaded 2 times (x 114B)
Class org.gradle.api.internal.classpath.DefaultModuleRegistry                         : loaded 2 times (x 86B)
Class org.jetbrains.kotlin.com.intellij.util.containers.WeakHashMap$WeakKey           : loaded 2 times (x 87B)
Class org.jetbrains.kotlin.diagnostics.LightTreePositioningStrategies$IF_EXPRESSION$1 : loaded 2 times (x 76B)
Class org.jetbrains.kotlin.fir.scopes.impl.FirAbstractOverrideCheckerKt               : loaded 2 times (x 73B)
Class org.jetbrains.kotlin.fir.types.ConeTypeContext$substitutionSupertypePolicy$1    : loaded 2 times (x 75B)
Class [Lorg.jetbrains.kotlin.fir.declarations.CallToPotentiallyHiddenSymbolResult;    : loaded 2 times (x 71B)
Class org.jetbrains.kotlin.fir.resolve.calls.FirSyntheticNamesProvider                : loaded 2 times (x 76B)
Class org.jetbrains.kotlin.fir.types.ConeIntegerConstantOperatorType                  : loaded 2 times (x 84B)
Class org.jetbrains.kotlin.resolve.calls.inference.components.ConstraintInjector$TypeCheckerStateForConstraintInjector: loaded 2 times (x 607B)
Class org.jetbrains.kotlin.resolve.calls.inference.model.ConstraintPosition           : loaded 2 times (x 73B)
Class org.jetbrains.kotlin.fir.resolve.dfa.cfg.Edge                                   : loaded 2 times (x 74B)
Class org.jetbrains.kotlin.fir.resolve.calls.tower.TowerGroupKind$ImplicitOrNonLocal  : loaded 2 times (x 79B)
Class kotlin.collections.AbstractMutableMap                                           : loaded 2 times (x 130B)
Class [Lorg.jetbrains.kotlin.fir.resolve.dfa.cfg.ControlFlowGraph$Kind;               : loaded 2 times (x 71B)
Class kotlin.collections.IndexedValue                                                 : loaded 2 times (x 74B)
Class org.jetbrains.kotlin.fir.declarations.SealedClassInheritorsKt$setSealedClassInheritors$$inlined$sortedBy$1: loaded 2 times (x 91B)
Class org.jetbrains.kotlin.metadata.ProtoBuf$Annotation$Argument$1                    : loaded 2 times (x 146B)
Class org.jetbrains.kotlin.fir.declarations.FirTypeAlias                              : loaded 2 times (x 161B)
Class org.jetbrains.kotlin.fir.scopes.CallableCopyTypeCalculator                      : loaded 2 times (x 74B)
Class org.jetbrains.kotlin.fir.resolve.dfa.FirDataFlowAnalyzer$Companion              : loaded 2 times (x 73B)
Class [Lorg.jetbrains.kotlin.fir.extensions.FirExtensionRegistrarAdapter;             : loaded 2 times (x 71B)
Class org.jetbrains.kotlin.fir.resolve.FirRegularTowerDataContexts                    : loaded 2 times (x 74B)
Class org.jetbrains.kotlin.fir.resolve.transformers.plugin.FirCompanionGenerationProcessor: loaded 2 times (x 78B)
Class org.jetbrains.kotlin.fir.diagnostics.ConeDiagnostic                             : loaded 2 times (x 72B)
Class org.jetbrains.kotlin.fir.declarations.builder.FirDeclarationBuilder             : loaded 2 times (x 72B)
Class org.jetbrains.kotlin.fir.analysis.checkers.expression.FirThrowExpressionTypeChecker: loaded 2 times (x 78B)
Class org.jetbrains.kotlin.fir.analysis.checkers.expression.FirPackageOnLhsQualifierChecker: loaded 2 times (x 78B)
Class org.jetbrains.kotlin.fir.analysis.checkers.declaration.FirTypeParameterBoundsChecker$ForExpectClass: loaded 2 times (x 78B)
Class org.jetbrains.kotlin.fir.analysis.checkers.declaration.FirNonExpansiveInheritanceRestrictionChecker: loaded 2 times (x 78B)
Class org.jetbrains.kotlin.fir.analysis.checkers.declaration.FirMultipleDefaultsInheritedFromSupertypesChecker$ForExpectClass: loaded 2 times (x 79B)
Class org.jetbrains.kotlin.fir.analysis.checkers.declaration.FirDeclarationChecker    : loaded 2 times (x 78B)
Class org.jetbrains.kotlin.fir.deserialization.AbstractFirDeserializedSymbolProvider$special$$inlined$createCache$4: loaded 2 times (x 77B)
Class org.jetbrains.kotlin.fir.symbols.impl.FirCallableSymbol                         : loaded 2 times (x 77B)
Class org.jetbrains.kotlin.fir.scopes.impl.FirDeclaredMemberScopeProvider$nestedClassifierCache$1: loaded 2 times (x 77B)
Class org.jetbrains.kotlin.fir.types.impl.FirImplicitBooleanTypeRef                   : loaded 2 times (x 108B)
Class org.jetbrains.kotlin.descriptors.PackageFragmentProvider                        : loaded 2 times (x 72B)
Class org.jetbrains.kotlin.metadata.ProtoBuf$Function$1                               : loaded 2 times (x 146B)
Class org.jetbrains.kotlin.com.google.common.collect.Hashing                          : loaded 2 times (x 73B)
Class org.jetbrains.kotlin.com.google.common.collect.ImmutableCollection              : loaded 2 times (x 127B)
Class org.jetbrains.kotlin.psi.KtFinallySection                                       : loaded 2 times (x 379B)
Class org.jetbrains.kotlin.cli.jvm.index.JvmDependenciesIndexImpl                     : loaded 2 times (x 79B)
Class org.jetbrains.kotlin.psi.KtCallElement                                          : loaded 2 times (x 72B)
Class org.jetbrains.kotlin.psi.stubs.KotlinParameterStub                              : loaded 2 times (x 72B)
Class org.jetbrains.kotlin.psi.KtTypeAlias                                            : loaded 2 times (x 1071B)
Class org.jetbrains.kotlin.resolve.lazy.declarations.CliDeclarationProviderFactoryService: loaded 2 times (x 75B)
Class org.jetbrains.kotlin.metadata.deserialization.Flags$BooleanFlagField            : loaded 2 times (x 78B)
Class org.jetbrains.kotlin.asJava.LightClassGenerationSupport$Companion               : loaded 2 times (x 73B)
Class org.jetbrains.kotlin.com.intellij.psi.search.ProjectScope                       : loaded 2 times (x 73B)
Class org.jetbrains.kotlin.com.intellij.psi.PsiPrimitiveType                          : loaded 2 times (x 104B)
Class org.jetbrains.kotlin.com.intellij.psi.search.GlobalSearchScope                  : loaded 2 times (x 98B)
Class org.jetbrains.kotlin.com.intellij.openapi.util.io.FileTooBigException           : loaded 2 times (x 84B)
Class org.jetbrains.kotlin.com.intellij.openapi.application.TransactionGuard          : loaded 2 times (x 75B)
Class org.jetbrains.kotlin.com.fasterxml.aalto.impl.IoStreamException                 : loaded 2 times (x 87B)
Class kotlinx.coroutines.EventLoop                                                    : loaded 2 times (x 106B)
Class org.jetbrains.kotlin.com.intellij.lang.jvm.JvmNamedElement                      : loaded 2 times (x 72B)
Class kotlin.collections.AbstractSet                                                  : loaded 2 times (x 137B)
Class org.jetbrains.kotlin.com.intellij.lang.Language$1                               : loaded 2 times (x 109B)
Class org.jetbrains.kotlin.com.intellij.openapi.vfs.encoding.EncodingProjectManager   : loaded 2 times (x 76B)
Class org.jetbrains.kotlin.com.intellij.util.messages.Topic                           : loaded 2 times (x 78B)
Class kotlin.sequences.SequencesKt                                                    : loaded 2 times (x 73B)
Class kotlin.reflect.jvm.internal.impl.name.SpecialNames                              : loaded 2 times (x 73B)
Class kotlin.collections.builders.MapBuilder$Itr                                      : loaded 2 times (x 74B)
Class kotlin.collections.CollectionsKt__IteratorsKt                                   : loaded 2 times (x 73B)
Class jdk.internal.jimage.BasicImageReader$1                                          : loaded 2 times (x 79B)
Class com.google.common.util.concurrent.ListenableFuture                              : loaded 2 times (x 72B)
Class com.google.common.cache.ReferenceEntry                                          : loaded 2 times (x 72B)
Class com.google.common.collect.ImmutableSet$CachingAsList                            : loaded 2 times (x 149B)
Class com.google.common.base.Converter                                                : loaded 2 times (x 92B)
Class com.google.common.collect.Lists                                                 : loaded 2 times (x 73B)
Class org.jetbrains.kotlin.diagnostics.PositioningStrategies$NAME_OF_NAMED_ARGUMENT$1 : loaded 2 times (x 76B)
Class org.jetbrains.kotlin.kotlinx.collections.immutable.implementations.immutableMap.PersistentHashMapKeys: loaded 2 times (x 168B)
Class org.jetbrains.kotlin.fir.resolve.calls.candidate.CandidateFactory               : loaded 2 times (x 74B)
Class org.jetbrains.kotlin.fir.declarations.IsHiddenToOvercomeSignatureClash          : loaded 2 times (x 73B)
Class org.jetbrains.kotlin.fir.declarations.FirScript                                 : loaded 2 times (x 130B)
Class org.jetbrains.kotlin.fir.expressions.impl.FirSingleExpressionBlock              : loaded 2 times (x 122B)
Class kotlin.properties.NotNullVar                                                    : loaded 2 times (x 81B)
Class org.jetbrains.kotlin.fir.analysis.checkers.expression.FirRecursiveProblemChecker: loaded 2 times (x 78B)
Class org.jetbrains.kotlin.fir.analysis.checkers.declaration.FirSealedSupertypeChecker: loaded 2 times (x 78B)
Class org.jetbrains.kotlin.fir.analysis.checkers.declaration.FirOperatorModifierChecker: loaded 2 times (x 78B)
Class org.jetbrains.kotlin.fir.resolve.FirTypeResolver                                : loaded 2 times (x 74B)
Class org.jetbrains.kotlin.fir.resolve.providers.FirCompositeCachedSymbolNamesProvider$Companion: loaded 2 times (x 73B)
Class org.jetbrains.kotlin.fir.extensions.FirFunctionTypeKindExtensionKt              : loaded 2 times (x 73B)
Class org.jetbrains.kotlin.fir.symbols.impl.FirNamedFunctionSymbol                    : loaded 2 times (x 81B)
Class org.jetbrains.kotlin.fir.symbols.impl.FirClassifierSymbol                       : loaded 2 times (x 77B)
Class org.jetbrains.kotlin.fir.types.impl.FirImplicitNullableAnyTypeRef               : loaded 2 times (x 108B)
Class org.jetbrains.kotlin.container.DataStructuresKt                                 : loaded 2 times (x 73B)
Class org.jetbrains.kotlin.KtSourceFile                                               : loaded 2 times (x 72B)
Class org.jetbrains.kotlin.descriptors.ClassifierDescriptorWithTypeParameters         : loaded 2 times (x 72B)
Class org.jetbrains.kotlin.com.intellij.psi.impl.source.tree.LazyParseablePsiElement  : loaded 2 times (x 342B)
Class org.jetbrains.kotlin.kdoc.lexer.KDocTokens                                      : loaded 2 times (x 72B)
Class org.jetbrains.kotlin.com.intellij.openapi.fileEditor.impl.LoadTextUtil          : loaded 2 times (x 73B)
Class org.jetbrains.kotlin.com.intellij.openapi.project.ProjectLocator                : loaded 2 times (x 73B)
Class org.jetbrains.kotlin.psi.KtContractEffect                                       : loaded 2 times (x 445B)
Class org.jetbrains.kotlin.extensions.CompilerConfigurationExtension$Companion        : loaded 2 times (x 74B)
Class org.jetbrains.kotlin.com.intellij.codeInsight.ExternalAnnotationsListener       : loaded 2 times (x 72B)
Class org.jetbrains.kotlin.com.intellij.psi.impl.PsiElementFinderImpl                 : loaded 2 times (x 86B)
Class org.jetbrains.kotlin.cli.jvm.compiler.CliLightClassGenerationSupport$CliLightClassSupport: loaded 2 times (x 83B)
Class org.jetbrains.kotlin.it.unimi.dsi.fastutil.objects.AbstractObjectCollection     : loaded 2 times (x 145B)
Class org.jetbrains.kotlin.com.intellij.AbstractBundle                                : loaded 2 times (x 78B)
Class org.jetbrains.kotlin.com.intellij.psi.scope.PsiScopeProcessor                   : loaded 2 times (x 72B)
Class org.jetbrains.kotlin.com.intellij.lang.folding.FoldingBuilderEx                 : loaded 2 times (x 73B)
Class org.jetbrains.kotlin.com.intellij.psi.stubs.LightStubBuilder                    : loaded 2 times (x 82B)
Class org.jetbrains.kotlin.com.intellij.psi.impl.source.tree.java.PsiIdentifierImpl   : loaded 2 times (x 436B)
Class org.jetbrains.kotlin.com.intellij.mock.MockComponentManager                     : loaded 2 times (x 159B)
Class org.jetbrains.kotlin.com.intellij.openapi.progress.ProgressIndicatorProvider    : loaded 2 times (x 75B)
Class org.jetbrains.kotlin.com.intellij.openapi.diagnostic.Logger$DefaultFactory      : loaded 2 times (x 76B)
Class kotlin.jvm.internal.markers.KMutableSet                                         : loaded 2 times (x 72B)
Class kotlin.text.StringsKt                                                           : loaded 2 times (x 73B)
Class org.jetbrains.kotlin.cli.common.arguments.CommonKlibBasedCompilerArguments      : loaded 2 times (x 82B)
Class com.google.common.util.concurrent.AbstractFuture                                : loaded 2 times (x 108B)
Class com.google.common.base.FunctionalEquivalence                                    : loaded 2 times (x 85B)
Class com.google.common.collect.Iterators$9                                           : loaded 2 times (x 83B)
Class com.google.common.collect.AbstractMapBasedMultimap                              : loaded 2 times (x 140B)
Class com.google.common.collect.ImmutableAsList                                       : loaded 2 times (x 211B)
Class org.jetbrains.kotlin.fir.resolve.dfa.FirControlFlowGraphReferenceImpl           : loaded 2 times (x 90B)
Class org.jetbrains.kotlin.fir.resolve.transformers.body.resolve.FirExpressionsResolveTransformerKt: loaded 2 times (x 73B)
Class org.jetbrains.kotlin.fir.resolve.inference.FirTypeVariablesAfterPCLATransformer : loaded 2 times (x 382B)
Class org.jetbrains.kotlin.fir.types.InferenceUtilsKt                                 : loaded 2 times (x 73B)
Class org.jetbrains.kotlin.fir.resolve.calls.candidate.CandidateFactory$WhenMappings  : loaded 2 times (x 73B)
Class org.jetbrains.kotlin.fir.resolve.ResolutionModeKt                               : loaded 2 times (x 73B)
Class org.jetbrains.kotlin.fir.resolve.calls.candidate.CandidateFactoryKt             : loaded 2 times (x 73B)
Class org.jetbrains.kotlin.fir.resolve.calls.tower.TowerDataElementsForName           : loaded 2 times (x 74B)
Class org.jetbrains.kotlin.fir.expressions.builder.FirAnnotationArgumentMappingBuilder: loaded 2 times (x 74B)
Class org.jetbrains.kotlin.fir.scopes.DefaultStarImportKey                            : loaded 2 times (x 74B)
Class org.jetbrains.kotlin.fir.resolve.calls.tower.TowerGroup                         : loaded 2 times (x 78B)
Class org.jetbrains.kotlin.fir.resolve.transformers.FirGlobalResolveProcessor         : loaded 2 times (x 77B)
Class org.jetbrains.kotlin.fir.expressions.FirWhenSubjectExpression                   : loaded 2 times (x 119B)
Class org.jetbrains.kotlin.fir.expressions.FirWhenExpression                          : loaded 2 times (x 141B)
Class org.jetbrains.kotlin.fir.declarations.utils.IsFromPrimaryConstructor            : loaded 2 times (x 73B)
Class org.jetbrains.kotlin.descriptors.Visibilities$Private                           : loaded 2 times (x 81B)
Class org.jetbrains.kotlin.fir.analysis.checkers.expression.FirWhenSubjectChecker     : loaded 2 times (x 78B)
Class org.jetbrains.kotlin.fir.analysis.checkers.declaration.FirBadInheritedJavaSignaturesChecker: loaded 2 times (x 78B)
Class org.jetbrains.kotlin.fir.serialization.FirProvidedDeclarationsForMetadataService: loaded 2 times (x 77B)
Class org.jetbrains.kotlin.fir.types.TypeConstructionUtilsKt                          : loaded 2 times (x 73B)
Class org.jetbrains.kotlin.library.KotlinLibrarySearchPathResolver$repoRoots$2        : loaded 2 times (x 81B)
Class org.jetbrains.kotlin.psi.KtNameReferenceExpression                              : loaded 2 times (x 634B)
Class kotlin.coroutines.jvm.internal.RestrictedContinuationImpl                       : loaded 2 times (x 89B)
Class org.jetbrains.kotlin.fir.extensions.FirExtension                                : loaded 2 times (x 77B)
Class org.jetbrains.kotlin.com.intellij.mock.MockDumbService                          : loaded 2 times (x 79B)
Class org.jetbrains.kotlin.com.intellij.ide.plugins.PluginManagerCore                 : loaded 2 times (x 73B)
Class org.jetbrains.kotlin.org.codehaus.stax2.LocationInfo                            : loaded 2 times (x 72B)
Class kotlin.coroutines.CoroutineContext$Key                                          : loaded 2 times (x 72B)
Class org.jetbrains.kotlin.com.intellij.model.psi.UrlReferenceHost                    : loaded 2 times (x 72B)
Class org.jetbrains.kotlin.cli.jvm.compiler.KotlinCoreApplicationEnvironment$Companion: loaded 2 times (x 73B)
Class org.jetbrains.kotlin.com.intellij.lang.LanguageParserDefinitions                : loaded 2 times (x 98B)
Class kotlin.LazyKt__LazyJVMKt                                                        : loaded 2 times (x 73B)
Class org.jetbrains.kotlin.diagnostics.Diagnostic                                     : loaded 2 times (x 72B)
Class org.objectweb.asm.RecordComponentVisitor                                        : loaded 2 times (x 79B)
Class com.google.common.cache.CacheLoader$SupplierToCacheLoader                       : loaded 2 times (x 77B)
Class org.jetbrains.kotlin.fir.analysis.checkers.declaration.FirTopLevelPropertiesCheckerKt: loaded 2 times (x 73B)
Class org.jetbrains.kotlin.fir.resolve.calls.ImplicitExtensionReceiverValue           : loaded 2 times (x 79B)
Class org.jetbrains.kotlin.KtFakeSourceElementKind$SingleExpressionBlock              : loaded 2 times (x 74B)
Class org.jetbrains.kotlin.fir.resolve.dfa.cfg.Edge$Companion$WhenMappings            : loaded 2 times (x 73B)
Class org.jetbrains.kotlin.fir.resolve.calls.tower.TowerResolveManager$enqueueResolverTask$continuation$1: loaded 2 times (x 77B)
Class org.jetbrains.kotlin.metadata.ProtoBuf$QualifiedNameTable$QualifiedName$Kind    : loaded 2 times (x 84B)
Class org.jetbrains.kotlin.fir.resolve.transformers.FirImportResolveTransformer       : loaded 2 times (x 385B)
Class [Lorg.jetbrains.kotlin.fir.FirElement;                                          : loaded 2 times (x 71B)
Class kotlin.text.MatchNamedGroupCollection                                           : loaded 2 times (x 72B)
Class org.jetbrains.kotlin.fir.symbols.impl.FirBackingFieldSymbol                     : loaded 2 times (x 77B)
Class org.jetbrains.kotlin.fir.types.FirErrorTypeRef                                  : loaded 2 times (x 118B)
Class org.jetbrains.kotlin.fir.analysis.checkers.cfa.FirControlFlowChecker            : loaded 2 times (x 78B)
Class org.jetbrains.kotlin.fir.analysis.checkers.declaration.FirAnonymousInitializerInInterfaceChecker: loaded 2 times (x 78B)
Class org.jetbrains.kotlin.fir.analysis.checkers.declaration.FirValueClassDeclarationChecker: loaded 2 times (x 79B)
Class org.jetbrains.kotlin.fir.analysis.checkers.declaration.FirLocalEntityNotAllowedChecker: loaded 2 times (x 78B)
Class org.jetbrains.kotlin.fir.analysis.checkers.declaration.FirMemberPropertiesChecker: loaded 2 times (x 78B)
Class org.jetbrains.kotlin.fir.analysis.checkers.declaration.FirPropertyTypeParametersChecker: loaded 2 times (x 78B)
Class org.jetbrains.kotlin.fir.resolve.providers.impl.FirProviderImpl$SymbolProvider$symbolNamesProvider$1: loaded 2 times (x 85B)
Class org.jetbrains.kotlin.fir.backend.Fir2IrScriptConfiguratorExtension$Factory      : loaded 2 times (x 72B)
Class org.jetbrains.kotlin.types.model.TypeSystemContext                              : loaded 2 times (x 72B)
Class org.jetbrains.kotlin.fir.symbols.impl.ConeClassLikeLookupTagImpl                : loaded 2 times (x 76B)
Class org.jetbrains.kotlin.fir.types.FirResolvedTypeRef                               : loaded 2 times (x 106B)
Class org.jetbrains.kotlin.serialization.deserialization.DeserializedPackageFragment  : loaded 2 times (x 145B)
Class org.jetbrains.kotlin.metadata.ProtoBuf$Annotation$1                             : loaded 2 times (x 146B)
Class org.jetbrains.kotlin.protobuf.AbstractParser                                    : loaded 2 times (x 146B)
Class org.jetbrains.kotlin.com.google.common.collect.ImmutableMapEntry$NonTerminalImmutableMapEntry: loaded 2 times (x 87B)
Class org.jetbrains.kotlin.psi.KtConstructorDelegationReferenceExpression             : loaded 2 times (x 501B)
Class org.jetbrains.kotlin.psi.stubs.KotlinNameReferenceExpressionStub                : loaded 2 times (x 72B)
Class org.jetbrains.kotlin.psi.KtModifierList                                         : loaded 2 times (x 512B)
Class org.jetbrains.kotlin.compiler.plugin.CompilerPluginRegistrarKt                  : loaded 2 times (x 73B)
Class org.jetbrains.kotlin.extensions.internal.TypeResolutionInterceptor$Companion    : loaded 2 times (x 74B)
Class org.jetbrains.kotlin.extensions.DeclarationAttributeAltererExtension            : loaded 2 times (x 72B)
Class org.jetbrains.kotlin.codegen.extensions.ClassBuilderInterceptorExtension$Companion: loaded 2 times (x 74B)
Class org.jetbrains.kotlin.com.intellij.psi.PsiConstantEvaluationHelper               : loaded 2 times (x 76B)
Class org.jetbrains.kotlin.com.intellij.core.CoreJavaPsiImplementationHelper          : loaded 2 times (x 82B)
Class [Lorg.jetbrains.kotlin.com.intellij.psi.PsiAnnotationMemberValue;               : loaded 2 times (x 71B)
Class org.jetbrains.kotlin.com.intellij.psi.impl.AnyPsiChangeListener                 : loaded 2 times (x 72B)
Class kotlinx.coroutines.ChildJob                                                     : loaded 2 times (x 72B)
Class kotlinx.coroutines.scheduling.TasksKt                                           : loaded 2 times (x 73B)
Class kotlinx.coroutines.internal.SystemPropsKt__SystemPropsKt                        : loaded 2 times (x 73B)
Class org.jetbrains.kotlin.com.intellij.lang.jvm.JvmClass                             : loaded 2 times (x 72B)
Class org.jetbrains.kotlin.com.intellij.psi.impl.source.tree.java.PsiJavaTokenImpl    : loaded 2 times (x 380B)
Class org.jetbrains.kotlin.com.intellij.util.Function                                 : loaded 2 times (x 72B)
Class org.jetbrains.kotlin.org.picocontainer.ComponentAdapter                         : loaded 2 times (x 72B)
Class org.jetbrains.kotlin.it.unimi.dsi.fastutil.objects.Object2ObjectOpenCustomHashMap: loaded 2 times (x 169B)
Class org.jetbrains.kotlin.com.intellij.lang.java.JavaLanguage                        : loaded 2 times (x 109B)
Class [Lorg.jetbrains.kotlin.cli.common.ExitCode;                                     : loaded 2 times (x 71B)
Class kotlin.io.FilesKt__FileReadWriteKt                                              : loaded 2 times (x 73B)
Class [Lkotlin.Pair;                                                                  : loaded 2 times (x 71B)
Class kotlin.jvm.internal.markers.KMutableList                                        : loaded 2 times (x 72B)
Class org.jetbrains.kotlin.utils.DFS$NodeHandler                                      : loaded 2 times (x 72B)
Class [Lorg.jetbrains.kotlin.config.LanguageVersion;                                  : loaded 2 times (x 71B)
Class kotlin.text.StringsKt__StringNumberConversionsKt                                : loaded 2 times (x 73B)
Class org.jetbrains.kotlin.cli.common.CompilerSystemProperties$value$1                : loaded 2 times (x 127B)
Class jdk.internal.jimage.decompressor.Decompressor                                   : loaded 2 times (x 74B)
Class com.google.common.collect.Maps$EntryTransformer                                 : loaded 2 times (x 72B)
Class org.gradle.internal.service.ServiceLookupException                              : loaded 2 times (x 84B)
Class org.jetbrains.kotlin.metadata.deserialization.VersionRequirement$Version        : loaded 2 times (x 73B)
Class org.jetbrains.kotlin.types.TypeCheckerState$SupertypesPolicy$DoCustomTransform  : loaded 2 times (x 74B)
Class org.jetbrains.kotlin.types.TypeCheckerState$SupertypesPolicy$None               : loaded 2 times (x 74B)
Class org.jetbrains.kotlin.fir.resolve.inference.model.ConeReceiverConstraintPosition : loaded 2 times (x 74B)
Class org.jetbrains.kotlin.fir.scopes.FirScopeKt$getDeclaredConstructors$1$1          : loaded 2 times (x 127B)
Class org.jetbrains.kotlin.metadata.ProtoBuf$Expression$ConstantValue                 : loaded 2 times (x 84B)
Class org.jetbrains.kotlin.parsing.AllCommentsBinder                                  : loaded 2 times (x 76B)
Class org.jetbrains.kotlin.KtSourceFileLinesMapping                                   : loaded 2 times (x 72B)
Class org.jetbrains.kotlin.fir.extensions.FirExtensionDeclarationsSymbolProvider      : loaded 2 times (x 83B)
Class org.jetbrains.kotlin.fir.visitors.FirVisitor                                    : loaded 2 times (x 227B)
Class org.jetbrains.kotlin.fir.analysis.checkers.declaration.FirMixedFunctionalTypesInSupertypesChecker$ForExpectClass: loaded 2 times (x 79B)
Class [Lorg.jetbrains.kotlin.builtins.functions.FunctionTypeKind;                     : loaded 2 times (x 71B)
Class org.jetbrains.kotlin.mpp.RegularClassSymbolMarker                               : loaded 2 times (x 72B)
Class org.jetbrains.kotlin.renderer.ClassifierNamePolicy$SHORT                        : loaded 2 times (x 76B)
Class [Lorg.jetbrains.kotlin.renderer.PropertyAccessorRenderingPolicy;                : loaded 2 times (x 71B)
Class org.jetbrains.kotlin.com.google.common.collect.RegularImmutableMap$Values       : loaded 2 times (x 209B)
Class org.jetbrains.kotlin.it.unimi.dsi.fastutil.ints.IntSpliterator                  : loaded 2 times (x 72B)
Class org.jetbrains.kotlin.com.intellij.openapi.editor.impl.DocumentImpl$1            : loaded 2 times (x 91B)
Class [Lkotlin.sequences.Sequence;                                                    : loaded 2 times (x 71B)
Class kotlin.jvm.internal.MutablePropertyReference1Impl                               : loaded 2 times (x 139B)
Class org.jetbrains.kotlin.psi.stubs.KotlinContractEffectStub                         : loaded 2 times (x 72B)
Class org.jetbrains.kotlin.psi.KtClassBody                                            : loaded 2 times (x 448B)
Class [Lorg.jetbrains.kotlin.protobuf.Internal$EnumLite;                              : loaded 2 times (x 71B)
Class org.jetbrains.kotlin.cli.jvm.compiler.CliTraceHolder                            : loaded 2 times (x 79B)
Class org.jetbrains.kotlin.com.intellij.psi.codeStyle.JavaCodeStyleSettingsFacade     : loaded 2 times (x 75B)
Class org.jetbrains.kotlin.com.intellij.psi.impl.source.resolve.PsiResolveHelperImpl  : loaded 2 times (x 113B)
Class [Lorg.jetbrains.kotlin.com.intellij.psi.ResolveResult;                          : loaded 2 times (x 71B)
Class org.jetbrains.kotlin.com.intellij.psi.ResolveResult                             : loaded 2 times (x 72B)
Class org.jetbrains.kotlin.com.intellij.psi.impl.PsiManagerImpl                       : loaded 2 times (x 127B)
Class kotlinx.coroutines.ChildHandleNode                                              : loaded 2 times (x 96B)
Class org.jetbrains.kotlin.com.intellij.ide.plugins.IdeaPluginDescriptor              : loaded 2 times (x 72B)
Class kotlinx.coroutines.scheduling.SchedulerCoroutineDispatcher                      : loaded 2 times (x 109B)
Class org.jetbrains.kotlin.com.intellij.lang.jvm.JvmModifiersOwner                    : loaded 2 times (x 72B)
Class org.jetbrains.kotlin.com.intellij.lexer.DelegateLexer                           : loaded 2 times (x 86B)
Class org.jetbrains.kotlin.com.intellij.openapi.diagnostic.LogLevel                   : loaded 2 times (x 81B)
Class com.google.common.collect.ImmutableSortedSet                                    : loaded 2 times (x 301B)
Class [Lcom.google.common.cache.LocalCache$EntryFactory;                              : loaded 2 times (x 71B)
Class org.gradle.internal.classloader.ClassLoaderFactory                              : loaded 2 times (x 72B)
Class org.jetbrains.kotlin.diagnostics.LightTreePositioningStrategies$PACKAGE_DIRECTIVE_NAME_EXPRESSION$1: loaded 2 times (x 76B)
Class org.jetbrains.kotlin.fir.resolve.calls.tower.FirTowerResolveTask$runResolverForExpressionReceiver$1: loaded 2 times (x 89B)
Class org.jetbrains.kotlin.fir.resolve.inference.FirPCLAInferenceSession              : loaded 2 times (x 82B)
Class org.jetbrains.kotlin.fir.resolve.calls.stages.CheckVisibility$check$1           : loaded 2 times (x 89B)
Class org.jetbrains.kotlin.fir.resolve.dfa.cfg.FinallyBlockExitNode                   : loaded 2 times (x 83B)
Class org.jetbrains.kotlin.fir.resolve.transformers.plugin.FirPartialImportResolveTransformer: loaded 2 times (x 385B)
Class org.jetbrains.kotlin.fir.types.CompilerConeAttributes$Exact                     : loaded 2 times (x 81B)
Class org.jetbrains.kotlin.fir.UtilsKt$WhenMappings                                   : loaded 2 times (x 73B)
Class org.jetbrains.kotlin.descriptors.EffectiveVisibility$Local                      : loaded 2 times (x 77B)
Class org.jetbrains.kotlin.fir.diagnostics.DiagnosticKind                             : loaded 2 times (x 81B)
Class org.jetbrains.kotlin.fir.resolve.providers.impl.FirProviderImpl$FirRecorder     : loaded 2 times (x 227B)
Class org.jetbrains.kotlin.fir.builder.ConversionUtilsKt                              : loaded 2 times (x 73B)
Class org.jetbrains.kotlin.utils.exceptions.KotlinIllegalArgumentExceptionWithAttachments: loaded 2 times (x 94B)
Class org.jetbrains.kotlin.fir.analysis.checkers.expression.AbstractFirUnnecessarySafeCallChecker: loaded 2 times (x 78B)
Class org.jetbrains.kotlin.fir.analysis.checkers.declaration.FirManyCompanionObjectsChecker: loaded 2 times (x 78B)
Class org.jetbrains.kotlin.fir.analysis.checkers.declaration.FirAnnotationChecker     : loaded 2 times (x 78B)
Class [Lorg.jetbrains.kotlin.fir.extensions.BunchOfRegisteredExtensions;              : loaded 2 times (x 71B)
Class org.jetbrains.kotlin.fir.types.TypeComponents                                   : loaded 2 times (x 74B)
Class org.jetbrains.kotlin.fir.scopes.FirScopeProvider                                : loaded 2 times (x 77B)
Class org.jetbrains.kotlin.util.EmptyArrayMap                                         : loaded 2 times (x 85B)
Class org.jetbrains.kotlin.descriptors.ClassOrPackageFragmentDescriptor               : loaded 2 times (x 72B)
Class org.jetbrains.kotlin.psi.KtWhenConditionWithExpression                          : loaded 2 times (x 379B)
Class org.jetbrains.kotlin.psi.ValueArgument                                          : loaded 2 times (x 72B)
Class [Lorg.jetbrains.kotlin.psi.KtEnumEntrySuperclassReferenceExpression;            : loaded 2 times (x 71B)
Class org.jetbrains.kotlin.psi.KtDotQualifiedExpression                               : loaded 2 times (x 575B)
Class org.jetbrains.kotlin.psi.KtReferenceExpression                                  : loaded 2 times (x 72B)
Class org.jetbrains.kotlin.psi.KtImportList                                           : loaded 2 times (x 446B)
Class [Lorg.jetbrains.kotlin.psi.KtParameterList;                                     : loaded 2 times (x 71B)
Class org.jetbrains.kotlin.psi.stubs.KotlinFunctionStub                               : loaded 2 times (x 72B)
Class [Lorg.jetbrains.kotlin.com.intellij.lang.jvm.JvmAnnotatedElement;               : loaded 2 times (x 71B)
Class org.jetbrains.kotlin.fir.extensions.FirExtensionSessionComponent                : loaded 2 times (x 78B)
Class org.jetbrains.kotlin.cli.jvm.compiler.MockInferredAnnotationsManager$Companion  : loaded 2 times (x 73B)
Class org.jetbrains.kotlin.asJava.finder.JavaElementFinder$Companion                  : loaded 2 times (x 73B)
Class org.jetbrains.kotlin.com.intellij.util.lang.JavaVersion                         : loaded 2 times (x 76B)
Class org.jetbrains.kotlin.com.intellij.psi.PsiClassType                              : loaded 2 times (x 121B)
Class org.jetbrains.kotlin.com.intellij.testFramework.LightVirtualFile$1              : loaded 2 times (x 96B)
Class org.jetbrains.kotlin.com.intellij.openapi.util.Factory                          : loaded 2 times (x 72B)
Class org.jetbrains.kotlin.com.intellij.openapi.extensions.impl.ExtensionsAreaImplKt  : loaded 2 times (x 73B)
Class org.jetbrains.kotlin.com.fasterxml.aalto.in.ReaderConfig$EncodingContext        : loaded 2 times (x 74B)
Class org.jetbrains.kotlin.com.intellij.util.containers.UnsafeWeakList                : loaded 2 times (x 124B)
Class org.jetbrains.kotlin.com.intellij.lang.jvm.JvmField                             : loaded 2 times (x 72B)
Class org.jetbrains.kotlin.kotlinx.collections.immutable.ImmutableSet                 : loaded 2 times (x 72B)
Class org.jetbrains.kotlin.com.intellij.psi.impl.source.tree.PsiWhiteSpaceImpl        : loaded 2 times (x 378B)
Class org.jetbrains.kotlin.com.intellij.openapi.extensions.impl.ImplementationClassResolver: loaded 2 times (x 72B)
Class org.jetbrains.kotlin.cli.jvm.modules.CoreJrtVirtualFile                         : loaded 2 times (x 156B)
Class org.jetbrains.kotlin.cli.jvm.modules.CoreJrtFileSystem$Companion                : loaded 2 times (x 73B)
Class org.jetbrains.kotlin.com.intellij.ide.plugins.PluginEnabler                     : loaded 2 times (x 72B)
Class kotlin.reflect.jvm.internal.impl.builtins.PrimitiveType                         : loaded 2 times (x 81B)
Class org.jetbrains.kotlin.config.AnalysisFlag$Delegates$Boolean                      : loaded 2 times (x 73B)
Class org.jetbrains.kotlin.cli.common.arguments.ArgumentParseErrors                   : loaded 2 times (x 74B)
Class com.google.common.cache.LocalCache$LocalManualCache                             : loaded 2 times (x 101B)
Class com.google.common.base.CharMatcher$IsNot                                        : loaded 2 times (x 113B)
Class com.google.common.base.CommonPattern                                            : loaded 2 times (x 76B)
Class org.gradle.internal.service.CachingServiceLocator                               : loaded 2 times (x 84B)
Class org.jetbrains.kotlin.diagnostics.KtDiagnosticFactoryForDeprecation0             : loaded 2 times (x 74B)
Class org.jetbrains.kotlin.diagnostics.PositioningStrategies$ELSE_ENTRY$1             : loaded 2 times (x 76B)
Class org.jetbrains.kotlin.diagnostics.PositioningStrategies$DECLARATION_WITH_BODY$1  : loaded 2 times (x 76B)
Class org.jetbrains.kotlin.fir.declarations.FirDeclarationOrigin$BuiltIns             : loaded 2 times (x 74B)
Class org.jetbrains.kotlin.fir.expressions.ReferenceUtilsKt                           : loaded 2 times (x 73B)
Class org.jetbrains.kotlin.fir.resolve.calls.ResolvedCallArgument$VarargArgument      : loaded 2 times (x 75B)
Class org.jetbrains.kotlin.fir.resolve.inference.FirDelegatedPropertyInferenceSessionKt: loaded 2 times (x 73B)
Class org.jetbrains.kotlin.fir.scopes.impl.AbstractFirOverrideScope                   : loaded 2 times (x 85B)
Class org.jetbrains.kotlin.fir.expressions.impl.FirEnumEntryDeserializedAccessExpressionImpl: loaded 2 times (x 121B)
Class org.jetbrains.kotlin.fir.resolve.dfa.cfg.ControlFlowGraphBuilderKt              : loaded 2 times (x 73B)
Class org.jetbrains.kotlin.fir.scopes.impl.FirAbstractImportingScopeKt                : loaded 2 times (x 73B)
Class org.jetbrains.kotlin.fir.scopes.impl.FirDefaultSimpleImportingScope             : loaded 2 times (x 82B)
Class org.jetbrains.kotlin.fir.resolve.transformers.mpp.FirExpectActualMatcherTransformer: loaded 2 times (x 392B)
Class org.jetbrains.kotlin.com.google.common.collect.ImmutableMapEntry$NonTerminalImmutableBiMapEntry: loaded 2 times (x 87B)
Class org.jetbrains.kotlin.descriptors.Visibilities$Public                            : loaded 2 times (x 81B)
Class org.jetbrains.kotlin.com.intellij.openapi.util.Ref                              : loaded 2 times (x 74B)
Class org.jetbrains.kotlin.fir.analysis.checkers.declaration.FirMixedFunctionalTypesInSupertypesChecker: loaded 2 times (x 79B)
Class org.jetbrains.kotlin.renderer.DescriptorRendererOptionsImpl                     : loaded 2 times (x 178B)
Class org.jetbrains.kotlin.incremental.components.LookupLocation                      : loaded 2 times (x 72B)
Class org.jetbrains.kotlin.descriptors.ModuleDescriptor                               : loaded 2 times (x 72B)
Class org.jetbrains.kotlin.protobuf.ExtensionRegistryLite$ObjectIntPair               : loaded 2 times (x 74B)
Class org.jetbrains.kotlin.metadata.ProtoBuf$Class$1                                  : loaded 2 times (x 146B)
Class org.jetbrains.kotlin.konan.file.ZipUtilKt                                       : loaded 2 times (x 73B)
Class org.jetbrains.kotlin.parsing.PrecedingDocCommentsBinder                         : loaded 2 times (x 76B)
Class org.jetbrains.kotlin.psi.KtPsiUtil                                              : loaded 2 times (x 73B)
Class org.jetbrains.kotlin.com.google.common.collect.ImmutableMapEntrySet             : loaded 2 times (x 154B)
Class org.jetbrains.kotlin.com.intellij.psi.text.BlockSupport$ReparsedSuccessfullyException: loaded 2 times (x 85B)
Class [Lorg.jetbrains.kotlin.com.intellij.psi.impl.source.tree.TreeElement;           : loaded 2 times (x 71B)
Class [Lorg.jetbrains.kotlin.psi.KtEscapeStringTemplateEntry;                         : loaded 2 times (x 71B)
Class org.jetbrains.kotlin.psi.KtBlockCodeFragmentType                                : loaded 2 times (x 86B)
Class org.jetbrains.kotlin.com.intellij.psi.impl.source.tree.ICodeFragmentElementType : loaded 2 times (x 86B)
Class org.jetbrains.kotlin.psi.stubs.KotlinTypeParameterStub                          : loaded 2 times (x 72B)
Class org.jetbrains.kotlin.psi.stubs.KotlinPropertyStub                               : loaded 2 times (x 72B)
Class org.jetbrains.kotlin.fir.extensions.FirExpressionResolutionExtension            : loaded 2 times (x 78B)
Class org.jetbrains.kotlin.com.intellij.openapi.util.NotNullLazyKey                   : loaded 2 times (x 79B)
Class org.jetbrains.kotlin.com.intellij.psi.scope.processor.MethodCandidatesProcessor : loaded 2 times (x 113B)
Class org.jetbrains.kotlin.load.kotlin.KotlinBinaryClassCache                         : loaded 2 times (x 77B)
Class org.jetbrains.kotlin.com.intellij.psi.PsiIdentifier                             : loaded 2 times (x 72B)
Class org.jetbrains.kotlin.com.intellij.psi.stubs.BinaryFileStubBuilder               : loaded 2 times (x 72B)
Class org.jetbrains.kotlin.kotlinx.collections.immutable.implementations.immutableSet.TrieNodeIterator: loaded 2 times (x 74B)
Class org.jetbrains.kotlin.com.intellij.ide.highlighter.ArchiveFileType               : loaded 2 times (x 87B)
Class org.jetbrains.kotlin.com.intellij.util.pico.TooManySatisfiableConstructorsException: loaded 2 times (x 84B)
Class org.jetbrains.kotlin.com.intellij.util.ConcurrentLongObjectHashMap$ForwardingNode: loaded 2 times (x 79B)
Class org.jetbrains.kotlin.com.intellij.openapi.progress.impl.CoreProgressManager$1   : loaded 2 times (x 86B)
Class org.jetbrains.kotlin.com.intellij.lang.impl.PsiBuilderFactoryImpl               : loaded 2 times (x 78B)
Class kotlin.collections.AbstractMap                                                  : loaded 2 times (x 124B)
Class org.jetbrains.kotlin.com.intellij.core.JavaCoreApplicationEnvironment           : loaded 2 times (x 96B)
Class org.jetbrains.kotlin.com.intellij.openapi.util.text.Strings                     : loaded 2 times (x 73B)
Class kotlin.collections.AbstractList$IteratorImpl                                    : loaded 2 times (x 84B)
Class kotlin.jvm.internal.CallableReference                                           : loaded 2 times (x 108B)
Class com.google.common.collect.RegularImmutableSortedSet                             : loaded 2 times (x 301B)
Class com.google.common.collect.AbstractMapBasedMultimap$KeySet                       : loaded 2 times (x 139B)
Class com.google.common.math.IntMath                                                  : loaded 2 times (x 73B)
Class org.jetbrains.kotlin.diagnostics.KtDiagnosticFactoryForDeprecation1             : loaded 2 times (x 74B)
Class org.jetbrains.kotlin.diagnostics.PositioningStrategies$OBJECT_KEYWORD$1         : loaded 2 times (x 76B)
Class org.jetbrains.kotlin.diagnostics.PositioningStrategies$DECLARATION_NAME_ONLY$1  : loaded 2 times (x 77B)
Class org.jetbrains.kotlin.fir.resolve.dfa.cfg.FirAnonymousFunctionReturnExpressionInfo: loaded 2 times (x 74B)
Class org.jetbrains.kotlin.resolve.calls.inference.model.NewConstraintSystemImpl$State: loaded 2 times (x 81B)
Class org.jetbrains.kotlin.fir.resolve.calls.stages.TypeParameterAsCallable           : loaded 2 times (x 74B)
Class org.jetbrains.kotlin.fir.declarations.SealedClassInheritorsKey                  : loaded 2 times (x 73B)
Class org.jetbrains.kotlin.fir.deserialization.ClassDeserializationKt                 : loaded 2 times (x 73B)
Class org.jetbrains.kotlin.fir.types.ConeIntersectionType                             : loaded 2 times (x 83B)
Class org.jetbrains.kotlin.fir.resolve.inference.FirInferenceSession$Companion$DEFAULT$1: loaded 2 times (x 81B)
Class org.jetbrains.kotlin.fir.resolve.dfa.cfg.CFGNode                                : loaded 2 times (x 83B)
Class org.jetbrains.kotlin.fir.expressions.FirOperation$Companion                     : loaded 2 times (x 73B)
Class org.jetbrains.kotlin.fir.impl.FirLabelImpl                                      : loaded 2 times (x 91B)
Class org.jetbrains.kotlin.fir.expressions.FirCallableReferenceAccess                 : loaded 2 times (x 164B)
Class org.jetbrains.kotlin.fir.expressions.builder.FirStringConcatenationCallBuilder  : loaded 2 times (x 96B)
Class org.jetbrains.kotlin.fir.expressions.FirImplicitInvokeCall                      : loaded 2 times (x 185B)
Class org.jetbrains.kotlin.fir.expressions.FirAnnotation                              : loaded 2 times (x 128B)
Class org.jetbrains.kotlin.fir.analysis.extensions.FirAdditionalCheckersExtension$Companion: loaded 2 times (x 73B)
Class org.jetbrains.kotlin.fir.types.impl.FirImplicitAnnotationTypeRef                : loaded 2 times (x 108B)
Class org.jetbrains.kotlin.builtins.StandardNames$FqNames                             : loaded 2 times (x 73B)
Class org.jetbrains.kotlin.load.java.JavaIncompatibilityRulesOverridabilityCondition  : loaded 2 times (x 77B)
Class org.jetbrains.kotlin.descriptors.ModuleCapability                               : loaded 2 times (x 74B)
Class org.jetbrains.kotlin.com.intellij.lang.SyntaxTreeBuilder$Marker                 : loaded 2 times (x 72B)
Class org.jetbrains.kotlin.psi.KtIfExpression                                         : loaded 2 times (x 446B)
Class org.jetbrains.kotlin.it.unimi.dsi.fastutil.longs.LongSet                        : loaded 2 times (x 72B)
Class org.jetbrains.kotlin.psi.KtAnonymousInitializer                                 : loaded 2 times (x 72B)
Class org.jetbrains.kotlin.com.intellij.util.keyFMap.PairElementsFMap                 : loaded 2 times (x 82B)
Class kotlin.script.dependencies.ScriptDependenciesResolver                           : loaded 2 times (x 72B)
Class org.jetbrains.kotlin.codegen.extensions.ClassFileFactoryFinalizerExtension$Companion: loaded 2 times (x 74B)
Class org.jetbrains.kotlin.com.intellij.psi.controlFlow.ControlFlow                   : loaded 2 times (x 72B)
Class org.jetbrains.kotlin.com.intellij.psi.PsiElementVisitor                         : loaded 2 times (x 83B)
Class kotlinx.coroutines.BlockingEventLoop                                            : loaded 2 times (x 118B)
Class kotlin.coroutines.AbstractCoroutineContextElement                               : loaded 2 times (x 91B)
Class kotlinx.coroutines.ThreadLocalEventLoop                                         : loaded 2 times (x 73B)
Class org.jetbrains.kotlin.com.intellij.openapi.util.AtomicNotNullLazyValue           : loaded 2 times (x 79B)
Class kotlin.ranges.IntRange                                                          : loaded 2 times (x 95B)
Class org.jetbrains.kotlin.com.intellij.openapi.progress.impl.CoreProgressManager$2   : loaded 2 times (x 86B)
Class org.jetbrains.kotlin.com.intellij.psi.PsiReferenceServiceImpl                   : loaded 2 times (x 75B)
Class org.jetbrains.kotlin.com.intellij.openapi.extensions.impl.InterfaceExtensionPoint: loaded 2 times (x 93B)
Class org.jetbrains.kotlin.com.intellij.util.containers.FastUtilHashingStrategies$1   : loaded 2 times (x 83B)
Class org.jetbrains.kotlin.com.intellij.openapi.util.ModificationTracker              : loaded 2 times (x 72B)
Class org.jetbrains.kotlin.cli.common.config.ContentRoot                              : loaded 2 times (x 72B)
Class kotlin.reflect.jvm.internal.impl.descriptors.runtime.structure.ReflectClassUtilKt: loaded 2 times (x 73B)
Class org.jetbrains.kotlin.config.LanguageFeature$Companion                           : loaded 2 times (x 73B)
Class kotlin.properties.ReadOnlyProperty                                              : loaded 2 times (x 72B)
Class kotlin.jvm.internal.markers.KMutableMap                                         : loaded 2 times (x 72B)
Class com.google.common.collect.ImmutableMapEntry                                     : loaded 2 times (x 87B)
Class org.jetbrains.kotlin.diagnostics.KtDiagnosticFactoryForDeprecation2             : loaded 2 times (x 74B)
Class org.jetbrains.kotlin.diagnostics.PositioningStrategies$NOT_SUPPORTED_IN_INLINE_MOST_RELEVANT$1: loaded 2 times (x 76B)
Class org.jetbrains.kotlin.kotlinx.collections.immutable.implementations.immutableMap.MapEntry: loaded 2 times (x 84B)
Class org.jetbrains.kotlin.KtFakeSourceElementKind$LambdaReceiver                     : loaded 2 times (x 74B)
Class org.jetbrains.kotlin.fir.resolve.transformers.body.resolve.BodyResolveUtilsKt   : loaded 2 times (x 73B)
Class org.jetbrains.kotlin.fir.declarations.CallToPotentiallyHiddenSymbolResult       : loaded 2 times (x 81B)
Class org.jetbrains.kotlin.fir.resolve.calls.tower.TowerResolveManager$stopResolverTask$1: loaded 2 times (x 89B)
Class org.jetbrains.kotlin.fir.resolve.transformers.body.resolve.ImplicitBodyResolveComputationStatus$Computing: loaded 2 times (x 73B)
Class org.jetbrains.kotlin.fir.declarations.DeprecationsProviderImpl$special$$inlined$createCache$1: loaded 2 times (x 77B)
Class org.jetbrains.kotlin.name.StandardClassIds$Annotations$ParameterNames           : loaded 2 times (x 73B)
Class org.jetbrains.kotlin.fir.scopes.impl.FirClassUseSiteMemberScope                 : loaded 2 times (x 89B)
Class org.jetbrains.kotlin.fir.declarations.synthetic.FirSyntheticPropertyAccessor    : loaded 2 times (x 218B)
Class org.jetbrains.kotlin.fir.resolve.transformers.plugin.FirSpecificAnnotationResolveTransformer: loaded 2 times (x 403B)
Class org.jetbrains.kotlin.fir.resolve.calls.overloads.ConeCompositeConflictResolver  : loaded 2 times (x 75B)
Class org.jetbrains.kotlin.fir.expressions.impl.FirEmptyExpressionBlock               : loaded 2 times (x 122B)
Class org.jetbrains.kotlin.fir.expressions.FirFunctionCallOrigin                      : loaded 2 times (x 81B)
Class org.jetbrains.kotlin.KtSourceElementKt                                          : loaded 2 times (x 73B)
Class org.jetbrains.kotlin.fir.analysis.checkers.expression.FirPrivateToThisAccessChecker: loaded 2 times (x 78B)
Class org.jetbrains.kotlin.fir.analysis.checkers.expression.FirMissingDependencyClassProxy: loaded 2 times (x 72B)
Class org.jetbrains.kotlin.fir.session.SourcesToPathsMapper                           : loaded 2 times (x 74B)
Class org.jetbrains.kotlin.fir.caches.FirCachesFactoryKt                              : loaded 2 times (x 73B)
Class org.jetbrains.kotlin.fir.types.impl.FirImplicitAnyTypeRef                       : loaded 2 times (x 108B)
Class org.jetbrains.kotlin.descriptors.impl.ModuleDependencies                        : loaded 2 times (x 72B)
Class org.jetbrains.kotlin.serialization.deserialization.ErrorReporter$1              : loaded 2 times (x 77B)
Class org.jetbrains.kotlin.metadata.ProtoBuf$TypeParameterOrBuilder                   : loaded 2 times (x 72B)
Class org.jetbrains.kotlin.metadata.ProtoBuf$Property                                 : loaded 2 times (x 149B)
Class org.jetbrains.kotlin.library.impl.IrLibraryLayoutImpl$extractingToTemp$2        : loaded 2 times (x 81B)
Class org.jetbrains.kotlin.library.impl.BaseLibraryAccess                             : loaded 2 times (x 75B)
Class org.jetbrains.kotlin.parsing.DoNotBindAnything                                  : loaded 2 times (x 76B)
Class org.jetbrains.kotlin.parsing.KotlinParsing$AnnotationParsingMode                : loaded 2 times (x 81B)
Class org.jetbrains.kotlin.psi.KtCallExpression                                       : loaded 2 times (x 573B)
Class org.jetbrains.kotlin.psi.KtWhileExpressionBase                                  : loaded 2 times (x 443B)
Class org.jetbrains.kotlin.KtNodeType$KtLeftBoundNodeType                             : loaded 2 times (x 78B)
Class org.jetbrains.kotlin.psi.KtEscapeStringTemplateEntry                            : loaded 2 times (x 447B)
Class org.jetbrains.kotlin.psi.KotlinStringLiteralTextEscaper                         : loaded 2 times (x 78B)
Class org.jetbrains.kotlin.psi.KtContextReceiver                                      : loaded 2 times (x 445B)
Class [Lorg.jetbrains.kotlin.psi.KtQualifiedExpression;                               : loaded 2 times (x 71B)
Class org.jetbrains.kotlin.lexer.KtSingleValueToken                                   : loaded 2 times (x 79B)
Class [Lorg.jetbrains.kotlin.psi.KtClass;                                             : loaded 2 times (x 71B)
Class org.jetbrains.kotlin.fir.extensions.FirExtensionRegistrarAdapter                : loaded 2 times (x 73B)
Class org.jetbrains.kotlin.extensions.PreprocessedVirtualFileFactoryExtension$Companion: loaded 2 times (x 74B)
Class org.jetbrains.kotlin.cli.jvm.compiler.jarfs.FastJarHandler                      : loaded 2 times (x 74B)
Class org.jetbrains.kotlin.com.intellij.psi.impl.source.resolve.JavaResolveCache      : loaded 2 times (x 76B)
Class org.jetbrains.kotlin.com.intellij.psi.PsiManager                                : loaded 2 times (x 115B)
Class kotlinx.coroutines.CompletionStateKt                                            : loaded 2 times (x 73B)
Class org.jetbrains.kotlin.com.intellij.psi.presentation.java.VariablePresentationProvider: loaded 2 times (x 78B)
Class org.jetbrains.kotlin.com.intellij.openapi.command.CommandProcessorEx            : loaded 2 times (x 76B)
Class org.jetbrains.kotlin.com.intellij.openapi.progress.impl.CoreProgressManager$3   : loaded 2 times (x 91B)
Class org.jetbrains.kotlin.com.intellij.util.pico.AmbiguousComponentResolutionException: loaded 2 times (x 84B)
Class org.jetbrains.kotlin.it.unimi.dsi.fastutil.objects.Reference2ObjectMap$FastEntrySet: loaded 2 times (x 72B)
Class org.jetbrains.kotlin.config.AnalysisFlag$Delegates$ApiModeDisabledByDefault     : loaded 2 times (x 73B)
Class org.jetbrains.kotlin.config.LanguageVersionSettingsImpl                         : loaded 2 times (x 83B)
Class org.jetbrains.kotlin.fir.analysis.checkers.declaration.DeclarationCheckers      : loaded 2 times (x 96B)
Class org.jetbrains.kotlin.cli.common.arguments.CommonCompilerArguments$Companion     : loaded 2 times (x 73B)
Class kotlin.enums.EnumEntries                                                        : loaded 2 times (x 72B)
Class com.google.common.base.Equivalence                                              : loaded 2 times (x 84B)
Class com.google.common.collect.ImmutableMapEntry$NonTerminalImmutableMapEntry        : loaded 2 times (x 87B)
Class com.google.common.base.Function                                                 : loaded 2 times (x 72B)
Class org.jetbrains.kotlin.diagnostics.KtDiagnosticFactoryForDeprecation3             : loaded 2 times (x 74B)
Class org.jetbrains.kotlin.diagnostics.PositioningStrategies$TYPEALIAS_TYPE_REFERENCE$1: loaded 2 times (x 76B)
Class org.jetbrains.kotlin.fir.visitors.TransformData$Data                            : loaded 2 times (x 74B)
Class org.jetbrains.kotlin.types.model.TypeVariableTypeConstructorMarker              : loaded 2 times (x 72B)
Class org.jetbrains.kotlin.fir.resolve.calls.ConePostponedResolvedAtom                : loaded 2 times (x 88B)
Class org.jetbrains.kotlin.fir.resolve.ResolutionMode$Companion                       : loaded 2 times (x 73B)
Class org.jetbrains.kotlin.fir.deserialization.FirContractDeserializer                : loaded 2 times (x 79B)
Class org.jetbrains.kotlin.fir.scopes.impl.FirExplicitStarImportingScope              : loaded 2 times (x 82B)
Class org.jetbrains.kotlin.resolve.ImportPath                                         : loaded 2 times (x 74B)
Class org.jetbrains.kotlin.fir.resolve.transformers.body.resolve.FirControlFlowStatementsResolveTransformer: loaded 2 times (x 392B)
Class org.jetbrains.kotlin.fir.CopyUtilsKt                                            : loaded 2 times (x 73B)
Class [Lorg.jetbrains.kotlin.fir.resolve.dfa.cfg.FunctionCallArgumentsExitNode;       : loaded 2 times (x 71B)
Class org.jetbrains.kotlin.fir.resolve.transformers.FirStatusResolver                 : loaded 2 times (x 74B)
Class org.jetbrains.kotlin.fir.declarations.builder.FirEnumEntryBuilder               : loaded 2 times (x 80B)
Class org.jetbrains.kotlin.KtFakeSourceElementKind$ArrayAccessNameReference           : loaded 2 times (x 74B)
Class [Lorg.jetbrains.kotlin.fir.expressions.FirOperation;                            : loaded 2 times (x 71B)
Class org.jetbrains.kotlin.fir.references.impl.FirDelegateFieldReferenceImpl          : loaded 2 times (x 93B)
Class org.jetbrains.kotlin.KtFakeSourceElementKind$DelegatedPropertyAccessor          : loaded 2 times (x 74B)
Class org.jetbrains.kotlin.com.google.common.collect.ImmutableMapKeySet               : loaded 2 times (x 154B)
Class org.jetbrains.kotlin.fir.expressions.FirDelegatedConstructorCall                : loaded 2 times (x 165B)
Class [Lorg.jetbrains.kotlin.fir.declarations.impl.FirDeclarationStatusImpl$Modifier; : loaded 2 times (x 71B)
Class org.jetbrains.kotlin.fir.analysis.checkers.declaration.FirMemberFunctionsChecker: loaded 2 times (x 78B)
Class org.jetbrains.kotlin.fir.resolve.providers.impl.FirProviderImpl$State           : loaded 2 times (x 74B)
Class org.jetbrains.kotlin.serialization.deserialization.DeserializedClassDataFinder  : loaded 2 times (x 77B)
Class org.jetbrains.kotlin.serialization.deserialization.DeserializationConfiguration : loaded 2 times (x 72B)
Class org.jetbrains.kotlin.metadata.ProtoBuf$TypeTable                                : loaded 2 times (x 111B)
Class org.jetbrains.kotlin.protobuf.MessageLiteOrBuilder                              : loaded 2 times (x 72B)
Class org.jetbrains.kotlin.library.impl.IrMonoliticLibraryImpl$files$2                : loaded 2 times (x 81B)
Class org.jetbrains.kotlin.library.KotlinLibrarySearchPathResolver$resolveOrNull$1$1  : loaded 2 times (x 81B)
Class org.jetbrains.kotlin.parsing.Consumer                                           : loaded 2 times (x 72B)
Class org.jetbrains.kotlin.com.intellij.psi.tree.ICompositeElementType                : loaded 2 times (x 72B)
Class [Lorg.jetbrains.kotlin.com.intellij.lang.FileASTNode;                           : loaded 2 times (x 71B)
Class org.jetbrains.kotlin.com.intellij.openapi.util.io.FileUtil                      : loaded 2 times (x 73B)
Class org.jetbrains.kotlin.psi.stubs.KotlinConstantExpressionStub                     : loaded 2 times (x 72B)
Class org.jetbrains.kotlin.psi.KtImportAlias                                          : loaded 2 times (x 562B)
Class [Lorg.jetbrains.kotlin.psi.KtTypeParameter;                                     : loaded 2 times (x 71B)
Class org.jetbrains.kotlin.com.intellij.psi.SingleRootFileViewProvider                : loaded 2 times (x 162B)
Class org.jetbrains.kotlin.fir.extensions.FirScriptResolutionConfigurationExtension   : loaded 2 times (x 78B)
Class org.jetbrains.kotlin.com.intellij.openapi.vfs.PersistentFSConstants             : loaded 2 times (x 73B)
Class org.jetbrains.kotlin.it.unimi.dsi.fastutil.objects.ObjectOpenHashSet            : loaded 2 times (x 185B)
Class org.jetbrains.kotlin.com.intellij.core.CoreJavaCodeStyleManager$1               : loaded 2 times (x 210B)
Class org.jetbrains.kotlin.com.intellij.psi.impl.source.resolve.JavaResolveCache$1    : loaded 2 times (x 80B)
Class org.jetbrains.kotlin.com.intellij.psi.util.CachedValueProvider                  : loaded 2 times (x 72B)
Class org.jetbrains.kotlin.com.intellij.openapi.vfs.NonPhysicalFileSystem             : loaded 2 times (x 72B)
Class kotlinx.coroutines.CoroutineDispatcher                                          : loaded 2 times (x 101B)
Class org.jetbrains.kotlin.com.intellij.pom.PomNamedTarget                            : loaded 2 times (x 72B)
Class org.jetbrains.kotlin.com.intellij.openapi.progress.impl.CoreProgressManager     : loaded 2 times (x 115B)
Class kotlin.jvm.internal.markers.KMutableListIterator                                : loaded 2 times (x 72B)
Class org.jetbrains.kotlin.descriptors.EffectiveVisibility$PrivateInClass             : loaded 2 times (x 77B)
Class org.jetbrains.kotlin.fir.analysis.checkers.declaration.FirPackageConflictsWithClassifierChecker: loaded 2 times (x 78B)
Class com.google.common.cache.CacheBuilder$OneWeigher                                 : loaded 2 times (x 84B)
Class com.google.common.collect.RegularImmutableList                                  : loaded 2 times (x 214B)
Class org.jetbrains.kotlin.diagnostics.KtDiagnosticFactoryForDeprecation4             : loaded 2 times (x 74B)
Class org.jetbrains.kotlin.resolve.calls.inference.model.SimpleConstraintSystemConstraintPosition: loaded 2 times (x 73B)
Class org.jetbrains.kotlin.fir.scopes.FirTypeScopeKt$processOverriddenFunctions$1     : loaded 2 times (x 127B)
Class org.jetbrains.kotlin.fir.resolve.calls.QualifierReceiver                        : loaded 2 times (x 76B)
Class org.jetbrains.kotlin.fir.util.PersistentMultimap                                : loaded 2 times (x 74B)
Class org.jetbrains.kotlin.fir.scopes.impl.AbstractFirUseSiteMemberScope              : loaded 2 times (x 89B)
Class org.jetbrains.kotlin.fir.scopes.FirTypeScope                                    : loaded 2 times (x 83B)
Class org.jetbrains.kotlin.fir.resolve.transformers.FirSealedClassInheritorsProcessor$InheritorsCollector: loaded 2 times (x 228B)
Class org.jetbrains.kotlin.fir.resolve.transformers.body.resolve.FirArrayOfCallTransformer$Companion: loaded 2 times (x 73B)
Class org.jetbrains.kotlin.fir.resolve.calls.overloads.ConeCallConflictResolverKt     : loaded 2 times (x 73B)
Class org.jetbrains.kotlin.fir.util.PersistentSetMultimap                             : loaded 2 times (x 74B)
Class org.jetbrains.kotlin.fir.resolve.transformers.plugin.FirCompilerRequiredAnnotationsResolveProcessor: loaded 2 times (x 77B)
Class org.jetbrains.kotlin.types.ConstantValueKind$IntegerLiteral                     : loaded 2 times (x 74B)
Class org.jetbrains.kotlin.fir.expressions.FirWrappedDelegateExpression               : loaded 2 times (x 121B)
Class org.jetbrains.kotlin.com.google.common.collect.ImmutableSet$EmptySetBuilderImpl : loaded 2 times (x 78B)
Class org.jetbrains.kotlin.fir.IsJavaRecordKey                                        : loaded 2 times (x 73B)
Class org.jetbrains.kotlin.fir.builder.FirPackageDirectiveBuilder                     : loaded 2 times (x 74B)
Class org.jetbrains.kotlin.fir.analysis.checkers.declaration.FirTypeParameterVarianceChecker: loaded 2 times (x 78B)
Class org.jetbrains.kotlin.fir.declarations.impl.FirPrimaryConstructor                : loaded 2 times (x 208B)
Class org.jetbrains.kotlin.fir.analysis.checkers.expression.ExpressionCheckers$Companion: loaded 2 times (x 73B)
Class org.jetbrains.kotlin.builtins.functions.FunctionTypeKind$Function               : loaded 2 times (x 78B)
Class org.jetbrains.kotlin.fir.FirPlatformSpecificCastChecker                         : loaded 2 times (x 74B)
Class org.jetbrains.kotlin.fir.declarations.FirTypeParameterRefsOwner                 : loaded 2 times (x 72B)
Class org.jetbrains.kotlin.types.model.TypeSystemCommonSuperTypesContext              : loaded 2 times (x 72B)
Class org.jetbrains.kotlin.fir.extensions.FirPredicateBasedProviderImpl               : loaded 2 times (x 79B)
Class org.jetbrains.kotlin.util.ArrayMapImpl                                          : loaded 2 times (x 86B)
Class org.jetbrains.kotlin.renderer.ClassifierNamePolicy$SOURCE_CODE_QUALIFIED        : loaded 2 times (x 76B)
Class org.jetbrains.kotlin.metadata.ProtoBuf$AnnotationOrBuilder                      : loaded 2 times (x 72B)
Class org.jetbrains.kotlin.protobuf.WireFormat$FieldType                              : loaded 2 times (x 84B)
Class org.jetbrains.kotlin.library.impl.KotlinLibraryLayoutImpl                       : loaded 2 times (x 92B)
Class org.jetbrains.kotlin.library.KotlinLibrarySearchPathResolver$resolveOrNull$1$2  : loaded 2 times (x 81B)
Class org.jetbrains.kotlin.psi.KtWhenEntry                                            : loaded 2 times (x 385B)
Class [Lorg.jetbrains.kotlin.it.unimi.dsi.fastutil.objects.Object2ObjectFunction;     : loaded 2 times (x 71B)
Class org.jetbrains.kotlin.cli.jvm.compiler.ClasspathRootsResolver$RootsAndModules    : loaded 2 times (x 74B)
Class org.jetbrains.kotlin.cli.jvm.compiler.KotlinCoreEnvironment$2                   : loaded 2 times (x 127B)
Class [Lorg.jetbrains.kotlin.psi.KtFunction;                                          : loaded 2 times (x 71B)
Class org.jetbrains.kotlin.psi.KtTypeParameterListOwnerStub                           : loaded 2 times (x 996B)
Class org.jetbrains.kotlin.com.intellij.psi.PsiBinaryFile                             : loaded 2 times (x 72B)
Class org.jetbrains.kotlin.fir.extensions.FirAnalysisHandlerExtension                 : loaded 2 times (x 75B)
Class org.jetbrains.kotlin.asJava.KotlinAsJavaSupportBase                             : loaded 2 times (x 105B)
Class org.jetbrains.kotlin.com.intellij.core.CoreJavaCodeStyleManager$2               : loaded 2 times (x 75B)
Class org.jetbrains.kotlin.com.intellij.psi.impl.PsiTreeChangePreprocessor            : loaded 2 times (x 72B)
Class org.jetbrains.kotlin.com.intellij.lang.jvm.JvmMethod                            : loaded 2 times (x 72B)
Class org.jetbrains.kotlin.com.intellij.pom.PomRenameableTarget                       : loaded 2 times (x 72B)
Class org.jetbrains.kotlin.com.intellij.openapi.fileTypes.PlainTextParserDefinition$1 : loaded 2 times (x 86B)
Class org.jetbrains.kotlin.com.intellij.lang.PsiBuilderFactory                        : loaded 2 times (x 78B)
Class org.jetbrains.kotlin.com.intellij.openapi.diagnostic.Logger$Factory             : loaded 2 times (x 72B)
Class org.jetbrains.kotlin.it.unimi.dsi.fastutil.ints.AbstractInt2ObjectFunction      : loaded 2 times (x 120B)
Class kotlin.reflect.jvm.internal.KDeclarationContainerImpl$Companion                 : loaded 2 times (x 73B)
Class jdk.internal.jimage.ImageBufferCache                                            : loaded 2 times (x 73B)
Class jdk.internal.jrtfs.JrtPath                                                      : loaded 2 times (x 124B)
Class org.gradle.internal.classloader.ClasspathUtil                                   : loaded 2 times (x 73B)
Class org.jetbrains.kotlin.diagnostics.LightTreePositioningStrategies$TYPEALIAS_TYPE_REFERENCE$1: loaded 2 times (x 76B)
Class org.jetbrains.kotlin.diagnostics.LightTreePositioningStrategies$OPERATION_TO_END$1: loaded 2 times (x 76B)
Class org.jetbrains.kotlin.types.SmartcastStability                                   : loaded 2 times (x 81B)
Class org.jetbrains.kotlin.fir.scopes.impl.FirSubstitutionOverrideStorage$SubstitutionOverrideCache: loaded 2 times (x 74B)
Class org.jetbrains.kotlin.fir.resolve.calls.stages.FirCallArgumentsProcessor         : loaded 2 times (x 74B)
Class org.jetbrains.kotlin.resolve.calls.tasks.ExplicitReceiverKind                   : loaded 2 times (x 81B)
Class org.jetbrains.kotlin.fir.deserialization.FirDeserializationUtilsKt              : loaded 2 times (x 73B)
Class [Lorg.jetbrains.kotlin.metadata.ProtoBuf$QualifiedNameTable$QualifiedName$Kind; : loaded 2 times (x 71B)
Class org.jetbrains.kotlin.fir.declarations.builder.FirResolvedImportBuilder          : loaded 2 times (x 74B)
Class kotlin.collections.builders.SetBuilder                                          : loaded 2 times (x 145B)
Class org.jetbrains.kotlin.fir.resolve.SupertypeSupplier                              : loaded 2 times (x 75B)
Class org.jetbrains.kotlin.types.ConstantValueKind$Char                               : loaded 2 times (x 74B)
Class org.jetbrains.kotlin.fir.declarations.utils.KlibSourceFile                      : loaded 2 times (x 73B)
Class org.jetbrains.kotlin.fir.analysis.checkers.expression.FirForLoopStatementAssignmentChecker: loaded 2 times (x 78B)
Class org.jetbrains.kotlin.fir.analysis.checkers.expression.FirConventionFunctionCallChecker: loaded 2 times (x 78B)
Class org.jetbrains.kotlin.fir.analysis.checkers.expression.FirProjectionsOnNonClassTypeArgumentChecker: loaded 2 times (x 78B)
Class org.jetbrains.kotlin.fir.analysis.checkers.declaration.FirValueClassDeclarationChecker$ForExpectClass: loaded 2 times (x 79B)
Class org.jetbrains.kotlin.fir.types.FirMissingDependencyStorage$cache$1              : loaded 2 times (x 77B)
Class org.jetbrains.kotlin.fir.types.FirCorrespondingSupertypesCache                  : loaded 2 times (x 74B)
Class org.jetbrains.kotlin.fir.caches.FirCachesFactory                                : loaded 2 times (x 77B)
Class org.jetbrains.kotlin.types.checker.KotlinTypeChecker                            : loaded 2 times (x 72B)
Class org.jetbrains.kotlin.renderer.RenderingFormat$PLAIN                             : loaded 2 times (x 82B)
Class org.jetbrains.kotlin.metadata.ProtoBuf$TypeAlias                                : loaded 2 times (x 138B)
Class org.jetbrains.kotlin.metadata.ProtoBuf$PackageFragment                          : loaded 2 times (x 126B)
Class [Lorg.jetbrains.kotlin.metadata.ProtoBuf$TypeParameter$Variance;                : loaded 2 times (x 71B)
Class org.jetbrains.kotlin.metadata.ProtoBuf$Constructor                              : loaded 2 times (x 125B)
Class org.jetbrains.kotlin.library.impl.BaseLibraryAccess$inPlace$1                   : loaded 2 times (x 81B)
Class org.jetbrains.kotlin.com.intellij.lang.impl.MarkerOptionalData                  : loaded 2 times (x 101B)
Class kotlin.sequences.EmptySequence                                                  : loaded 2 times (x 80B)
Class org.jetbrains.kotlin.psi.KtContractEffectList                                   : loaded 2 times (x 445B)
Class [Lorg.jetbrains.kotlin.psi.KtNamed;                                             : loaded 2 times (x 71B)
Class org.jetbrains.kotlin.resolve.jvm.KotlinJavaPsiFacade$KotlinPsiElementFinderWrapper: loaded 2 times (x 72B)
Class org.jetbrains.kotlin.extensions.CollectAdditionalSourcesExtension               : loaded 2 times (x 72B)
Class org.jetbrains.kotlin.com.intellij.openapi.extensions.ExtensionPointDescriptor   : loaded 2 times (x 74B)
Class kotlinx.coroutines.NonDisposableHandle                                          : loaded 2 times (x 80B)
Class org.jetbrains.kotlin.com.intellij.openapi.project.PossiblyDumbAware             : loaded 2 times (x 72B)
Class org.jetbrains.kotlin.com.intellij.lang.jvm.JvmMember                            : loaded 2 times (x 72B)
Class org.jetbrains.kotlin.com.intellij.util.ConcurrentLongObjectHashMap$CounterCell  : loaded 2 times (x 73B)
Class org.jetbrains.kotlin.com.intellij.openapi.progress.PerformInBackgroundOption    : loaded 2 times (x 72B)
Class org.jetbrains.kotlin.kotlinx.collections.immutable.implementations.immutableList.AbstractPersistentList: loaded 2 times (x 298B)
Class org.jetbrains.kotlin.kotlinx.collections.immutable.ImmutableMap                 : loaded 2 times (x 72B)
Class org.jetbrains.kotlin.com.intellij.openapi.extensions.ExtensionPointName         : loaded 2 times (x 74B)
Class kotlin.io.FileSystemException                                                   : loaded 2 times (x 84B)
Class kotlin.jvm.internal.PropertyReference0                                          : loaded 2 times (x 129B)
Class org.jetbrains.kotlin.cli.common.arguments.ParseCommandLineArgumentsKt           : loaded 2 times (x 73B)
Class com.google.common.util.concurrent.Uninterruptibles                              : loaded 2 times (x 73B)
Class org.jetbrains.kotlin.diagnostics.PositioningStrategies$FIELD_KEYWORD$1          : loaded 2 times (x 77B)
Class org.jetbrains.kotlin.diagnostics.PositioningStrategies$DECLARATION_RETURN_TYPE$1: loaded 2 times (x 76B)
Class org.jetbrains.kotlin.diagnostics.LightTreePositioningStrategies$TYPE_ARGUMENT_LIST_OR_SELF$1: loaded 2 times (x 76B)
Class org.jetbrains.kotlin.diagnostics.AbstractSourceElementPositioningStrategy       : loaded 2 times (x 75B)
Class org.jetbrains.kotlin.fir.renderer.ConeIdRenderer                                : loaded 2 times (x 76B)
Class org.jetbrains.kotlin.fir.resolve.calls.stages.InitializeEmptyArgumentMap        : loaded 2 times (x 74B)
Class org.jetbrains.kotlin.fir.types.ConeCapturedType                                 : loaded 2 times (x 83B)
Class org.jetbrains.kotlin.fir.resolve.transformers.body.resolve.FirExpressionsResolveTransformer$CallResolutionMode: loaded 2 times (x 81B)
Class org.jetbrains.kotlin.resolve.calls.tower.CandidateApplicabilityKt               : loaded 2 times (x 73B)
Class org.jetbrains.kotlin.serialization.deserialization.ValueClassUtilKt             : loaded 2 times (x 73B)
Class org.jetbrains.kotlin.fir.resolve.ScopeUtilsKt                                   : loaded 2 times (x 73B)
Class org.jetbrains.kotlin.fir.scopes.impl.FirAbstractProviderBasedScope              : loaded 2 times (x 80B)
Class org.jetbrains.kotlin.fir.resolve.transformers.plugin.CompilerRequiredAnnotationsComputationSession: loaded 2 times (x 76B)
Class org.jetbrains.kotlin.fir.resolve.transformers.FirConstantEvaluationBodyResolveTransformer: loaded 2 times (x 382B)
Class org.jetbrains.kotlin.fir.resolve.transformers.FirSupertypeResolverProcessor     : loaded 2 times (x 78B)
Class org.jetbrains.kotlin.fir.expressions.FirEmptyArgumentList                       : loaded 2 times (x 91B)
Class org.jetbrains.kotlin.fir.builder.Context                                        : loaded 2 times (x 74B)
Class org.jetbrains.kotlin.fir.analysis.extensions.FirAdditionalCheckersExtensionKt   : loaded 2 times (x 73B)
Class org.jetbrains.kotlin.fir.symbols.impl.FirVariableSymbol                         : loaded 2 times (x 77B)
Class org.jetbrains.kotlin.fir.analysis.checkers.declaration.FirInlinedLambdaNonSourceAnnotationsChecker: loaded 2 times (x 78B)
Class org.jetbrains.kotlin.fir.analysis.checkers.declaration.FirDataClassConsistentDataCopyAnnotationChecker: loaded 2 times (x 78B)
Class org.jetbrains.kotlin.fir.analysis.checkers.declaration.FirOverrideChecker       : loaded 2 times (x 79B)
Class org.jetbrains.kotlin.fir.expressions.FirReturnExpression                        : loaded 2 times (x 123B)
Class org.jetbrains.kotlin.fir.extensions.FirExtensionRegistrarKt                     : loaded 2 times (x 73B)
Class org.jetbrains.kotlin.resolve.scopes.receivers.ReceiverValue                     : loaded 2 times (x 72B)
Class org.jetbrains.kotlin.fir.declarations.FirDeclaration                            : loaded 2 times (x 108B)
Class org.jetbrains.kotlin.fir.symbols.FirLazyDeclarationResolver                     : loaded 2 times (x 78B)
Class org.jetbrains.kotlin.mpp.FunctionSymbolMarker                                   : loaded 2 times (x 72B)
Class org.jetbrains.kotlin.descriptors.DeclarationDescriptorVisitor                   : loaded 2 times (x 72B)
Class org.jetbrains.kotlin.metadata.ProtoBuf$PackageFragment$1                        : loaded 2 times (x 146B)
Class org.jetbrains.kotlin.metadata.ProtoBuf$VersionRequirementTableOrBuilder         : loaded 2 times (x 72B)
Class org.jetbrains.kotlin.psi.KtVisitor                                              : loaded 2 times (x 193B)
Class org.jetbrains.kotlin.com.intellij.lang.impl.PsiBuilderImpl$TokenRange           : loaded 2 times (x 96B)
Class [Lorg.jetbrains.kotlin.psi.KtAnnotationUseSiteTarget;                           : loaded 2 times (x 71B)
Class org.jetbrains.kotlin.psi.KtClassInitializer                                     : loaded 2 times (x 786B)
Class [Lorg.jetbrains.kotlin.com.intellij.psi.PsiNameIdentifierOwner;                 : loaded 2 times (x 71B)
Class org.jetbrains.kotlin.com.intellij.psi.impl.PsiElementBase                       : loaded 2 times (x 293B)
Class org.jetbrains.kotlin.com.intellij.psi.impl.source.JavaDummyHolder               : loaded 2 times (x 799B)
Class org.jetbrains.kotlin.com.intellij.util.containers.ConcurrentSoftKeySoftValueHashMap: loaded 2 times (x 151B)
Class org.jetbrains.kotlin.com.intellij.psi.impl.file.impl.FileManagerImpl            : loaded 2 times (x 86B)
Class org.jetbrains.kotlin.com.intellij.openapi.roots.FileIndexFacade                 : loaded 2 times (x 86B)
Class org.jetbrains.kotlin.com.fasterxml.aalto.in.ByteBasedPName                      : loaded 2 times (x 81B)
Class org.jetbrains.kotlin.com.intellij.util.xml.dom.XmlInterner                      : loaded 2 times (x 72B)
Class org.jetbrains.kotlin.com.intellij.util.QueryExecutor                            : loaded 2 times (x 72B)
Class [Lorg.jetbrains.kotlin.kotlinx.collections.immutable.implementations.immutableSet.TrieNodeIterator;: loaded 2 times (x 71B)
Class org.jetbrains.kotlin.com.intellij.openapi.extensions.impl.BeanExtensionPoint    : loaded 2 times (x 96B)
Class org.jetbrains.kotlin.com.intellij.openapi.extensions.ExtensionPoint$Kind        : loaded 2 times (x 81B)
Class [Lorg.jetbrains.kotlin.com.intellij.openapi.util.Key;                           : loaded 2 times (x 71B)
Class org.jetbrains.kotlin.cli.jvm.compiler.IdeaStandaloneExecutionSetup              : loaded 2 times (x 73B)
Class kotlin.reflect.full.IllegalCallableAccessException                              : loaded 2 times (x 84B)
Class kotlin.jvm.internal.DefaultConstructorMarker                                    : loaded 2 times (x 73B)
Class kotlin.jvm.internal.PropertyReference1                                          : loaded 2 times (x 129B)
Class org.jetbrains.kotlin.com.intellij.openapi.diagnostic.ControlFlowException       : loaded 2 times (x 72B)
Class com.google.common.collect.Maps                                                  : loaded 2 times (x 73B)
Class org.gradle.api.specs.Spec                                                       : loaded 2 times (x 72B)
Class org.jetbrains.kotlin.fir.resolve.transformers.ExpectedArgumentType$ExpectedType : loaded 2 times (x 74B)
Class org.jetbrains.kotlin.types.TypeCheckerState$SupertypesPolicy$LowerIfFlexible    : loaded 2 times (x 74B)
Class org.jetbrains.kotlin.kotlinx.collections.immutable.internal.MutabilityOwnership : loaded 2 times (x 73B)
Class org.jetbrains.kotlin.fir.types.ConeBuiltinTypeUtilsKt                           : loaded 2 times (x 73B)
Class org.jetbrains.kotlin.fir.scopes.impl.DefaultStarImportingScopeMarker            : loaded 2 times (x 72B)
Class org.jetbrains.kotlin.fir.FirVisibilityCheckerKt                                 : loaded 2 times (x 73B)
Class org.jetbrains.kotlin.fir.FirExpectActualMatchingContextKt                       : loaded 2 times (x 73B)
Class org.jetbrains.kotlin.fir.expressions.FirThisReceiverExpression                  : loaded 2 times (x 163B)
Class org.jetbrains.kotlin.com.google.common.collect.ImmutableSet$SetBuilderImpl      : loaded 2 times (x 78B)
Class org.jetbrains.kotlin.fir.expressions.impl.FirPropertyAccessExpressionImpl       : loaded 2 times (x 161B)
Class org.jetbrains.kotlin.fir.analysis.checkers.expression.FirPropertyAccessTypeArgumentsChecker: loaded 2 times (x 78B)
Class org.jetbrains.kotlin.name.CallableId                                            : loaded 2 times (x 74B)
Class org.jetbrains.kotlin.fir.analysis.checkers.expression.FirOptInUsageAccessChecker: loaded 2 times (x 78B)
Class org.jetbrains.kotlin.fir.types.impl.FirImplicitDoubleTypeRef                    : loaded 2 times (x 108B)
Class org.jetbrains.kotlin.fir.types.ConeSimpleKotlinType                             : loaded 2 times (x 80B)
Class org.jetbrains.kotlin.protobuf.ProtocolStringList                                : loaded 2 times (x 72B)
Class org.jetbrains.kotlin.psi.KtDotQualifiedExpression$Companion                     : loaded 2 times (x 73B)
Class org.jetbrains.kotlin.com.google.common.collect.ImmutableMap$Builder             : loaded 2 times (x 84B)
Class org.jetbrains.kotlin.it.unimi.dsi.fastutil.ints.IntOpenHashSet                  : loaded 2 times (x 221B)
Class org.jetbrains.kotlin.psi.KtSafeQualifiedExpression                              : loaded 2 times (x 510B)
Class kotlin.UnsafeLazyImpl                                                           : loaded 2 times (x 78B)
Class [Lorg.jetbrains.kotlin.psi.KtTypeArgumentList;                                  : loaded 2 times (x 71B)
Class [Lorg.jetbrains.kotlin.psi.KtPackageDirective;                                  : loaded 2 times (x 71B)
Class org.jetbrains.kotlin.psi.stubs.elements.KtImportAliasElementType                : loaded 2 times (x 102B)
Class [Lorg.jetbrains.kotlin.psi.KtAnnotationsContainer;                              : loaded 2 times (x 71B)
Class org.jetbrains.kotlin.cli.jvm.compiler.CoreEnvironmentUtilsKt                    : loaded 2 times (x 73B)
Class org.jetbrains.kotlin.com.intellij.psi.impl.source.PsiClassReferenceType         : loaded 2 times (x 122B)
Class org.jetbrains.kotlin.com.fasterxml.aalto.in.InputCharTypes                      : loaded 2 times (x 74B)
Class org.jetbrains.kotlin.com.intellij.psi.PsiPackage                                : loaded 2 times (x 72B)
Class org.jetbrains.kotlin.com.intellij.psi.tree.StubFileElementType                  : loaded 2 times (x 104B)
Class org.jetbrains.kotlin.com.intellij.lang.java.JavaParserDefinition                : loaded 2 times (x 97B)
Class org.jetbrains.kotlin.com.intellij.openapi.command.CommandProcessor              : loaded 2 times (x 76B)
Class org.jetbrains.kotlin.com.intellij.util.CharTable                                : loaded 2 times (x 72B)
Class org.jetbrains.kotlin.com.intellij.openapi.util.registry.EarlyAccessRegistryManager: loaded 2 times (x 73B)
Class org.jetbrains.kotlin.com.intellij.openapi.vfs.DeprecatedVirtualFileSystem       : loaded 2 times (x 103B)
Class kotlin.LazyKt__LazyJVMKt$WhenMappings                                           : loaded 2 times (x 73B)
Class kotlin.jvm.internal.PropertyReference2                                          : loaded 2 times (x 129B)
Class kotlin.jvm.internal.MutablePropertyReference                                    : loaded 2 times (x 121B)
Class org.jetbrains.kotlin.KtFakeSourceElementKind$DataClassGeneratedMembers          : loaded 2 times (x 74B)
Class [Lcom.google.common.collect.ImmutableEntry;                                     : loaded 2 times (x 71B)
Class org.jetbrains.kotlin.diagnostics.PositioningStrategies$UNUSED_VALUE$1           : loaded 2 times (x 76B)
Class org.jetbrains.kotlin.diagnostics.LightTreePositioningStrategies$IMPORT_ALIAS$1  : loaded 2 times (x 76B)
Class org.jetbrains.kotlin.diagnostics.LightTreePositioningStrategies$TYPE_PARAMETERS_LIST$1: loaded 2 times (x 76B)
Class org.jetbrains.kotlin.util.EmptyArrayMap$iterator$1                              : loaded 2 times (x 80B)
Class org.jetbrains.kotlin.fir.resolve.calls.candidate.CallInfo                       : loaded 2 times (x 80B)
Class org.jetbrains.kotlin.fir.resolve.calls.stages.CheckIncompatibleTypeVariableUpperBounds: loaded 2 times (x 74B)
Class org.jetbrains.kotlin.fir.resolve.calls.stages.CreateFreshTypeVariableSubstitutorStage: loaded 2 times (x 74B)
Class org.jetbrains.kotlin.fir.scopes.impl.FirTypeIntersectionScopeContext$collectMembersGroupedByScope$1$1: loaded 2 times (x 77B)
Class org.jetbrains.kotlin.fir.resolve.transformers.FirSealedClassInheritorsProcessor : loaded 2 times (x 77B)
Class org.jetbrains.kotlin.fir.declarations.impl.FirFileImpl                          : loaded 2 times (x 129B)
Class org.jetbrains.kotlin.KtFakeSourceElementKind$DefaultAccessor                    : loaded 2 times (x 74B)
Class org.jetbrains.kotlin.fir.analysis.checkers.declaration.FirOverrideChecker$ForExpectClass: loaded 2 times (x 79B)
Class org.jetbrains.kotlin.fir.declarations.FirVariable                               : loaded 2 times (x 176B)
Class org.jetbrains.kotlin.fir.analysis.checkers.declaration.FirInfixFunctionDeclarationChecker: loaded 2 times (x 78B)
Class org.jetbrains.kotlin.fir.types.FirFunctionTypeKindServiceKt                     : loaded 2 times (x 73B)
Class org.jetbrains.kotlin.builtins.functions.FunctionTypeKindExtractor               : loaded 2 times (x 74B)
Class org.jetbrains.kotlin.fir.types.ConeKotlinTypeProjection                         : loaded 2 times (x 75B)
Class org.jetbrains.kotlin.descriptors.VariableDescriptor                             : loaded 2 times (x 72B)
Class org.jetbrains.kotlin.builtins.KotlinBuiltIns                                    : loaded 2 times (x 162B)
Class org.jetbrains.kotlin.metadata.ProtoBuf$TypeTable$1                              : loaded 2 times (x 146B)
Class org.jetbrains.kotlin.util.UtilKt                                                : loaded 2 times (x 73B)
Class org.jetbrains.kotlin.name.FqNamesUtilKt                                         : loaded 2 times (x 73B)
Class org.jetbrains.kotlin.com.intellij.lang.impl.TokenSequence$Builder               : loaded 2 times (x 75B)
Class org.jetbrains.kotlin.com.intellij.lang.PsiParser                                : loaded 2 times (x 72B)
Class org.jetbrains.kotlin.psi.KtElementImpl                                          : loaded 2 times (x 378B)
Class org.jetbrains.kotlin.com.intellij.lang.TreeBackedLighterAST                     : loaded 2 times (x 79B)
Class org.jetbrains.kotlin.cli.jvm.index.JvmDependenciesIndexImpl$Cache               : loaded 2 times (x 74B)
Class org.jetbrains.kotlin.psi.KtDelegatedSuperTypeEntry                              : loaded 2 times (x 449B)
Class org.jetbrains.kotlin.psi.KtPrimaryConstructor                                   : loaded 2 times (x 1276B)
Class [Lorg.jetbrains.kotlin.psi.KtModifierListOwner;                                 : loaded 2 times (x 71B)
Class org.jetbrains.kotlin.metadata.deserialization.Flags                             : loaded 2 times (x 73B)
Class org.jetbrains.kotlin.com.intellij.util.containers.ConcurrentWeakKeySoftValueHashMap: loaded 2 times (x 151B)
Class org.jetbrains.kotlin.com.intellij.openapi.project.DumbService$DumbModeListener  : loaded 2 times (x 72B)
Class kotlinx.coroutines.CoroutineContextKt                                           : loaded 2 times (x 73B)
Class org.jetbrains.kotlin.com.intellij.psi.PsiJvmMember                              : loaded 2 times (x 72B)
Class org.jetbrains.kotlin.com.intellij.navigation.ItemPresentation                   : loaded 2 times (x 72B)
Class org.jetbrains.kotlin.com.intellij.psi.impl.ConstantExpressionEvaluator          : loaded 2 times (x 72B)
Class org.jetbrains.kotlin.com.intellij.psi.impl.source.JavaFileElementType           : loaded 2 times (x 115B)
Class org.jetbrains.kotlin.com.intellij.openapi.command.impl.CoreCommandProcessor     : loaded 2 times (x 81B)
Class org.jetbrains.kotlin.com.intellij.lang.DefaultASTFactory                        : loaded 2 times (x 72B)
Class org.jetbrains.kotlin.com.intellij.util.EventDispatcher                          : loaded 2 times (x 74B)
Class org.jetbrains.kotlin.com.intellij.openapi.vfs.local.CoreLocalFileSystem         : loaded 2 times (x 105B)
Class org.jetbrains.kotlin.com.intellij.psi.impl.LanguageConstantExpressionEvaluator  : loaded 2 times (x 98B)
Class org.jetbrains.kotlin.com.intellij.openapi.util.ObjectTree                       : loaded 2 times (x 74B)
Class [Lkotlin.reflect.jvm.internal.impl.builtins.jvm.JavaToKotlinClassMap$PlatformMutabilityMapping;: loaded 2 times (x 71B)
Class kotlin.LazyThreadSafetyMode                                                     : loaded 2 times (x 81B)
Class kotlin.reflect.full.IllegalPropertyDelegateAccessException                      : loaded 2 times (x 84B)
Class org.jetbrains.kotlin.com.intellij.util.containers.ContainerUtil                 : loaded 2 times (x 73B)
Class kotlin.jvm.internal.ArrayIterator                                               : loaded 2 times (x 81B)
Class com.google.common.cache.LocalCache$LoadingValueReference                        : loaded 2 times (x 98B)
Class org.jetbrains.kotlin.diagnostics.KtDiagnostic                                   : loaded 2 times (x 83B)
Class org.jetbrains.kotlin.diagnostics.LightTreePositioningStrategies$REDUNDANT_NULLABLE$1: loaded 2 times (x 76B)
Class org.jetbrains.kotlin.diagnostics.LightTreePositioningStrategies$DECLARATION_START_TO_NAME$1: loaded 2 times (x 76B)
Class org.jetbrains.kotlin.diagnostics.LightTreePositioningStrategies$SECONDARY_CONSTRUCTOR_DELEGATION_CALL$1: loaded 2 times (x 76B)
Class org.jetbrains.kotlin.fir.declarations.FirDeclarationOriginKt                    : loaded 2 times (x 73B)
Class org.jetbrains.kotlin.fir.resolve.calls.stages.CheckCallableReferenceExpectedType: loaded 2 times (x 74B)
Class org.jetbrains.kotlin.fir.resolve.dfa.cfg.QualifiedAccessNode                    : loaded 2 times (x 83B)
Class org.jetbrains.kotlin.fir.expressions.FirVarargArgumentsExpression               : loaded 2 times (x 120B)
Class org.jetbrains.kotlin.fir.scopes.impl.FirDefaultStarImportingScope$processPropertiesByName$1: loaded 2 times (x 127B)
Class [Lorg.jetbrains.kotlin.fir.resolve.dfa.cfg.CFGNode;                             : loaded 2 times (x 71B)
Class org.jetbrains.kotlin.fir.expressions.builder.FirEmptyExpressionBlockBuilderKt   : loaded 2 times (x 73B)
Class org.jetbrains.kotlin.fir.visitors.FirDefaultVisitor                             : loaded 2 times (x 227B)
Class org.jetbrains.kotlin.fir.declarations.impl.FirDefaultPropertyGetter             : loaded 2 times (x 237B)
Class org.jetbrains.kotlin.fir.expressions.FirArgumentList                            : loaded 2 times (x 91B)
Class org.jetbrains.kotlin.fir.analysis.checkers.expression.FirAnnotationExpressionChecker: loaded 2 times (x 78B)
Class org.jetbrains.kotlin.fir.analysis.checkers.declaration.FirExpectConsistencyChecker: loaded 2 times (x 78B)
Class org.jetbrains.kotlin.fir.analysis.checkers.declaration.FirExpectActualDeclarationChecker: loaded 2 times (x 78B)
Class org.jetbrains.kotlin.fir.analysis.checkers.LanguageVersionSettingsCheckers$Companion: loaded 2 times (x 73B)
Class org.jetbrains.kotlin.fir.symbols.impl.FirClassLikeSymbol                        : loaded 2 times (x 80B)
Class org.jetbrains.kotlin.fir.types.impl.FirImplicitNothingTypeRef                   : loaded 2 times (x 108B)
Class org.jetbrains.kotlin.name.StandardClassIds                                      : loaded 2 times (x 73B)
Class org.jetbrains.kotlin.serialization.deserialization.DeserializationComponents    : loaded 2 times (x 74B)
Class org.jetbrains.kotlin.metadata.ProtoBuf$Function                                 : loaded 2 times (x 150B)
Class org.jetbrains.kotlin.library.SearchPathResolver                                 : loaded 2 times (x 72B)
Class org.jetbrains.kotlin.com.intellij.lang.LighterLazyParseableNode                 : loaded 2 times (x 72B)
Class org.jetbrains.kotlin.psi.KtWhenConditionIsPattern                               : loaded 2 times (x 380B)
Class [Lorg.jetbrains.kotlin.psi.KtTypeReference;                                     : loaded 2 times (x 71B)
Class [Lorg.jetbrains.kotlin.psi.KtImportInfo;                                        : loaded 2 times (x 71B)
Class org.jetbrains.kotlin.psi.stubs.elements.KtContractEffectListElementType         : loaded 2 times (x 105B)
Class org.jetbrains.kotlin.com.intellij.psi.impl.file.PsiLargeBinaryFileImpl          : loaded 2 times (x 850B)
Class org.jetbrains.kotlin.extensions.CollectAdditionalSourcesExtension$Companion     : loaded 2 times (x 74B)
Class org.jetbrains.kotlin.com.fasterxml.aalto.in.XmlScanner                          : loaded 2 times (x 125B)
Class kotlin.jvm.internal.SpreadBuilder                                               : loaded 2 times (x 78B)
Class kotlinx.coroutines.internal.DispatchedContinuation                              : loaded 2 times (x 92B)
Class kotlinx.coroutines.internal.Symbol                                              : loaded 2 times (x 74B)
Class org.jetbrains.kotlin.com.intellij.core.JavaCoreApplicationEnvironment$1         : loaded 2 times (x 78B)
Class org.jetbrains.kotlin.com.intellij.lang.jvm.JvmTypeDeclaration                   : loaded 2 times (x 72B)
Class org.jetbrains.kotlin.com.intellij.lang.ASTFactory                               : loaded 2 times (x 76B)
Class org.jetbrains.kotlin.com.intellij.util.pico.PicoIntrospectionException          : loaded 2 times (x 84B)
Class org.jetbrains.kotlin.incremental.components.LookupTracker                       : loaded 2 times (x 72B)
Class kotlin.collections.EmptyIterator                                                : loaded 2 times (x 91B)
Class kotlin.SynchronizedLazyImpl                                                     : loaded 2 times (x 78B)
Class kotlin.text.StringsKt__RegexExtensionsKt                                        : loaded 2 times (x 73B)
Class jdk.internal.jimage.decompressor.ResourceDecompressorRepository                 : loaded 2 times (x 73B)
Class Build_gradle$1                                                                  : loaded 2 times (x 77B)
Class com.google.common.base.Platform                                                 : loaded 2 times (x 73B)
Class org.jetbrains.kotlin.KtFakeSourceElementKind$ImplicitImport                     : loaded 2 times (x 74B)
Class org.jetbrains.kotlin.types.model.TypeSystemContextKt                            : loaded 2 times (x 73B)
Class org.jetbrains.kotlin.fir.references.FirResolvedErrorReference                   : loaded 2 times (x 100B)
Class org.jetbrains.kotlin.fir.resolve.calls.ResolutionResultOverridesOtherToPreserveCompatibility: loaded 2 times (x 74B)
Class org.jetbrains.kotlin.fir.types.ConeStubType                                     : loaded 2 times (x 83B)
Class org.jetbrains.kotlin.resolve.calls.inference.model.OnlyInputTypeConstraintPosition: loaded 2 times (x 72B)
Class org.jetbrains.kotlin.fir.resolve.calls.stages.FirCallArgumentsProcessor$State   : loaded 2 times (x 81B)
Class org.jetbrains.kotlin.fir.resolve.calls.stages.FirArgumentsToParametersMapperKt  : loaded 2 times (x 73B)
Class org.jetbrains.kotlin.fir.resolve.calls.FirSimpleSyntheticPropertySymbol         : loaded 2 times (x 84B)
Class org.jetbrains.kotlin.fir.resolve.calls.tower.TowerResolveManager$SuspendedResolverTask: loaded 2 times (x 77B)
Class org.jetbrains.kotlin.fir.scopes.impl.FirClassDeclaredMemberScope                : loaded 2 times (x 82B)
Class org.jetbrains.kotlin.fir.symbols.impl.FirAnonymousObjectSymbol                  : loaded 2 times (x 80B)
Class org.jetbrains.kotlin.metadata.ProtoBuf$Effect$InvocationKind                    : loaded 2 times (x 84B)
Class org.jetbrains.kotlin.metadata.SerializationPluginMetadataExtensions             : loaded 2 times (x 73B)
Class org.jetbrains.kotlin.fir.scopes.impl.FirNestedClassifierScope                   : loaded 2 times (x 84B)
Class org.jetbrains.kotlin.fir.resolve.dfa.DataFlowAnalyzerContext                    : loaded 2 times (x 74B)
Class org.jetbrains.kotlin.fir.declarations.utils.EvaluatedValue                      : loaded 2 times (x 73B)
Class org.jetbrains.kotlin.fir.declarations.builder.FirPropertyAccessorBuilder        : loaded 2 times (x 122B)
Class org.jetbrains.kotlin.fir.expressions.builder.FirFunctionCallBuilder             : loaded 2 times (x 161B)
Class org.jetbrains.kotlin.fir.symbols.impl.FirValueParameterSymbol                   : loaded 2 times (x 79B)
Class org.jetbrains.kotlin.fir.analysis.checkers.type.FirOptionalExpectationTypeChecker: loaded 2 times (x 78B)
Class org.jetbrains.kotlin.fir.analysis.checkers.declaration.FirOverrideChecker$Regular: loaded 2 times (x 79B)
Class org.jetbrains.kotlin.fir.analysis.checkers.declaration.FirCyclicTypeBoundsChecker: loaded 2 times (x 78B)
Class org.jetbrains.kotlin.fir.analysis.checkers.expression.ExpressionCheckers$Companion$EMPTY$1: loaded 2 times (x 108B)
Class org.jetbrains.kotlin.fir.FirLanguageSettingsComponentKt                         : loaded 2 times (x 73B)
Class org.jetbrains.kotlin.fir.extensions.AbstractFirRegisteredPluginAnnotations      : loaded 2 times (x 81B)
Class org.jetbrains.kotlin.name.StandardClassIdsKt                                    : loaded 2 times (x 73B)
Class org.jetbrains.kotlin.serialization.deserialization.AnnotationDeserializer       : loaded 2 times (x 74B)
Class org.jetbrains.kotlin.metadata.ProtoBuf$VersionRequirementTable                  : loaded 2 times (x 109B)
Class org.jetbrains.kotlin.protobuf.LazyField                                         : loaded 2 times (x 85B)
Class [Lorg.jetbrains.kotlin.konan.file.File;                                         : loaded 2 times (x 71B)
Class org.jetbrains.kotlin.com.intellij.util.text.CharSequenceSubSequence             : loaded 2 times (x 101B)
Class org.jetbrains.kotlin.com.intellij.lang.impl.PsiBuilderImpl$LazyParseableToken   : loaded 2 times (x 110B)
Class org.jetbrains.kotlin.lexer.KtKeywordToken                                       : loaded 2 times (x 80B)
Class [Lorg.jetbrains.kotlin.psi.KtPureElement;                                       : loaded 2 times (x 71B)
Class [Lorg.jetbrains.kotlin.com.intellij.psi.impl.PsiElementBase;                    : loaded 2 times (x 71B)
Class org.jetbrains.kotlin.com.intellij.psi.tree.TokenSet                             : loaded 2 times (x 74B)
Class kotlin.io.FilePathComponents                                                    : loaded 2 times (x 74B)
Class org.jetbrains.kotlin.extensions.PreprocessedFileCreator                         : loaded 2 times (x 74B)
Class kotlin.coroutines.jvm.internal.RestrictedSuspendLambda                          : loaded 2 times (x 93B)
Class org.jetbrains.kotlin.load.java.structure.JavaModifierListOwner                  : loaded 2 times (x 72B)
Class org.jetbrains.kotlin.resolve.extensions.AnalysisHandlerExtension                : loaded 2 times (x 72B)
Class org.jetbrains.kotlin.com.intellij.psi.impl.source.DummyHolderFactory            : loaded 2 times (x 73B)
Class org.jetbrains.kotlin.com.intellij.openapi.fileTypes.BinaryFileTypeDecompilers   : loaded 2 times (x 92B)
Class org.jetbrains.kotlin.com.intellij.psi.tree.IFileElementType                     : loaded 2 times (x 86B)
Class org.jetbrains.kotlin.com.intellij.psi.tree.ILazyParseableElementTypeBase        : loaded 2 times (x 72B)
Class org.jetbrains.kotlin.com.intellij.psi.tree.IElementType                         : loaded 2 times (x 77B)
Class org.jetbrains.kotlin.com.intellij.util.messages.SimpleMessageBusConnection      : loaded 2 times (x 72B)
Class org.jetbrains.kotlin.com.intellij.openapi.extensions.impl.ExtensionPointImpl    : loaded 2 times (x 93B)
Class kotlin.sequences.SequencesKt__SequencesJVMKt                                    : loaded 2 times (x 73B)
Class org.jetbrains.kotlin.config.LanguageVersionSettings$Companion                   : loaded 2 times (x 73B)
Class kotlin.collections.AbstractList                                                 : loaded 2 times (x 199B)
Class kotlin.collections.AbstractCollection                                           : loaded 2 times (x 119B)
Class jdk.internal.jimage.ImageReader$Directory                                       : loaded 2 times (x 86B)
Class [Lorg.objectweb.asm.AnnotationWriter;                                           : loaded 2 times (x 71B)
Class com.google.common.collect.Maps$8                                                : loaded 2 times (x 84B)
Class org.jetbrains.kotlin.KtFakeSourceElementKind$DesugaredPrefixSecondGetReference  : loaded 2 times (x 74B)
Class org.jetbrains.kotlin.diagnostics.LightTreePositioningStrategies$PARAMETERS_WITH_DEFAULT_VALUE$1: loaded 2 times (x 76B)
Class org.jetbrains.kotlin.contracts.description.EventOccurrencesRange                : loaded 2 times (x 81B)
Class org.jetbrains.kotlin.fir.resolve.FirDefaultParametersResolverKt                 : loaded 2 times (x 73B)
Class [Lorg.jetbrains.kotlin.types.model.CaptureStatus;                               : loaded 2 times (x 71B)
Class org.jetbrains.kotlin.metadata.ProtoBuf$Expression$ConstantValue$1               : loaded 2 times (x 76B)
Class org.jetbrains.kotlin.fir.declarations.DeprecationsPerUseSite                    : loaded 2 times (x 74B)
Class kotlin.Triple                                                                   : loaded 2 times (x 74B)
Class org.jetbrains.kotlin.util.WeakPair                                              : loaded 2 times (x 74B)
Class [Lorg.jetbrains.kotlin.com.google.common.collect.LinkedHashMultimap$ValueSetLink;: loaded 2 times (x 71B)
Class kotlin.collections.MutableMapWithDefaultImpl                                    : loaded 2 times (x 146B)
Class org.jetbrains.kotlin.kotlinx.collections.immutable.PersistentCollection$Builder : loaded 2 times (x 72B)
Class [Lorg.jetbrains.kotlin.fir.FirAnnotationContainer;                              : loaded 2 times (x 71B)
Class org.jetbrains.kotlin.fir.references.builder.FirImplicitThisReferenceBuilder     : loaded 2 times (x 74B)
Class org.jetbrains.kotlin.fir.MatchingParameterFunctionTypeKey                       : loaded 2 times (x 73B)
Class org.jetbrains.kotlin.com.intellij.openapi.vfs.VirtualFileVisitor                : loaded 2 times (x 78B)
Class org.jetbrains.kotlin.fir.analysis.checkers.expression.FirMultiDollarInterpolationCheckerConcatenation: loaded 2 times (x 80B)
Class [Lorg.jetbrains.kotlin.descriptors.ClassKind;                                   : loaded 2 times (x 71B)
Class org.jetbrains.kotlin.fir.resolve.providers.FirCompositeCachedSymbolNamesProvider: loaded 2 times (x 90B)
Class org.jetbrains.kotlin.util.ArrayMapImpl$iterator$1                               : loaded 2 times (x 85B)
Class org.jetbrains.kotlin.fir.builder.FirAnnotationContainerBuilder                  : loaded 2 times (x 72B)
Class org.jetbrains.kotlin.fir.FirModuleCapabilities$Companion                        : loaded 2 times (x 75B)
Class org.jetbrains.kotlin.serialization.deserialization.EnumEntriesDeserializationSupport: loaded 2 times (x 72B)
Class org.jetbrains.kotlin.renderer.RenderingFormat                                   : loaded 2 times (x 82B)
Class org.jetbrains.kotlin.metadata.ProtoBuf$PackageFragmentOrBuilder                 : loaded 2 times (x 72B)
Class org.jetbrains.kotlin.metadata.ProtoBuf$TypeParameter$1                          : loaded 2 times (x 146B)
Class org.jetbrains.kotlin.library.impl.IrMonoliticLibraryImpl$signatures$2           : loaded 2 times (x 81B)
Class org.jetbrains.kotlin.parsing.TokenStreamPredicate                               : loaded 2 times (x 72B)
Class org.jetbrains.kotlin.com.intellij.util.text.ImmutableText$InnerLeaf             : loaded 2 times (x 74B)
Class org.jetbrains.kotlin.psi.KtFunctionLiteral                                      : loaded 2 times (x 1202B)
Class [Lorg.jetbrains.kotlin.psi.KtStringTemplateEntry;                               : loaded 2 times (x 71B)
Class org.jetbrains.kotlin.psi.stubs.elements.KtDotQualifiedExpressionElementType     : loaded 2 times (x 105B)
Class [Lorg.jetbrains.kotlin.psi.KtImportAlias;                                       : loaded 2 times (x 71B)
Class org.jetbrains.kotlin.psi.stubs.KotlinPropertyAccessorStub                       : loaded 2 times (x 72B)
Class [Lorg.jetbrains.kotlin.psi.KtNamedDeclaration;                                  : loaded 2 times (x 71B)
Class kotlin.sequences.SequencesKt__SequenceBuilderKt$sequence$$inlined$Sequence$1    : loaded 2 times (x 77B)
Class kotlin.collections.ArraysKt___ArraysKt$asIterable$$inlined$Iterable$1           : loaded 2 times (x 81B)
Class org.jetbrains.kotlin.cli.jvm.compiler.jarfs.FastJarFileSystem$Companion         : loaded 2 times (x 73B)
Class org.jetbrains.kotlin.com.intellij.psi.scope.processor.ConflictFilterProcessor   : loaded 2 times (x 92B)
Class org.jetbrains.kotlin.com.intellij.psi.PsiDocumentManager                        : loaded 2 times (x 98B)
Class org.jetbrains.kotlin.com.intellij.openapi.util.Comparing                        : loaded 2 times (x 73B)
Class kotlinx.coroutines.EventLoopKt                                                  : loaded 2 times (x 73B)
Class org.jetbrains.kotlin.com.intellij.lang.java.lexer.JavaDocLexer                  : loaded 2 times (x 89B)
Class org.jetbrains.kotlin.com.intellij.openapi.extensions.PluginId                   : loaded 2 times (x 77B)
Class org.jetbrains.kotlin.com.intellij.mock.MockFileDocumentManagerImpl              : loaded 2 times (x 85B)
Class org.jetbrains.kotlin.com.intellij.openapi.util.Disposer$1                       : loaded 2 times (x 77B)
Class org.jetbrains.kotlin.com.intellij.util.pico.DefaultPicoContainer                : loaded 2 times (x 79B)
Class org.jetbrains.kotlin.com.intellij.openapi.extensions.PluginDescriptor           : loaded 2 times (x 72B)
Class org.jetbrains.kotlin.com.intellij.openapi.extensions.AreaInstance               : loaded 2 times (x 72B)
Class kotlin.collections.ArrayAsCollection                                            : loaded 2 times (x 107B)
Class org.jetbrains.kotlin.com.google.common.base.Function                            : loaded 2 times (x 72B)
Class kotlin.text.Regex                                                               : loaded 2 times (x 74B)
Class kotlin.LazyKt__LazyKt                                                           : loaded 2 times (x 73B)
Class kotlin.text.StringsKt__StringBuilderJVMKt                                       : loaded 2 times (x 73B)
Class com.google.common.collect.ImmutableRangeSet$Builder                             : loaded 2 times (x 79B)
Class com.google.common.collect.Sets$SetView                                          : loaded 2 times (x 140B)
Class com.google.common.cache.LocalCache$StrongValueReference                         : loaded 2 times (x 92B)
Class org.jetbrains.kotlin.fir.analysis.checkers.FirKeywordUtilsKt                    : loaded 2 times (x 73B)
Class org.jetbrains.kotlin.diagnostics.LightTreePositioningStrategies$VALUE_ARGUMENTS$1: loaded 2 times (x 76B)
Class org.jetbrains.kotlin.diagnostics.LightTreePositioningStrategies$COMPANION_OBJECT$1: loaded 2 times (x 76B)
Class org.jetbrains.kotlin.fir.resolve.dfa.cfg.PostponedLambdaExitNode                : loaded 2 times (x 83B)
Class org.jetbrains.kotlin.types.AbstractNullabilityChecker                           : loaded 2 times (x 73B)
Class org.jetbrains.kotlin.fir.scopes.FirOverrideServiceKt                            : loaded 2 times (x 73B)
Class org.jetbrains.kotlin.metadata.deserialization.BinaryVersion$Companion           : loaded 2 times (x 73B)
Class org.jetbrains.kotlin.metadata.ProtoBuf$QualifiedNameTable$QualifiedName$1       : loaded 2 times (x 146B)
Class org.jetbrains.kotlin.serialization.deserialization.ProtoBufContractDeserializer : loaded 2 times (x 78B)
Class org.jetbrains.kotlin.com.intellij.openapi.util.text.CharFilter                  : loaded 2 times (x 72B)
Class org.jetbrains.kotlin.com.google.common.collect.ImmutableList$ReverseImmutableList: loaded 2 times (x 211B)
Class org.jetbrains.kotlin.fir.declarations.builder.FirClassBuilder                   : loaded 2 times (x 72B)
Class org.jetbrains.kotlin.fir.analysis.checkers.expression.FirDivisionByZeroChecker  : loaded 2 times (x 78B)
Class org.jetbrains.kotlin.fir.analysis.checkers.declaration.FirDynamicSupertypeChecker: loaded 2 times (x 78B)
Class org.jetbrains.kotlin.fir.analysis.checkers.declaration.FirNotImplementedOverrideSimpleEnumEntryChecker$Regular: loaded 2 times (x 79B)
Class org.jetbrains.kotlin.fir.deserialization.AbstractFirDeserializedSymbolProvider$symbolNamesProvider$1: loaded 2 times (x 90B)
Class [Lorg.jetbrains.kotlin.fir.types.ConeKotlinTypeProjection;                      : loaded 2 times (x 71B)
Class org.jetbrains.kotlin.resolve.calls.inference.components.TrivialConstraintTypeInferenceOracle$Companion: loaded 2 times (x 73B)
Class org.jetbrains.kotlin.fir.deserialization.MultipleModuleDataProvider             : loaded 2 times (x 77B)
Class org.jetbrains.kotlin.util.TypeRegistry                                          : loaded 2 times (x 75B)
Class org.jetbrains.kotlin.library.impl.MetadataLibraryImpl                           : loaded 2 times (x 79B)
Class org.jetbrains.kotlin.konan.file.File                                            : loaded 2 times (x 74B)
Class kotlin.jvm.internal.Ref$ObjectRef                                               : loaded 2 times (x 74B)
Class org.jetbrains.kotlin.com.google.common.collect.ImmutableMapEntrySet$RegularEntrySet: loaded 2 times (x 154B)
Class org.jetbrains.kotlin.com.google.common.collect.ImmutableMap$MapViewOfValuesAsSingletonSets: loaded 2 times (x 128B)
Class org.jetbrains.kotlin.parsing.AbstractKotlinParsing                              : loaded 2 times (x 103B)
Class org.jetbrains.kotlin.it.unimi.dsi.fastutil.ints.IntArrays$Segment               : loaded 2 times (x 73B)
Class org.jetbrains.kotlin.load.java.JavaModuleAnnotationsProvider                    : loaded 2 times (x 72B)
Class [Lorg.jetbrains.kotlin.com.intellij.model.psi.PsiExternalReferenceHost;         : loaded 2 times (x 71B)
Class [Lorg.jetbrains.kotlin.psi.ValueArgumentName;                                   : loaded 2 times (x 71B)
Class org.jetbrains.kotlin.com.intellij.psi.JVMElementFactory                         : loaded 2 times (x 72B)
Class org.jetbrains.kotlin.kotlinx.collections.immutable.implementations.immutableList.BufferIterator: loaded 2 times (x 101B)
Class org.jetbrains.kotlin.com.intellij.util.messages.impl.BaseBusConnection          : loaded 2 times (x 80B)
Class org.jetbrains.kotlin.com.intellij.util.messages.MessageBusFactory               : loaded 2 times (x 73B)
Class org.jetbrains.kotlin.cli.jvm.compiler.KotlinCoreApplicationEnvironment          : loaded 2 times (x 96B)
Class org.jetbrains.kotlin.com.intellij.openapi.util.Disposer$2                       : loaded 2 times (x 78B)
Class org.jetbrains.kotlin.com.intellij.util.IncorrectOperationException              : loaded 2 times (x 84B)
Class kotlin.jvm.internal.ReflectionFactory                                           : loaded 2 times (x 93B)
Class kotlin.UNINITIALIZED_VALUE                                                      : loaded 2 times (x 73B)
Class org.objectweb.asm.Type                                                          : loaded 2 times (x 74B)
Class org.gradle.internal.classloader.VisitableURLClassLoader$InstrumentingVisitableURLClassLoader: loaded 2 times (x 124B)
Class org.jetbrains.kotlin.fir.analysis.checkers.SourceAttribute                      : loaded 2 times (x 82B)
Class org.jetbrains.kotlin.diagnostics.KtDiagnosticFactoryToRendererMap               : loaded 2 times (x 74B)
Class org.jetbrains.kotlin.diagnostics.OffsetsOnlyPositioningStrategy                 : loaded 2 times (x 77B)
Class org.jetbrains.kotlin.diagnostics.LightTreePositioningStrategies$NAME_OF_NAMED_ARGUMENT$1: loaded 2 times (x 76B)
Class org.jetbrains.kotlin.fir.renderer.ConeAttributeRenderer$ToString                : loaded 2 times (x 74B)
Class org.jetbrains.kotlin.fir.resolve.dfa.PropertyStability                          : loaded 2 times (x 81B)
Class org.jetbrains.kotlin.types.TypeApproximatorConfiguration$PublicDeclaration$ApproximateAnonymousTypes: loaded 2 times (x 89B)
Class org.jetbrains.kotlin.resolve.calls.inference.model.IncorporationConstraintPosition: loaded 2 times (x 74B)
Class org.jetbrains.kotlin.fir.declarations.FirDeclarationOrigin$IntersectionOverride : loaded 2 times (x 74B)
Class org.jetbrains.kotlin.utils.SmartSet$Companion                                   : loaded 2 times (x 73B)
Class org.jetbrains.kotlin.fir.resolve.ScopeSessionKey                                : loaded 2 times (x 73B)
Class org.jetbrains.kotlin.fir.expressions.FirOperation                               : loaded 2 times (x 81B)
Class kotlin.collections.ReversedListReadOnly$listIterator$1                          : loaded 2 times (x 92B)
Class org.jetbrains.kotlin.fir.declarations.impl.FirPropertyImpl                      : loaded 2 times (x 215B)
Class org.jetbrains.kotlin.com.intellij.openapi.vfs.VfsUtilCore$1                     : loaded 2 times (x 78B)
Class [Lorg.jetbrains.kotlin.KtSourceElementKind;                                     : loaded 2 times (x 71B)
Class org.jetbrains.kotlin.fir.symbols.impl.FirFunctionWithoutNameSymbol              : loaded 2 times (x 79B)
Class org.jetbrains.kotlin.builtins.functions.FunctionTypeKind$KSuspendFunction       : loaded 2 times (x 78B)
Class org.jetbrains.kotlin.fir.extensions.FirRegisteredPluginAnnotationsKt            : loaded 2 times (x 73B)
Class org.jetbrains.kotlin.descriptors.ClassifierDescriptor                           : loaded 2 times (x 72B)
Class org.jetbrains.kotlin.metadata.ProtoBuf$QualifiedNameTable$1                     : loaded 2 times (x 146B)
Class org.jetbrains.kotlin.metadata.ProtoBuf$ValueParameter                           : loaded 2 times (x 129B)
Class org.jetbrains.kotlin.metadata.ProtoBuf$ClassOrBuilder                           : loaded 2 times (x 72B)
Class org.jetbrains.kotlin.diagnostics.DiagnosticReporter                             : loaded 2 times (x 75B)
Class org.jetbrains.kotlin.it.unimi.dsi.fastutil.ints.AbstractIntList$IntRandomAccessSubList: loaded 2 times (x 355B)
Class org.jetbrains.kotlin.lexer._JetLexer                                            : loaded 2 times (x 83B)
Class org.jetbrains.kotlin.storage.LockBasedStorageManager$MapBasedMemoizedFunction   : loaded 2 times (x 84B)
Class kotlin.comparisons.ComparisonsKt__ComparisonsKt                                 : loaded 2 times (x 73B)
Class org.jetbrains.kotlin.psi.stubs.elements.KtCollectionLiteralExpressionElementType: loaded 2 times (x 102B)
Class org.jetbrains.kotlin.psi.KtValueArgumentName                                    : loaded 2 times (x 451B)
Class org.jetbrains.kotlin.psi.KtTypeConstraintList                                   : loaded 2 times (x 446B)
Class [Lorg.jetbrains.kotlin.psi.KtParameter;                                         : loaded 2 times (x 71B)
Class org.jetbrains.kotlin.psi.KtParameter                                            : loaded 2 times (x 1157B)
Class org.jetbrains.kotlin.com.intellij.util.containers.SoftHashMap                   : loaded 2 times (x 129B)
Class [Lorg.jetbrains.kotlin.com.intellij.openapi.vfs.VirtualFileFilter;              : loaded 2 times (x 71B)
Class org.jetbrains.kotlin.com.intellij.core.CoreProjectScopeBuilder$CoreLibrariesScope: loaded 2 times (x 98B)
Class org.jetbrains.kotlin.com.intellij.psi.impl.PsiModificationTrackerImpl           : loaded 2 times (x 86B)
Class org.jetbrains.kotlin.org.codehaus.stax2.typed.TypedXMLStreamException           : loaded 2 times (x 86B)
Class kotlinx.coroutines.Job$DefaultImpls                                             : loaded 2 times (x 73B)
Class kotlin.coroutines.CoroutineContext$Element$DefaultImpls                         : loaded 2 times (x 73B)
Class kotlin.coroutines.Continuation                                                  : loaded 2 times (x 72B)
Class kotlin.sequences.SequencesKt__SequencesKt                                       : loaded 2 times (x 73B)
Class org.jetbrains.kotlin.com.intellij.openapi.util.ObjectNode$1                     : loaded 2 times (x 79B)
Class [Lkotlin.reflect.jvm.internal.impl.resolve.jvm.JvmPrimitiveType;                : loaded 2 times (x 71B)
Class kotlin.collections.SetsKt___SetsKt                                              : loaded 2 times (x 73B)
Class kotlin.jvm.internal.ClassBasedDeclarationContainer                              : loaded 2 times (x 72B)
Class kotlin.ranges.RangesKt__RangesKt                                                : loaded 2 times (x 73B)
Class org.jetbrains.kotlin.cli.common.arguments.K2JSCompilerArguments$Companion       : loaded 2 times (x 73B)
Class org.objectweb.asm.ByteVector                                                    : loaded 2 times (x 81B)
Class [Lcom.google.common.cache.CacheBuilder$NullListener;                            : loaded 2 times (x 71B)
Class com.google.common.math.IntMath$1                                                : loaded 2 times (x 73B)
Class org.gradle.internal.classloader.VisitableURLClassLoader$Spec                    : loaded 2 times (x 76B)
Class org.gradle.internal.classpath.DefaultClassPath                                  : loaded 2 times (x 92B)
Class org.jetbrains.kotlin.cli.jvm.compiler.JvmPackagePartProvider                    : loaded 2 times (x 94B)
Class org.jetbrains.kotlin.fir.renderer.ConeTypeRendererForDebugging                  : loaded 2 times (x 79B)
Class [Lorg.jetbrains.kotlin.fir.declarations.FirClass;                               : loaded 2 times (x 71B)
Class org.jetbrains.kotlin.fir.declarations.FirDeclarationOrigin$SubstitutionOverride$DeclarationSite: loaded 2 times (x 74B)
Class org.jetbrains.kotlin.fir.types.ConeIntegerLiteralTypeImplKt                     : loaded 2 times (x 73B)
Class org.jetbrains.kotlin.fir.scopes.impl.IsUnsignedForWrappedIntegerOperator        : loaded 2 times (x 73B)
Class org.jetbrains.kotlin.fir.types.FirCorrespondingSupertypesCacheKt                : loaded 2 times (x 73B)
Class org.jetbrains.kotlin.fir.resolve.dfa.cfg.Edge$Companion                         : loaded 2 times (x 73B)
Class org.jetbrains.kotlin.resolve.calls.inference.components.VariableFixationFinder$Context: loaded 2 times (x 72B)
Class org.jetbrains.kotlin.fir.resolve.calls.stages.CheckVisibility                   : loaded 2 times (x 74B)
Class org.jetbrains.kotlin.fir.scopes.impl.FirNameAwareOnlyCallablesScope             : loaded 2 times (x 82B)
Class org.jetbrains.kotlin.fir.resolve.transformers.PublishedApiEffectiveVisibilityKt : loaded 2 times (x 73B)
Class org.jetbrains.kotlin.com.google.common.collect.LinkedHashMultimap$ValueSet$1    : loaded 2 times (x 84B)
Class org.jetbrains.kotlin.fir.scopes.impl.FirPackageMemberScope                      : loaded 2 times (x 80B)
Class org.jetbrains.kotlin.fir.declarations.utils.DeclarationAttributesKt             : loaded 2 times (x 73B)
Class org.jetbrains.kotlin.fir.expressions.FirGetClassCall                            : loaded 2 times (x 136B)
Class org.jetbrains.kotlin.com.intellij.openapi.vfs.VfsUtilCore$2                     : loaded 2 times (x 78B)
Class org.jetbrains.kotlin.fir.analysis.checkers.syntax.FirCommaInWhenConditionChecker: loaded 2 times (x 90B)
Class [Lorg.jetbrains.kotlin.KtFakeSourceElementKind;                                 : loaded 2 times (x 71B)
Class org.jetbrains.kotlin.fir.analysis.checkers.declaration.FirDelegateUsesExtensionPropertyTypeParameterChecker: loaded 2 times (x 78B)
Class org.jetbrains.kotlin.fir.resolve.FirSamResolver                                 : loaded 2 times (x 74B)
Class org.jetbrains.kotlin.fir.scopes.FirScope                                        : loaded 2 times (x 79B)
Class org.jetbrains.kotlin.fir.DependencyListForCliModule                             : loaded 2 times (x 74B)
Class org.jetbrains.kotlin.konan.target.Architecture                                  : loaded 2 times (x 81B)
Class org.jetbrains.kotlin.metadata.ProtoBuf$TypeAlias$1                              : loaded 2 times (x 146B)
Class org.jetbrains.kotlin.metadata.ProtoBuf$Annotation$Argument$ValueOrBuilder       : loaded 2 times (x 72B)
Class org.jetbrains.kotlin.lexer._JetLexer$State                                      : loaded 2 times (x 73B)
Class org.jetbrains.kotlin.parsing.LastBefore                                         : loaded 2 times (x 86B)
Class org.jetbrains.kotlin.psi.KtIsExpression                                         : loaded 2 times (x 505B)
Class kotlin.comparisons.ComparisonsKt                                                : loaded 2 times (x 73B)
Class kotlin.comparisons.ComparisonsKt___ComparisonsKt                                : loaded 2 times (x 73B)
Class org.jetbrains.kotlin.psi.KtDeclaration                                          : loaded 2 times (x 72B)
Class org.jetbrains.kotlin.com.intellij.psi.impl.JavaPsiFacadeEx                      : loaded 2 times (x 89B)
Class org.jetbrains.kotlin.com.intellij.psi.TypeAnnotationProvider$1                  : loaded 2 times (x 77B)
Class org.jetbrains.kotlin.com.intellij.core.CoreProjectScopeBuilder$ContentSearchScope: loaded 2 times (x 98B)
Class org.jetbrains.kotlin.com.intellij.ide.plugins.IdeaPluginDescriptorImpl          : loaded 2 times (x 96B)
Class org.jetbrains.kotlin.org.codehaus.stax2.ri.typed.ValueDecoderFactory$DecoderBase: loaded 2 times (x 83B)
Class kotlin.Result$Companion                                                         : loaded 2 times (x 73B)
Class kotlin.coroutines.jvm.internal.BaseContinuationImpl                             : loaded 2 times (x 89B)
Class kotlin.sequences.FilteringSequence                                              : loaded 2 times (x 77B)
Class org.jetbrains.kotlin.com.intellij.util.messages.impl.MessagePublisher           : loaded 2 times (x 78B)
Class org.jetbrains.kotlin.com.intellij.openapi.util.Iconable                         : loaded 2 times (x 72B)
Class org.jetbrains.kotlin.com.intellij.openapi.extensions.ExtensionPointListener     : loaded 2 times (x 72B)
Class org.jetbrains.kotlin.com.intellij.openapi.extensions.ExtensionPoint             : loaded 2 times (x 72B)
Class org.jetbrains.kotlin.com.intellij.openapi.extensions.ExtensionsArea             : loaded 2 times (x 72B)
Class kotlin.text.CharsKt__CharJVMKt                                                  : loaded 2 times (x 73B)
Class jdk.internal.jimage.decompressor.ZipDecompressorFactory                         : loaded 2 times (x 76B)
Class org.objectweb.asm.Symbol                                                        : loaded 2 times (x 75B)
Class com.google.common.base.AbstractIterator                                         : loaded 2 times (x 82B)
Class org.jetbrains.kotlin.serialization.deserialization.descriptors.DeserializedContainerAbiStability: loaded 2 times (x 81B)
Class org.jetbrains.kotlin.diagnostics.PositioningStrategies$PARAMETER_DEFAULT_VALUE$1: loaded 2 times (x 76B)
Class org.jetbrains.kotlin.diagnostics.LightTreePositioningStrategies$VALUE_ARGUMENTS_LIST$1: loaded 2 times (x 76B)
Class org.jetbrains.kotlin.diagnostics.LightTreePositioningStrategies$SUPERTYPES_LIST$1: loaded 2 times (x 76B)
Class org.jetbrains.kotlin.fir.renderer.ConeIdRendererForDebugging                    : loaded 2 times (x 76B)
Class org.jetbrains.kotlin.fir.resolve.dfa.FirLocalVariableAssignmentAnalyzer$Companion$MiniFlow$Companion: loaded 2 times (x 73B)
Class org.jetbrains.kotlin.fir.resolve.calls.NoValueForParameter                      : loaded 2 times (x 74B)
Class org.jetbrains.kotlin.types.model.CapturedTypeMarker                             : loaded 2 times (x 72B)
Class org.jetbrains.kotlin.fir.resolve.inference.CompletionModeCalculatorKt           : loaded 2 times (x 73B)
Class org.jetbrains.kotlin.fir.resolve.calls.stages.NoTypeArguments                   : loaded 2 times (x 74B)
Class org.jetbrains.kotlin.fir.types.CompilerConeAttributes$ContextFunctionTypeParams$Companion: loaded 2 times (x 73B)
Class org.jetbrains.kotlin.fir.resolve.substitution.ConeSubstitutorByMap$Companion    : loaded 2 times (x 73B)
Class org.jetbrains.kotlin.metadata.ProtoBuf$Effect$1                                 : loaded 2 times (x 146B)
Class org.jetbrains.kotlin.fir.resolve.TypeExpansionUtilsKt$fullyExpandedType$1       : loaded 2 times (x 127B)
Class org.jetbrains.kotlin.fir.resolve.providers.FirSymbolNamesProviderKt             : loaded 2 times (x 73B)
Class org.jetbrains.kotlin.fir.symbols.ConeClassifierLookupTagWithFixedSymbol         : loaded 2 times (x 75B)
Class org.jetbrains.kotlin.fir.resolve.calls.overloads.ConeOverloadConflictResolver   : loaded 2 times (x 75B)
Class org.jetbrains.kotlin.fir.util.MutableMultimap                                   : loaded 2 times (x 72B)
Class [Lorg.jetbrains.kotlin.fir.types.ConeClassLikeType;                             : loaded 2 times (x 71B)
Class org.jetbrains.kotlin.fir.symbols.impl.FirEnumEntrySymbol                        : loaded 2 times (x 77B)
Class org.jetbrains.kotlin.KtFakeSourceElementKind$DesugaredAugmentedAssign           : loaded 2 times (x 74B)
Class org.jetbrains.kotlin.utils.NumbersKt                                            : loaded 2 times (x 73B)
Class org.jetbrains.kotlin.fir.expressions.impl.FirThisReceiverExpressionImpl         : loaded 2 times (x 164B)
Class org.jetbrains.kotlin.utils.addToStdlib.AddToStdlibKt                            : loaded 2 times (x 73B)
Class org.jetbrains.kotlin.fir.references.impl.FirResolvedNamedReferenceImpl          : loaded 2 times (x 92B)
Class org.jetbrains.kotlin.fir.IsCatchParameterProperty                               : loaded 2 times (x 73B)
Class org.jetbrains.kotlin.KtRealSourceElementKind                                    : loaded 2 times (x 74B)
Class org.jetbrains.kotlin.com.intellij.util.ObjectUtilsRt                            : loaded 2 times (x 73B)
Class org.jetbrains.kotlin.fir.scopes.FirOverrideChecker                              : loaded 2 times (x 72B)
Class [Lorg.jetbrains.kotlin.fir.types.ConeKotlinType;                                : loaded 2 times (x 71B)
Class org.jetbrains.kotlin.fir.types.builder.FirResolvedTypeRefBuilder                : loaded 2 times (x 80B)
Class org.jetbrains.kotlin.fir.session.ComponentsContainersKt                         : loaded 2 times (x 73B)
Class [Lorg.jetbrains.kotlin.fir.FirSession$Kind;                                     : loaded 2 times (x 71B)
Class org.jetbrains.kotlin.konan.target.KonanTarget$MACOS_X64                         : loaded 2 times (x 80B)
Class org.jetbrains.kotlin.konan.util.Named                                           : loaded 2 times (x 72B)
Class org.jetbrains.kotlin.metadata.ProtoBuf$ConstructorOrBuilder                     : loaded 2 times (x 72B)
Class org.jetbrains.kotlin.it.unimi.dsi.fastutil.ints.IntArrays$ArrayHashStrategy     : loaded 2 times (x 77B)
Class org.jetbrains.kotlin.psi.KtSuperExpression                                      : loaded 2 times (x 441B)
Class [Lorg.jetbrains.kotlin.com.intellij.lang.ASTNode;                               : loaded 2 times (x 71B)
Class org.jetbrains.kotlin.com.intellij.psi.ContributedReferenceHost                  : loaded 2 times (x 72B)
Class org.jetbrains.kotlin.psi.stubs.elements.KtContractEffectElementType             : loaded 2 times (x 102B)
Class [Lorg.jetbrains.kotlin.psi.KtFileAnnotationList;                                : loaded 2 times (x 71B)
Class org.jetbrains.kotlin.psi.KtAnnotation                                           : loaded 2 times (x 448B)
Class org.jetbrains.kotlin.psi.KtAnnotationEntry                                      : loaded 2 times (x 523B)
Class org.jetbrains.kotlin.psi.stubs.KotlinConstructorStub                            : loaded 2 times (x 72B)
Class org.jetbrains.kotlin.psi.stubs.elements.KtBackingFieldElementType               : loaded 2 times (x 105B)
Class org.jetbrains.kotlin.psi.KtClassLikeDeclaration                                 : loaded 2 times (x 72B)
Class org.jetbrains.kotlin.com.intellij.extapi.psi.ASTDelegatePsiElement              : loaded 2 times (x 308B)
Class [Lorg.jetbrains.kotlin.com.intellij.psi.PsiModifierListOwner;                   : loaded 2 times (x 71B)
Class org.jetbrains.kotlin.resolve.jvm.KotlinJavaPsiFacade$KotlinPsiElementFinderWrapperImplDumbAware: loaded 2 times (x 84B)
Class org.jetbrains.kotlin.fir.serialization.FirMetadataSerializerPlugin              : loaded 2 times (x 78B)
Class org.jetbrains.kotlin.metadata.ProtoBuf$Visibility                               : loaded 2 times (x 84B)
Class org.jetbrains.kotlin.asJava.KotlinAsJavaSupport$Companion                       : loaded 2 times (x 73B)
Class org.jetbrains.kotlin.com.intellij.openapi.editor.event.DocumentListener         : loaded 2 times (x 72B)
Class org.jetbrains.kotlin.idea.KotlinFileType                                        : loaded 2 times (x 92B)
Class org.jetbrains.kotlin.com.fasterxml.aalto.in.Utf32Reader                         : loaded 2 times (x 98B)
Class org.jetbrains.kotlin.com.fasterxml.aalto.in.InputBootstrapper                   : loaded 2 times (x 86B)
Class org.jetbrains.kotlin.com.fasterxml.aalto.util.UriCanonicalizer                  : loaded 2 times (x 74B)
Class org.jetbrains.kotlin.com.intellij.psi.impl.compiled.ClassFileStubBuilder        : loaded 2 times (x 99B)
Class org.jetbrains.kotlin.com.intellij.psi.PsiFile                                   : loaded 2 times (x 72B)
Class org.jetbrains.kotlin.com.intellij.psi.impl.source.resolve.reference.ReferenceProvidersRegistryImpl$2: loaded 2 times (x 77B)
Class org.jetbrains.kotlin.com.intellij.openapi.project.IndexNotReadyException        : loaded 2 times (x 87B)
Class org.jetbrains.kotlin.com.intellij.util.containers.WeakHashMap                   : loaded 2 times (x 129B)
Class org.jetbrains.kotlin.config.ApiVersion$Companion                                : loaded 2 times (x 73B)
Class kotlin.reflect.KType                                                            : loaded 2 times (x 72B)
Class com.google.common.collect.RegularImmutableMap$Values                            : loaded 2 times (x 209B)
Class com.google.common.collect.ImmutableSet                                          : loaded 2 times (x 147B)
Class com.google.common.base.CharMatcher$BitSetMatcher                                : loaded 2 times (x 114B)
Class org.gradle.internal.classloader.ClassLoaderSpec                                 : loaded 2 times (x 73B)
Class org.jetbrains.kotlin.fir.analysis.checkers.LightTreeSourceNavigator             : loaded 2 times (x 91B)
Class org.jetbrains.kotlin.diagnostics.PsiPositioningStrategies$UNREACHABLE_CODE$1    : loaded 2 times (x 76B)
Class org.jetbrains.kotlin.diagnostics.LightTreePositioningStrategies$LONG_LITERAL_SUFFIX$1: loaded 2 times (x 76B)
Class org.jetbrains.kotlin.diagnostics.LightTreePositioningStrategies$VAL_OR_VAR_NODE$1: loaded 2 times (x 76B)
Class org.jetbrains.kotlin.fir.resolve.ResolutionMode$ReceiverResolution              : loaded 2 times (x 73B)
Class org.jetbrains.kotlin.fir.resolve.TypeExpansionUtilsKt$fullyExpandedType$2       : loaded 2 times (x 127B)
Class org.jetbrains.kotlin.kotlinx.collections.immutable.implementations.immutableMap.PersistentHashMapBuilder: loaded 2 times (x 145B)
Class [Lorg.jetbrains.kotlin.resolve.deprecation.DeprecationLevelValue;               : loaded 2 times (x 71B)
Class org.jetbrains.kotlin.utils.SmartList$SingletonIterator                          : loaded 2 times (x 84B)
Class org.jetbrains.kotlin.fir.visitors.FirTransformerUtilKt                          : loaded 2 times (x 73B)
Class org.jetbrains.kotlin.fir.resolve.transformers.IntegerLiteralAndOperatorApproximationTransformer$Companion: loaded 2 times (x 73B)
Class org.jetbrains.kotlin.types.model.TypeParameterMarker                            : loaded 2 times (x 72B)
Class org.jetbrains.kotlin.fir.declarations.FirTowerDataContext                       : loaded 2 times (x 74B)
Class kotlin.collections.ReversedListReadOnly                                         : loaded 2 times (x 200B)
Class org.jetbrains.kotlin.fir.expressions.FirNamedArgumentExpression                 : loaded 2 times (x 123B)
Class org.jetbrains.kotlin.fir.declarations.FirResolvedDeclarationStatus              : loaded 2 times (x 72B)
Class org.jetbrains.kotlin.KtFakeSourceElementKind                                    : loaded 2 times (x 74B)
Class org.jetbrains.kotlin.fir.analysis.checkers.declaration.FirDelegatedPropertyChecker: loaded 2 times (x 78B)
Class org.jetbrains.kotlin.fir.analysis.checkers.declaration.FirTailrecFunctionChecker: loaded 2 times (x 78B)
Class org.jetbrains.kotlin.fir.analysis.checkers.declaration.FirOptInMarkedDeclarationChecker: loaded 2 times (x 78B)
Class org.jetbrains.kotlin.fir.types.impl.FirImplicitByteTypeRef                      : loaded 2 times (x 108B)
Class org.jetbrains.kotlin.descriptors.DeclarationDescriptorWithVisibility            : loaded 2 times (x 72B)
Class org.jetbrains.kotlin.protobuf.SmallSortedMap                                    : loaded 2 times (x 131B)
Class org.jetbrains.kotlin.library.KotlinIrSignatureVersion                           : loaded 2 times (x 73B)
Class org.jetbrains.kotlin.com.intellij.openapi.editor.impl.RedBlackTree$Node         : loaded 2 times (x 87B)
Class kotlin.jvm.internal.FunctionReferenceImpl                                       : loaded 2 times (x 124B)
Class [Lorg.jetbrains.kotlin.psi.KtDoubleColonExpression;                             : loaded 2 times (x 71B)
Class [Lorg.jetbrains.kotlin.psi.KtElementImplStub;                                   : loaded 2 times (x 71B)
Class org.jetbrains.kotlin.psi.KtClass                                                : loaded 2 times (x 1101B)
Class org.jetbrains.kotlin.com.intellij.psi.impl.source.StubbedSpine                  : loaded 2 times (x 72B)
Class org.jetbrains.kotlin.psi.KtAnnotated                                            : loaded 2 times (x 72B)
Class org.jetbrains.kotlin.com.intellij.util.ConcurrencyUtil                          : loaded 2 times (x 73B)
Class org.jetbrains.kotlin.cli.common.extensions.ScriptEvaluationExtension$Companion  : loaded 2 times (x 74B)
Class org.jetbrains.kotlin.cli.common.extensions.ScriptEvaluationExtension            : loaded 2 times (x 72B)
Class org.jetbrains.kotlin.com.intellij.util.io.FileAccessorCache                     : loaded 2 times (x 85B)
Class org.jetbrains.kotlin.com.intellij.psi.JavaModuleSystem                          : loaded 2 times (x 72B)
Class kotlin.text.DelimitedRangesSequence                                             : loaded 2 times (x 77B)
Class org.jetbrains.kotlin.com.intellij.codeInsight.folding.CodeFoldingSettings       : loaded 2 times (x 73B)
Class org.jetbrains.kotlin.com.intellij.util.messages.Topic$BroadcastDirection        : loaded 2 times (x 81B)
Class org.jetbrains.kotlin.com.intellij.openapi.util.registry.EarlyAccessRegistryManagerKt: loaded 2 times (x 73B)
Class org.jetbrains.kotlin.com.intellij.openapi.progress.ProgressManager              : loaded 2 times (x 95B)
Class org.jetbrains.kotlin.it.unimi.dsi.fastutil.objects.AbstractObject2ObjectFunction: loaded 2 times (x 100B)
Class org.jetbrains.kotlin.com.intellij.util.containers.IntKeyWeakValueHashMap        : loaded 2 times (x 80B)
Class kotlin.reflect.jvm.internal.ReflectProperties$Val$1                             : loaded 2 times (x 73B)
Class kotlin.collections.CollectionsKt___CollectionsJvmKt                             : loaded 2 times (x 73B)
Class org.objectweb.asm.AnnotationWriter                                              : loaded 2 times (x 80B)
Class com.google.common.cache.CacheStats                                              : loaded 2 times (x 73B)
Class org.jetbrains.kotlin.diagnostics.PositioningStrategies$FindReferencePositioningStrategy: loaded 2 times (x 76B)
Class org.jetbrains.kotlin.diagnostics.LightTreePositioningStrategies$PARAMETER_VARARG_MODIFIER$1: loaded 2 times (x 76B)
Class org.jetbrains.kotlin.fir.resolve.dfa.cfg.FunctionExitNode                       : loaded 2 times (x 88B)
Class org.jetbrains.kotlin.fir.types.ConeIntegerLiteralConstantType                   : loaded 2 times (x 84B)
Class org.jetbrains.kotlin.fir.deserialization.FirTypeDeserializer$FlexibleTypeFactory$Default: loaded 2 times (x 76B)
Class org.jetbrains.kotlin.fir.resolve.inference.FirCallCompleter                     : loaded 2 times (x 74B)
Class [Lorg.jetbrains.kotlin.fir.resolve.calls.overloads.ConeCallConflictResolver;    : loaded 2 times (x 71B)
Class org.jetbrains.kotlin.resolve.calls.tower.CandidateApplicability                 : loaded 2 times (x 81B)
Class org.jetbrains.kotlin.fir.resolve.dfa.cfg.CatchClauseEnterNode                   : loaded 2 times (x 83B)
Class org.jetbrains.kotlin.fir.resolve.dfa.Stack                                      : loaded 2 times (x 79B)
Class org.jetbrains.kotlin.fir.extensions.FirSwitchableExtensionDeclarationsSymbolProviderKt: loaded 2 times (x 73B)
Class org.jetbrains.kotlin.utils.NumberWithRadix                                      : loaded 2 times (x 74B)
Class org.jetbrains.kotlin.fir.expressions.FirExpressionUtilKt                        : loaded 2 times (x 73B)
Class org.jetbrains.kotlin.com.google.common.collect.SingletonImmutableSet            : loaded 2 times (x 148B)
Class org.jetbrains.kotlin.fir.expressions.impl.FirLiteralExpressionImpl              : loaded 2 times (x 123B)
Class org.jetbrains.kotlin.KtFakeSourceElementKind$ImplicitConstructor                : loaded 2 times (x 74B)
Class [Lorg.jetbrains.kotlin.fir.types.impl.ConeTypeParameterTypeImpl;                : loaded 2 times (x 71B)
Class [Lorg.jetbrains.kotlin.types.model.SimpleTypeMarker;                            : loaded 2 times (x 71B)
Class org.jetbrains.kotlin.fir.builder.AbstractRawFirBuilder                          : loaded 2 times (x 90B)
Class org.jetbrains.kotlin.fir.analysis.checkers.declaration.FirFiniteBoundRestrictionChecker: loaded 2 times (x 78B)
Class org.jetbrains.kotlin.fir.scopes.impl.FirGeneratedMemberDeclarationsStorage$ClassifierStorage: loaded 2 times (x 74B)
Class org.jetbrains.kotlin.fir.extensions.FirExtensionService                         : loaded 2 times (x 84B)
Class org.jetbrains.kotlin.fir.types.CompilerConeAttributes$EnhancedNullability       : loaded 2 times (x 81B)
Class org.jetbrains.kotlin.descriptors.impl.EmptyPackageFragmentDescriptor            : loaded 2 times (x 142B)
Class org.jetbrains.kotlin.renderer.DescriptorRenderer$ValueParametersHandler         : loaded 2 times (x 72B)
Class org.jetbrains.kotlin.descriptors.PackageViewDescriptor                          : loaded 2 times (x 72B)
Class org.jetbrains.kotlin.storage.LockBasedStorageManager$LockBasedLazyValue         : loaded 2 times (x 88B)
Class org.jetbrains.kotlin.protobuf.SmallSortedMap$EmptySet                           : loaded 2 times (x 73B)
Class org.jetbrains.kotlin.protobuf.MessageLite                                       : loaded 2 times (x 72B)
Class org.jetbrains.kotlin.diagnostics.DiagnosticReporterFactory                      : loaded 2 times (x 73B)
Class org.jetbrains.kotlin.psi.KtForExpression                                        : loaded 2 times (x 447B)
Class org.jetbrains.kotlin.com.intellij.psi.util.PsiUtilCore$NullPsiFile              : loaded 2 times (x 538B)
Class [Lorg.jetbrains.kotlin.psi.KtSuperTypeCallEntry;                                : loaded 2 times (x 71B)
Class [Lorg.jetbrains.kotlin.psi.KtDotQualifiedExpression;                            : loaded 2 times (x 71B)
Class org.jetbrains.kotlin.psi.KtAnnotationsContainer                                 : loaded 2 times (x 72B)
Class org.jetbrains.kotlin.com.intellij.util.PatchedWeakReference                     : loaded 2 times (x 85B)
Class org.jetbrains.kotlin.serialization.DescriptorSerializerPlugin                   : loaded 2 times (x 72B)
Class org.jetbrains.kotlin.com.intellij.openapi.project.DumbService$Companion         : loaded 2 times (x 73B)
Class org.jetbrains.kotlin.com.intellij.core.CoreProjectScopeBuilder                  : loaded 2 times (x 79B)
Class org.jetbrains.kotlin.com.intellij.util.CachedValuesFactory                      : loaded 2 times (x 72B)
Class org.jetbrains.kotlin.com.intellij.ide.plugins.ModuleDependenciesDescriptor      : loaded 2 times (x 74B)
Class kotlinx.coroutines.CoroutineStart$WhenMappings                                  : loaded 2 times (x 73B)
Class org.jetbrains.kotlin.com.intellij.serviceContainer.LazyExtensionInstance        : loaded 2 times (x 76B)
Class org.jetbrains.kotlin.com.intellij.openapi.extensions.ExtensionPointAdapter      : loaded 2 times (x 78B)
Class org.jetbrains.kotlin.com.intellij.openapi.util.Disposer$CheckedDisposableImpl   : loaded 2 times (x 81B)
Class org.jetbrains.kotlin.com.intellij.mock.MockApplication                          : loaded 2 times (x 331B)
Class kotlin.sequences.SequencesKt___SequencesJvmKt                                   : loaded 2 times (x 73B)
Class org.jetbrains.kotlin.com.intellij.util.containers.ConcurrentRefHashMap          : loaded 2 times (x 156B)
Class kotlin.Unit                                                                     : loaded 2 times (x 73B)
Class kotlin.TuplesKt                                                                 : loaded 2 times (x 73B)
Class org.jetbrains.kotlin.config.MavenComparableVersion$ListItem                     : loaded 2 times (x 220B)
Class kotlin.jvm.internal.markers.KMutableIterable                                    : loaded 2 times (x 72B)
Class org.jetbrains.kotlin.fir.analysis.checkers.expression.FirReturnSyntaxAndLabelChecker: loaded 2 times (x 78B)
Class org.objectweb.asm.RecordComponentWriter                                         : loaded 2 times (x 79B)
Class com.google.common.util.concurrent.AbstractFuture$Listener                       : loaded 2 times (x 74B)
Class com.google.common.base.CharMatcher$Or                                           : loaded 2 times (x 114B)
Class org.gradle.api.internal.classpath.Module$ModuleAlias                            : loaded 2 times (x 72B)
Class org.jetbrains.kotlin.diagnostics.LightTreePositioningStrategies$SAFE_ACCESS$1   : loaded 2 times (x 76B)
Class org.jetbrains.kotlin.fir.resolve.inference.LambdaAnalyzer                       : loaded 2 times (x 72B)
Class org.jetbrains.kotlin.fir.expressions.FirCheckNotNullCall                        : loaded 2 times (x 149B)
Class org.jetbrains.kotlin.fir.expressions.FirSmartCastExpression                     : loaded 2 times (x 126B)
Class [Lorg.jetbrains.kotlin.fir.resolve.calls.stages.ResolutionStage;                : loaded 2 times (x 71B)
Class org.jetbrains.kotlin.descriptors.EffectiveVisibility$Unknown                    : loaded 2 times (x 77B)
Class org.jetbrains.kotlin.fir.resolve.transformers.plugin.AbstractFirSpecificAnnotationResolveTransformer$FirEnumAnnotationArgumentsTransformer: loaded 2 times (x 426B)
Class org.jetbrains.kotlin.fir.resolve.calls.tower.InvokeResolvePriority              : loaded 2 times (x 81B)
Class org.jetbrains.kotlin.fir.resolve.transformers.FirAbstractTreeTransformer        : loaded 2 times (x 384B)
Class org.jetbrains.kotlin.fir.FirFunctionTarget                                      : loaded 2 times (x 83B)
Class org.jetbrains.kotlin.fir.analysis.checkers.type.FirDuplicateParameterNameInFunctionTypeChecker: loaded 2 times (x 78B)
Class org.jetbrains.kotlin.fir.analysis.checkers.syntax.FirFunctionTypeParametersSyntaxChecker: loaded 2 times (x 90B)
Class org.jetbrains.kotlin.renderer.ParameterNameRenderingPolicy                      : loaded 2 times (x 81B)
Class org.jetbrains.kotlin.library.KotlinLibraryLayout                                : loaded 2 times (x 72B)
Class org.jetbrains.kotlin.lexer.KotlinLexer                                          : loaded 2 times (x 88B)
Class org.jetbrains.kotlin.com.intellij.openapi.editor.impl.RangeMarkerTree$RMNode    : loaded 2 times (x 110B)
Class [Lorg.jetbrains.kotlin.it.unimi.dsi.fastutil.objects.Object2ObjectOpenHashMap;  : loaded 2 times (x 71B)
Class org.jetbrains.kotlin.com.intellij.psi.tree.IReparseableLeafElementType          : loaded 2 times (x 72B)
Class org.jetbrains.kotlin.psi.ValueArgumentName                                      : loaded 2 times (x 72B)
Class [Lorg.jetbrains.kotlin.psi.KtExpressionImplStub;                                : loaded 2 times (x 71B)
Class org.jetbrains.kotlin.psi.KtPureClassOrObject                                    : loaded 2 times (x 72B)
Class org.jetbrains.kotlin.extensions.AnnotationBasedExtension                        : loaded 2 times (x 72B)
Class org.jetbrains.kotlin.resolve.jvm.extensions.SyntheticJavaResolveExtension$Companion: loaded 2 times (x 74B)
Class org.jetbrains.kotlin.com.intellij.DynamicBundle                                 : loaded 2 times (x 78B)
Class org.jetbrains.kotlin.com.intellij.psi.PsiAnnotation                             : loaded 2 times (x 72B)
Class org.jetbrains.kotlin.com.intellij.openapi.project.DumbUtil                      : loaded 2 times (x 72B)
Class org.jetbrains.kotlin.com.intellij.util.containers.UnsafeWeakList$MyReference    : loaded 2 times (x 82B)
Class org.jetbrains.kotlin.com.intellij.openapi.project.DumbAware                     : loaded 2 times (x 72B)
Class org.jetbrains.kotlin.com.intellij.psi.PsiParameter                              : loaded 2 times (x 72B)
Class org.jetbrains.kotlin.com.intellij.util.containers.ContainerUtil$9$1             : loaded 2 times (x 84B)
Class kotlin.collections.AbstractSet$Companion                                        : loaded 2 times (x 73B)
Class org.jetbrains.kotlin.it.unimi.dsi.fastutil.doubles.Double2ObjectMap             : loaded 2 times (x 72B)
Class org.jetbrains.kotlin.com.intellij.openapi.fileEditor.FileDocumentManager        : loaded 2 times (x 84B)
Class org.jetbrains.kotlin.com.intellij.openapi.vfs.impl.ArchiveHandler               : loaded 2 times (x 81B)
Class org.jetbrains.kotlin.it.unimi.dsi.fastutil.objects.Object2ObjectMap$FastEntrySet: loaded 2 times (x 72B)
Class org.jetbrains.kotlin.com.intellij.openapi.util.text.CharSequenceWithStringHash  : loaded 2 times (x 72B)
Class [Lorg.jetbrains.kotlin.utils.DescriptionAware;                                  : loaded 2 times (x 71B)
Class org.jetbrains.kotlin.it.unimi.dsi.fastutil.ints.Int2ObjectMap                   : loaded 2 times (x 72B)
Class kotlin.ranges.RangesKt                                                          : loaded 2 times (x 73B)
Class org.jetbrains.kotlin.config.Services$Builder                                    : loaded 2 times (x 74B)
Class org.objectweb.asm.Attribute                                                     : loaded 2 times (x 79B)
Class com.google.common.base.Supplier                                                 : loaded 2 times (x 72B)
Class org.gradle.internal.classloader.VisitableURLClassLoader                         : loaded 2 times (x 118B)
Class org.jetbrains.kotlin.diagnostics.PositioningStrategies$DELEGATED_SUPERTYPE_BY_KEYWORD$1: loaded 2 times (x 76B)
Class org.jetbrains.kotlin.diagnostics.PositioningStrategies$FOR_REDECLARATION$1      : loaded 2 times (x 76B)
Class org.jetbrains.kotlin.diagnostics.PositioningStrategy                            : loaded 2 times (x 76B)
Class org.jetbrains.kotlin.fir.resolve.dfa.FirLocalVariableAssignmentAnalyzer$Companion$MiniFlow: loaded 2 times (x 74B)
Class org.jetbrains.kotlin.fir.resolve.calls.VisibilityUtilsKt                        : loaded 2 times (x 73B)
Class org.jetbrains.kotlin.fir.resolve.calls.stages.ResolutionStageRunner$processCandidate$1: loaded 2 times (x 97B)
Class org.jetbrains.kotlin.fir.scopes.FirScopeKt                                      : loaded 2 times (x 73B)
Class org.jetbrains.kotlin.fir.scopes.impl.FirExplicitSimpleImportingScope            : loaded 2 times (x 82B)
Class org.jetbrains.kotlin.utils.SmartList                                            : loaded 2 times (x 203B)
Class org.jetbrains.kotlin.fir.resolve.transformers.plugin.FirAnnotationArgumentsProcessor: loaded 2 times (x 78B)
Class org.jetbrains.kotlin.fir.resolve.dfa.cfg.FunctionCallArgumentsExitNode          : loaded 2 times (x 83B)
Class [Lorg.jetbrains.kotlin.fir.resolve.dfa.cfg.CatchClauseEnterNode;                : loaded 2 times (x 71B)
Class org.jetbrains.kotlin.fir.resolve.transformers.SupertypeComputationSession$supertypesSupplier$1: loaded 2 times (x 76B)
Class [Lorg.jetbrains.kotlin.fir.FirPureAbstractElement;                              : loaded 2 times (x 71B)
Class org.jetbrains.kotlin.fir.types.impl.ConeTypeParameterTypeImpl                   : loaded 2 times (x 83B)
Class org.jetbrains.kotlin.fir.analysis.checkers.declaration.FirInlineDeclarationChecker: loaded 2 times (x 78B)
Class org.jetbrains.kotlin.fir.resolve.providers.impl.FirProviderImpl$SymbolProvider  : loaded 2 times (x 83B)
Class org.jetbrains.kotlin.fir.analysis.extensions.FirAdditionalCheckersExtension$Factory: loaded 2 times (x 72B)
Class kotlin.sequences.GeneratorSequence                                              : loaded 2 times (x 77B)
Class org.jetbrains.kotlin.fir.types.impl.FirImplicitEnumTypeRef                      : loaded 2 times (x 108B)
Class org.jetbrains.kotlin.types.checker.NewKotlinTypeChecker                         : loaded 2 times (x 72B)
Class org.jetbrains.kotlin.serialization.deserialization.descriptors.DeserializedPackageMemberScope: loaded 2 times (x 112B)
Class org.jetbrains.kotlin.konan.target.KonanTarget$WATCHOS_X64                       : loaded 2 times (x 80B)
Class org.jetbrains.kotlin.library.KotlinLibrarySearchPathResolver                    : loaded 2 times (x 99B)
Class org.jetbrains.kotlin.com.intellij.lang.impl.PsiBuilderImpl$RelativeTokenTypesView: loaded 2 times (x 201B)
Class org.jetbrains.kotlin.parsing.KotlinParsing$ModifierDetector                     : loaded 2 times (x 80B)
Class org.jetbrains.kotlin.it.unimi.dsi.fastutil.BidirectionalIterator                : loaded 2 times (x 72B)
Class org.jetbrains.kotlin.com.intellij.openapi.application.AccessToken$1             : loaded 2 times (x 77B)
Class kotlin.sequences.FlatteningSequence$iterator$1                                  : loaded 2 times (x 81B)
Class org.jetbrains.kotlin.storage.LockBasedStorageManager$ExceptionHandlingStrategy  : loaded 2 times (x 72B)
Class org.jetbrains.kotlin.psi.stubs.KotlinContextReceiverStub                        : loaded 2 times (x 72B)
Class org.jetbrains.kotlin.psi.stubs.elements.KtStringTemplateExpressionElementType   : loaded 2 times (x 105B)
Class org.jetbrains.kotlin.com.intellij.psi.AbstractFileViewProvider                  : loaded 2 times (x 160B)
Class org.jetbrains.kotlin.com.intellij.psi.impl.file.PsiPackageImpl                  : loaded 2 times (x 775B)
Class org.jetbrains.kotlin.types.DefaultTypeAttributeTranslator                       : loaded 2 times (x 77B)
Class org.jetbrains.kotlin.com.intellij.openapi.util.registry.Registry                : loaded 2 times (x 74B)
Class org.jetbrains.kotlin.com.intellij.openapi.util.Conditions                       : loaded 2 times (x 73B)
Class org.jetbrains.kotlin.com.intellij.lang.LanguageUtil                             : loaded 2 times (x 73B)
Class org.jetbrains.kotlin.com.intellij.util.pico.CyclicDependencyException           : loaded 2 times (x 84B)
Class org.jetbrains.kotlin.com.intellij.openapi.progress.Progressive                  : loaded 2 times (x 72B)
Class org.jetbrains.kotlin.com.intellij.psi.stubs.ObjectStubTree                      : loaded 2 times (x 81B)
Class org.jetbrains.kotlin.com.intellij.openapi.vfs.VirtualFile                       : loaded 2 times (x 156B)
Class org.jetbrains.kotlin.com.intellij.concurrency.JobLauncher                       : loaded 2 times (x 73B)
Class org.jetbrains.kotlin.com.google.common.collect.SetMultimap                      : loaded 2 times (x 72B)
Class org.jetbrains.kotlin.it.unimi.dsi.fastutil.ints.IntSet                          : loaded 2 times (x 72B)
Class kotlin.reflect.jvm.internal.KClassImpl                                          : loaded 2 times (x 117B)
Class kotlin.jvm.functions.Function0                                                  : loaded 2 times (x 72B)
Class kotlin.collections.ArraysUtilJVM                                                : loaded 2 times (x 73B)
Class org.jetbrains.kotlin.fir.analysis.checkers.type.FirOptInUsageTypeRefChecker     : loaded 2 times (x 78B)
Class org.gradle.internal.Cast                                                        : loaded 2 times (x 73B)
Class org.gradle.api.Action                                                           : loaded 2 times (x 72B)
Class org.jetbrains.kotlin.diagnostics.PositioningStrategies$IF_EXPRESSION$1          : loaded 2 times (x 76B)
Class org.jetbrains.kotlin.diagnostics.PositioningStrategies$WHEN_GUARD$1             : loaded 2 times (x 76B)
Class org.jetbrains.kotlin.diagnostics.LightTreePositioningStrategies$DOT_BY_QUALIFIED$1: loaded 2 times (x 76B)
Class org.jetbrains.kotlin.types.TypeApproximatorConfiguration$IntermediateApproximationToSupertypeAfterCompletionInK2: loaded 2 times (x 90B)
Class org.jetbrains.kotlin.fir.types.ConeTypePreparator                               : loaded 2 times (x 75B)
Class org.jetbrains.kotlin.fir.resolve.calls.stages.ResolutionStageRunner$processCandidate$2: loaded 2 times (x 78B)
Class org.jetbrains.kotlin.fir.expressions.builder.FirResolvedQualifierBuilder        : loaded 2 times (x 114B)
Class [Lorg.jetbrains.kotlin.fir.resolve.dfa.cfg.ControlFlowGraph;                    : loaded 2 times (x 71B)
Class org.jetbrains.kotlin.fir.resolve.dfa.cfg.ControlFlowGraph                       : loaded 2 times (x 74B)
Class org.jetbrains.kotlin.parsing.ParseUtilsKt                                       : loaded 2 times (x 73B)
Class org.jetbrains.kotlin.fir.declarations.impl.FirResolvedDeclarationStatusImpl     : loaded 2 times (x 196B)
Class org.jetbrains.kotlin.fir.IsNewPlaceForBodyGeneration                            : loaded 2 times (x 73B)
Class org.jetbrains.kotlin.fir.declarations.builder.FirAbstractConstructorBuilder     : loaded 2 times (x 72B)
Class [Lorg.jetbrains.kotlin.fir.declarations.FirPropertyBodyResolveState;            : loaded 2 times (x 71B)
Class org.jetbrains.kotlin.fir.expressions.FirAnnotationResolvePhase                  : loaded 2 times (x 81B)
Class org.jetbrains.kotlin.fir.impl.FirPackageDirectiveImpl                           : loaded 2 times (x 91B)
Class org.jetbrains.kotlin.fir.expressions.FirJump                                    : loaded 2 times (x 119B)
Class org.jetbrains.kotlin.mpp.ConstructorSymbolMarker                                : loaded 2 times (x 72B)
Class org.jetbrains.kotlin.fir.types.FirTypeUtilsKt                                   : loaded 2 times (x 73B)
Class org.jetbrains.kotlin.mpp.SimpleFunctionSymbolMarker                             : loaded 2 times (x 72B)
Class org.jetbrains.kotlin.fir.types.impl.FirImplicitLongTypeRef                      : loaded 2 times (x 108B)
Class org.jetbrains.kotlin.resolve.OverridingUtil                                     : loaded 2 times (x 78B)
Class kotlin.properties.ReadWriteProperty                                             : loaded 2 times (x 72B)
Class org.jetbrains.kotlin.descriptors.impl.ModuleDescriptorImpl                      : loaded 2 times (x 118B)
Class org.jetbrains.kotlin.protobuf.CodedOutputStream                                 : loaded 2 times (x 74B)
Class org.jetbrains.kotlin.metadata.ProtoBuf$Annotation                               : loaded 2 times (x 111B)
Class org.jetbrains.kotlin.storage.DefaultSimpleLock                                  : loaded 2 times (x 80B)
Class org.jetbrains.kotlin.library.impl.MetadataLibraryAccess                         : loaded 2 times (x 75B)
Class org.jetbrains.kotlin.psi.KtNameReferenceExpression$Companion                    : loaded 2 times (x 73B)
Class org.jetbrains.kotlin.com.intellij.lang.impl.MarkerProduction                    : loaded 2 times (x 360B)
Class org.jetbrains.kotlin.psi.KtOperationReferenceExpression                         : loaded 2 times (x 571B)
Class org.jetbrains.kotlin.com.intellij.psi.TokenType                                 : loaded 2 times (x 72B)
Class org.jetbrains.kotlin.psi.KtConstantExpression                                   : loaded 2 times (x 506B)
Class org.jetbrains.kotlin.psi.KtValueArgumentList                                    : loaded 2 times (x 454B)
Class org.jetbrains.kotlin.psi.stubs.KotlinAnnotationEntryStub                        : loaded 2 times (x 72B)
Class org.jetbrains.kotlin.fir.extensions.FirTypeAttributeExtension                   : loaded 2 times (x 79B)
Class org.jetbrains.kotlin.cli.common.extensions.ReplFactoryExtension$Companion       : loaded 2 times (x 74B)
Class org.jetbrains.kotlin.cli.jvm.compiler.jarfs.FastJarFileSystemKt                 : loaded 2 times (x 73B)
Class org.jetbrains.kotlin.com.intellij.psi.PsiImportStatementBase                    : loaded 2 times (x 72B)
Class org.jetbrains.kotlin.com.intellij.psi.PsiReference                              : loaded 2 times (x 72B)
Class org.jetbrains.kotlin.com.fasterxml.aalto.in.FixedNsContext                      : loaded 2 times (x 79B)
Class kotlinx.coroutines.CompletedExceptionally                                       : loaded 2 times (x 74B)
Class kotlin.coroutines.AbstractCoroutineContextKey                                   : loaded 2 times (x 74B)
Class org.jetbrains.kotlin.com.intellij.psi.augment.PsiAugmentProvider                : loaded 2 times (x 81B)
Class org.jetbrains.kotlin.kotlinx.collections.immutable.PersistentSet                : loaded 2 times (x 72B)
Class org.jetbrains.kotlin.com.intellij.util.Java11Shim$Companion                     : loaded 2 times (x 73B)
Class org.jetbrains.kotlin.com.intellij.psi.impl.source.tree.LeafPsiElement           : loaded 2 times (x 323B)
Class org.jetbrains.kotlin.com.intellij.lang.DefaultASTFactoryImpl                    : loaded 2 times (x 80B)
Class org.jetbrains.kotlin.com.intellij.openapi.extensions.impl.ExtensionComponentAdapter: loaded 2 times (x 82B)
Class org.jetbrains.kotlin.compiler.plugin.CompilerPluginRegistrar                    : loaded 2 times (x 75B)
Class kotlin.collections.AbstractMutableList                                          : loaded 2 times (x 208B)
Class org.jetbrains.kotlin.cli.common.messages.GradleStyleMessageRenderer             : loaded 2 times (x 80B)
Class kotlin.jvm.functions.Function1                                                  : loaded 2 times (x 72B)
Class jdk.internal.jimage.decompressor.ZipDecompressor                                : loaded 2 times (x 77B)
Class com.google.common.collect.Sets                                                  : loaded 2 times (x 73B)
Class org.objectweb.asm.Handler                                                       : loaded 2 times (x 74B)
Class com.google.common.base.Ticker                                                   : loaded 2 times (x 74B)
Class com.google.common.base.Strings                                                  : loaded 2 times (x 73B)
Class com.google.common.base.CharMatcher$FastMatcher                                  : loaded 2 times (x 113B)
Class org.jetbrains.kotlin.diagnostics.LightTreePositioningStrategies$NAME_IDENTIFIER$1: loaded 2 times (x 76B)
Class org.jetbrains.kotlin.diagnostics.LightTreePositioningStrategies$InlineFunLightTreePositioningStrategy: loaded 2 times (x 77B)
Class org.jetbrains.kotlin.fir.analysis.checkers.context.CheckerContext               : loaded 2 times (x 97B)
Class org.jetbrains.kotlin.fir.analysis.collectors.components.AbstractDiagnosticCollectorComponent: loaded 2 times (x 230B)
Class org.jetbrains.kotlin.fir.resolve.calls.ResolutionDiagnosticKt                   : loaded 2 times (x 73B)
Class org.jetbrains.kotlin.fir.resolve.calls.stages.ConstraintSystemForks             : loaded 2 times (x 74B)
Class org.jetbrains.kotlin.fir.resolve.dfa.Flow                                       : loaded 2 times (x 76B)
Class org.jetbrains.kotlin.fir.declarations.FirOuterClassTypeParameterRef             : loaded 2 times (x 98B)
Class org.jetbrains.kotlin.fir.declarations.FirVersionRequirementsTableKey            : loaded 2 times (x 73B)
Class org.jetbrains.kotlin.fir.resolve.calls.tower.TowerGroupKind$WithDepth           : loaded 2 times (x 78B)
Class [Lorg.jetbrains.kotlin.fir.resolve.dfa.cfg.SplitPostponedLambdasNode;           : loaded 2 times (x 71B)
Class org.jetbrains.kotlin.fir.declarations.impl.FirDefaultPropertySetter             : loaded 2 times (x 237B)
Class org.jetbrains.kotlin.KtFakeSourceElementKind$ImplicitUnit                       : loaded 2 times (x 74B)
Class org.jetbrains.kotlin.fir.expressions.impl.FirCallableReferenceAccessImpl        : loaded 2 times (x 165B)
Class org.jetbrains.kotlin.types.ConstantValueKind                                    : loaded 2 times (x 74B)
Class org.jetbrains.kotlin.fir.resolve.providers.impl.FirProviderImpl$FirRecorder$registerCallable$1: loaded 2 times (x 76B)
Class org.jetbrains.kotlin.fir.declarations.FirResolveState                           : loaded 2 times (x 74B)
Class org.jetbrains.kotlin.fir.analysis.checkers.expression.FirStandaloneQualifierChecker: loaded 2 times (x 78B)
Class org.jetbrains.kotlin.fir.analysis.checkers.declaration.FirObjectConstructorChecker: loaded 2 times (x 78B)
Class org.jetbrains.kotlin.fir.declarations.FirContractDescriptionOwner               : loaded 2 times (x 72B)
Class [Lorg.jetbrains.kotlin.fir.analysis.checkers.FirCheckerWithMppKind;             : loaded 2 times (x 71B)
Class org.jetbrains.kotlin.fir.extensions.FirFunctionTypeKindExtension$FunctionTypeKindRegistrar: loaded 2 times (x 72B)
Class org.jetbrains.kotlin.fir.scopes.impl.FirIntersectionOverrideStorage$special$$inlined$createCache$1: loaded 2 times (x 77B)
Class org.jetbrains.kotlin.types.model.TypeSystemTypeFactoryContext                   : loaded 2 times (x 72B)
Class org.jetbrains.kotlin.fir.types.impl.FirImplicitCharSequenceTypeRef              : loaded 2 times (x 108B)
Class org.jetbrains.kotlin.fir.types.CompilerConeAttributes$ExtensionFunctionType     : loaded 2 times (x 81B)
Class org.jetbrains.kotlin.util.AbstractArrayMapOwner                                 : loaded 2 times (x 83B)
Class org.jetbrains.kotlin.load.java.ErasedOverridabilityCondition                    : loaded 2 times (x 77B)
Class org.jetbrains.kotlin.descriptors.NotFoundClasses$ClassRequest                   : loaded 2 times (x 74B)
Class org.jetbrains.kotlin.psi.KtArrayAccessExpression                                : loaded 2 times (x 507B)
Class org.jetbrains.kotlin.psi.KtFunctionTypeReceiver                                 : loaded 2 times (x 446B)
Class [Lorg.jetbrains.kotlin.psi.KtNullableType;                                      : loaded 2 times (x 71B)
Class [Lorg.jetbrains.kotlin.com.intellij.openapi.editor.event.DocumentListener;      : loaded 2 times (x 71B)
Class org.jetbrains.kotlin.com.intellij.ide.plugins.RawPluginDescriptor               : loaded 2 times (x 74B)
Class org.jetbrains.kotlin.org.codehaus.stax2.XMLStreamReader2                        : loaded 2 times (x 72B)
Class org.jetbrains.kotlin.com.intellij.psi.PsiReferenceService                       : loaded 2 times (x 75B)
Class [Lorg.jetbrains.kotlin.platform.wasm.WasmTarget;                                : loaded 2 times (x 71B)
Class org.jetbrains.kotlin.com.intellij.openapi.util.ObjectNode$NodeChildren          : loaded 2 times (x 72B)
Class org.jetbrains.kotlin.utils.DFS                                                  : loaded 2 times (x 73B)
Class kotlin.jvm.functions.Function2                                                  : loaded 2 times (x 72B)
Class kotlin.jvm.internal.markers.KMutableIterator                                    : loaded 2 times (x 72B)
Class [Lcom.google.common.cache.LocalCache$Segment;                                   : loaded 2 times (x 71B)
Class [Lcom.google.common.cache.LocalCache$Strength;                                  : loaded 2 times (x 71B)
Class com.google.common.cache.CacheBuilder$1                                          : loaded 2 times (x 87B)
Class com.google.common.collect.ImmutableMap                                          : loaded 2 times (x 122B)
Class com.google.common.base.Predicate                                                : loaded 2 times (x 72B)
Class org.gradle.internal.classpath.DefaultClassPath$ImmutableUniqueList$Builder      : loaded 2 times (x 77B)
Class org.jetbrains.kotlin.fir.analysis.checkers.FirPlatformUpperBoundsProvider       : loaded 2 times (x 72B)
Class org.jetbrains.kotlin.fir.declarations.FirDeclarationOrigin$ScriptCustomization$ResultProperty: loaded 2 times (x 74B)
Class org.jetbrains.kotlin.diagnostics.SourceElementPositioningStrategies             : loaded 2 times (x 73B)
Class org.jetbrains.kotlin.fir.declarations.FirDeprecationInfo                        : loaded 2 times (x 81B)
Class org.jetbrains.kotlin.fir.resolve.calls.FirSyntheticPropertiesScope$Companion    : loaded 2 times (x 73B)
Class org.jetbrains.kotlin.fir.resolve.calls.FirSyntheticPropertiesScope              : loaded 2 times (x 82B)
Class org.jetbrains.kotlin.fir.resolve.calls.ArgumentTypeMismatch                     : loaded 2 times (x 74B)
Class org.jetbrains.kotlin.fir.resolve.calls.stages.CheckDslScopeViolation            : loaded 2 times (x 74B)
Class org.jetbrains.kotlin.fir.resolve.calls.candidate.CallKind                       : loaded 2 times (x 74B)
Class org.jetbrains.kotlin.fir.resolve.ScopeUtilsKt$special$$inlined$scopeSessionKey$1: loaded 2 times (x 73B)
Class org.jetbrains.kotlin.serialization.deserialization.ProtoEnumFlags               : loaded 2 times (x 73B)
Class org.jetbrains.kotlin.metadata.ProtoBuf$QualifiedNameTable$QualifiedName$Kind$1  : loaded 2 times (x 76B)
Class org.jetbrains.kotlin.fir.resolve.calls.ResolutionContext                        : loaded 2 times (x 74B)
Class [Lorg.jetbrains.kotlin.fir.resolve.dfa.cfg.ElvisExitNode;                       : loaded 2 times (x 71B)
Class org.jetbrains.kotlin.fir.pipeline.AnalyseKt                                     : loaded 2 times (x 73B)
Class org.jetbrains.kotlin.fir.expressions.impl.FirUnitExpression                     : loaded 2 times (x 118B)
Class org.jetbrains.kotlin.fir.FirTarget                                              : loaded 2 times (x 72B)
Class org.jetbrains.kotlin.fir.declarations.builder.FirRegularClassBuilder            : loaded 2 times (x 159B)
Class org.jetbrains.kotlin.fir.expressions.builder.FirQualifiedAccessExpressionBuilder: loaded 2 times (x 72B)
Class org.jetbrains.kotlin.utils.exceptions.KotlinExceptionWithAttachments            : loaded 2 times (x 72B)
Class org.jetbrains.kotlin.fir.analysis.checkers.expression.FirDataClassCopyUsageWillBecomeInaccessibleChecker: loaded 2 times (x 78B)
Class org.jetbrains.kotlin.fir.resolve.ScopeSession                                   : loaded 2 times (x 74B)
Class org.jetbrains.kotlin.com.intellij.psi.impl.source.SourceTreeToPsiMap            : loaded 2 times (x 73B)
Class org.jetbrains.kotlin.com.google.common.collect.ImmutableSet                     : loaded 2 times (x 147B)
Class org.jetbrains.kotlin.parsing.KotlinParsing                                      : loaded 2 times (x 126B)
Class [Lorg.jetbrains.kotlin.lexer.KtSingleValueToken;                                : loaded 2 times (x 71B)
Class org.jetbrains.kotlin.psi.KtTypeParameterListOwnerNotStubbed                     : loaded 2 times (x 928B)
Class org.jetbrains.kotlin.com.intellij.openapi.editor.impl.LockFreeCOWSortedArray    : loaded 2 times (x 76B)
Class org.jetbrains.kotlin.psi.KtTypeElement                                          : loaded 2 times (x 72B)
Class org.jetbrains.kotlin.psi.KtDeclarationWithBody                                  : loaded 2 times (x 72B)
Class org.jetbrains.kotlin.psi.KtCallableDeclaration                                  : loaded 2 times (x 72B)
Class kotlin.io.FileTreeWalk$WalkState                                                : loaded 2 times (x 75B)
Class org.jetbrains.kotlin.protobuf.Internal$EnumLite                                 : loaded 2 times (x 72B)
Class org.jetbrains.kotlin.extensions.internal.TypeResolutionInterceptorExtension     : loaded 2 times (x 72B)
Class org.jetbrains.kotlin.com.intellij.core.JavaPsiBundle                            : loaded 2 times (x 73B)
Class [Lorg.jetbrains.kotlin.com.intellij.psi.PsiAnnotation;                          : loaded 2 times (x 71B)
Class org.jetbrains.kotlin.com.intellij.psi.PsiQualifiedReference                     : loaded 2 times (x 72B)
Class org.jetbrains.kotlin.com.fasterxml.aalto.util.NameTable                         : loaded 2 times (x 73B)
Class kotlinx.coroutines.CoroutineStart                                               : loaded 2 times (x 81B)
Class org.jetbrains.kotlin.com.intellij.psi.util.MethodSignature                      : loaded 2 times (x 72B)
Class org.jetbrains.kotlin.com.intellij.lang.jvm.JvmParameter                         : loaded 2 times (x 72B)
Class org.jetbrains.kotlin.com.intellij.openapi.util.ModificationTracker$1            : loaded 2 times (x 77B)
Class org.jetbrains.kotlin.com.intellij.psi.stubs.StubElement                         : loaded 2 times (x 72B)
Class org.jetbrains.kotlin.com.intellij.openapi.command.CommandToken                  : loaded 2 times (x 72B)
Class org.jetbrains.kotlin.com.intellij.openapi.extensions.DefaultPluginDescriptor    : loaded 2 times (x 87B)
Class org.jetbrains.kotlin.com.intellij.util.ArrayUtil                                : loaded 2 times (x 73B)
Class org.jetbrains.kotlin.com.intellij.util.containers.RefHashMap$HardKey            : loaded 2 times (x 79B)
Class kotlin.jvm.functions.Function3                                                  : loaded 2 times (x 72B)
Class kotlin.reflect.jvm.internal.KDeclarationContainerImpl$Data                      : loaded 2 times (x 74B)
Class org.jetbrains.kotlin.com.google.common.collect.SortedMapDifference              : loaded 2 times (x 72B)
Class kotlin.collections.MapsKt___MapsJvmKt                                           : loaded 2 times (x 73B)
Class com.google.common.collect.AbstractRangeSet                                      : loaded 2 times (x 116B)
Class com.google.common.cache.LocalCache                                              : loaded 2 times (x 188B)
Class com.google.common.cache.CacheBuilder$2                                          : loaded 2 times (x 74B)
Class com.google.common.base.CharMatcher$NegatedFastMatcher                           : loaded 2 times (x 115B)
Class org.jetbrains.kotlin.diagnostics.PositioningStrategies$RECEIVER$1               : loaded 2 times (x 77B)
Class org.jetbrains.kotlin.resolve.calls.model.PostponedAtomWithRevisableExpectedType : loaded 2 times (x 72B)
Class org.jetbrains.kotlin.fir.resolve.dfa.cfg.ClassExitNode                          : loaded 2 times (x 86B)
Class org.jetbrains.kotlin.fir.resolve.transformers.ExpectedArgumentType$ArgumentsMap : loaded 2 times (x 74B)
Class org.jetbrains.kotlin.resolve.calls.inference.model.ArgumentConstraintPosition   : loaded 2 times (x 74B)
Class org.jetbrains.kotlin.fir.types.CompilerConeAttributes$ContextFunctionTypeParams : loaded 2 times (x 82B)
Class org.jetbrains.kotlin.protobuf.RopeByteString                                    : loaded 2 times (x 112B)
Class org.jetbrains.kotlin.fir.declarations.DeprecationAnnotationInfoPerUseSiteStorageBuilder: loaded 2 times (x 74B)
Class org.jetbrains.kotlin.fir.scopes.impl.FirAbstractImportingScope                  : loaded 2 times (x 81B)
Class [Lorg.jetbrains.kotlin.fir.resolve.dfa.cfg.FinallyBlockEnterNode;               : loaded 2 times (x 71B)
Class org.jetbrains.kotlin.fir.resolve.dfa.cfg.ControlFlowGraphBuilder$PostponedLambdas: loaded 2 times (x 74B)
Class org.jetbrains.kotlin.fir.FirLabel                                               : loaded 2 times (x 90B)
Class org.jetbrains.kotlin.fir.symbols.impl.FirDelegateFieldSymbol                    : loaded 2 times (x 77B)
Class org.jetbrains.kotlin.types.expressions.OperatorConventions                      : loaded 2 times (x 73B)
Class org.jetbrains.kotlin.fir.analysis.checkers.type.FirArrayOfNothingTypeChecker    : loaded 2 times (x 78B)
Class org.jetbrains.kotlin.fir.analysis.cfa.AbstractFirPropertyInitializationChecker  : loaded 2 times (x 78B)
Class org.jetbrains.kotlin.fir.analysis.checkers.syntax.FirLocalVariableTypeParametersSyntaxChecker: loaded 2 times (x 90B)
Class org.jetbrains.kotlin.diagnostics.DiagnosticSink                                 : loaded 2 times (x 72B)
Class org.jetbrains.kotlin.fir.types.ConeFlexibleType                                 : loaded 2 times (x 81B)
Class org.jetbrains.kotlin.fir.scopes.impl.FirDynamicMembersStorage                   : loaded 2 times (x 74B)
Class org.jetbrains.kotlin.resolve.calls.inference.components.VariableFixationFinder  : loaded 2 times (x 74B)
Class org.jetbrains.kotlin.fir.declarations.SealedClassInheritorsProvider             : loaded 2 times (x 74B)
Class org.jetbrains.kotlin.fir.FirSession$Kind                                        : loaded 2 times (x 81B)
Class org.jetbrains.kotlin.resolve.sam.SamConversionResolverImpl                      : loaded 2 times (x 77B)
Class org.jetbrains.kotlin.renderer.DescriptorRendererOptionsImpl$property$$inlined$vetoable$1: loaded 2 times (x 85B)
Class org.jetbrains.kotlin.konan.target.KonanTarget$ANDROID_X64                       : loaded 2 times (x 80B)
Class org.jetbrains.kotlin.com.intellij.lang.impl.PsiBuilderImpl$Token                : loaded 2 times (x 93B)
Class org.jetbrains.kotlin.psi.KtLabeledExpression                                    : loaded 2 times (x 556B)
Class org.jetbrains.kotlin.it.unimi.dsi.fastutil.longs.LongIterable                   : loaded 2 times (x 72B)
Class org.jetbrains.kotlin.psi.KtImportInfo                                           : loaded 2 times (x 72B)
Class [Lorg.jetbrains.kotlin.psi.KtObjectDeclaration;                                 : loaded 2 times (x 71B)
Class org.jetbrains.kotlin.com.intellij.psi.stubs.IStubElementType                    : loaded 2 times (x 98B)
Class org.jetbrains.kotlin.cli.jvm.compiler.MockExternalAnnotationsManager            : loaded 2 times (x 89B)
Class kotlinx.coroutines.CoroutineId                                                  : loaded 2 times (x 95B)
Class kotlinx.coroutines.EventLoopImplBase                                            : loaded 2 times (x 118B)
Class org.jetbrains.kotlin.com.intellij.psi.codeStyle.JavaFileCodeStyleFacadeFactory  : loaded 2 times (x 72B)
Class org.jetbrains.kotlin.com.intellij.lang.jvm.JvmAnnotatedElement                  : loaded 2 times (x 72B)
Class org.jetbrains.kotlin.com.intellij.psi.impl.source.javadoc.PsiDocTokenImpl       : loaded 2 times (x 380B)
Class org.jetbrains.kotlin.com.intellij.psi.impl.source.CodeFragmentElement           : loaded 2 times (x 265B)
Class org.jetbrains.kotlin.com.intellij.lang.FileASTNode                              : loaded 2 times (x 72B)
Class org.jetbrains.kotlin.com.intellij.openapi.vfs.encoding.EncodingRegistry         : loaded 2 times (x 76B)
Class org.jetbrains.kotlin.com.intellij.serviceContainer.BaseKeyedLazyInstance        : loaded 2 times (x 80B)
Class kotlin.reflect.jvm.internal.impl.builtins.PrimitiveType$Companion               : loaded 2 times (x 73B)
Class kotlin.jvm.functions.Function4                                                  : loaded 2 times (x 72B)
Class kotlin.reflect.jvm.internal.KClassImpl$Data                                     : loaded 2 times (x 74B)
Class org.jetbrains.kotlin.fir.declarations.impl.FirResolvedDeclarationStatusImpl$Companion: loaded 2 times (x 73B)
Class kotlin.text.MatcherMatchResult                                                  : loaded 2 times (x 82B)
Class kotlin.annotation.Target                                                        : loaded 2 times (x 72B)
Class kotlin.collections.EmptySet                                                     : loaded 2 times (x 124B)
Class kotlin.collections.CollectionsKt___CollectionsKt                                : loaded 2 times (x 73B)
Class [Lcom.google.common.collect.AbstractMapEntry;                                   : loaded 2 times (x 71B)
Class com.google.common.collect.ImmutableEntry                                        : loaded 2 times (x 84B)
Class com.google.common.collect.ArrayListMultimap                                     : loaded 2 times (x 173B)
Class org.gradle.api.GradleException                                                  : loaded 2 times (x 84B)
Class org.jetbrains.kotlin.diagnostics.PositioningStrategies$OPERATOR$1               : loaded 2 times (x 76B)
Class org.jetbrains.kotlin.fir.analysis.collectors.components.ControlFlowAnalysisDiagnosticComponent$WhenMappings: loaded 2 times (x 73B)
Class [Lorg.jetbrains.kotlin.fir.declarations.FirRegularClass;                        : loaded 2 times (x 71B)
Class org.jetbrains.kotlin.fir.resolve.calls.ConeResolvedLambdaAtom                   : loaded 2 times (x 89B)
Class org.jetbrains.kotlin.fir.resolve.calls.candidate.CheckerSinkImpl                : loaded 2 times (x 77B)
Class org.jetbrains.kotlin.resolve.multiplatform.ExpectActualMatchingCompatibility$MatchedSuccessfully: loaded 2 times (x 73B)
Class org.jetbrains.kotlin.fir.scopes.PlatformSpecificOverridabilityRules             : loaded 2 times (x 72B)
Class org.jetbrains.kotlin.fir.types.CustomAnnotationTypeAttributeKt                  : loaded 2 times (x 73B)
Class org.jetbrains.kotlin.util.WeakPairKt                                            : loaded 2 times (x 73B)
Class org.jetbrains.kotlin.fir.FirImportTrackerComponentKt                            : loaded 2 times (x 73B)
Class org.jetbrains.kotlin.fir.scopes.ImportingScopesKt$special$$inlined$scopeSessionKey$1: loaded 2 times (x 73B)
Class org.jetbrains.kotlin.fir.resolve.calls.tower.TowerGroupKind$Companion           : loaded 2 times (x 73B)
Class org.jetbrains.kotlin.com.intellij.util.text.LiteralFormatUtil                   : loaded 2 times (x 73B)
Class org.jetbrains.kotlin.com.google.common.collect.ImmutableAsList                  : loaded 2 times (x 211B)
Class org.jetbrains.kotlin.fir.expressions.builder.FirConstExpressionBuilderKt        : loaded 2 times (x 73B)
Class org.jetbrains.kotlin.fir.declarations.impl.FirValueParameterImpl                : loaded 2 times (x 205B)
Class org.jetbrains.kotlin.fir.FirAbstractTarget                                      : loaded 2 times (x 83B)
Class org.jetbrains.kotlin.fir.expressions.FirFunctionCall                            : loaded 2 times (x 180B)
Class org.jetbrains.kotlin.fir.analysis.checkers.declaration.FirTopLevelPropertiesChecker: loaded 2 times (x 78B)
Class org.jetbrains.kotlin.fir.symbols.impl.FirTypeAliasSymbol                        : loaded 2 times (x 82B)
Class kotlin.annotation.Retention                                                     : loaded 2 times (x 72B)
Class org.jetbrains.kotlin.fir.MutableOrEmptyList$Companion                           : loaded 2 times (x 73B)
Class org.jetbrains.kotlin.types.model.FlexibleTypeMarker                             : loaded 2 times (x 72B)
Class org.jetbrains.kotlin.fir.declarations.FirClass                                  : loaded 2 times (x 164B)
Class org.jetbrains.kotlin.fir.resolve.providers.FirSymbolProvider                    : loaded 2 times (x 83B)
Class org.jetbrains.kotlin.descriptors.Substitutable                                  : loaded 2 times (x 72B)
Class org.jetbrains.kotlin.types.model.TypeArgumentListMarker                         : loaded 2 times (x 72B)
Class org.jetbrains.kotlin.com.intellij.lang.WhitespacesAndCommentsBinder             : loaded 2 times (x 72B)
Class org.jetbrains.kotlin.it.unimi.dsi.fastutil.ints.IntArrayList                    : loaded 2 times (x 360B)
Class org.jetbrains.kotlin.com.intellij.lang.PsiBuilder$Marker                        : loaded 2 times (x 72B)
Class org.jetbrains.kotlin.com.intellij.util.diff.ShallowNodeComparator               : loaded 2 times (x 72B)
Class org.jetbrains.kotlin.com.intellij.util.diff.DiffTreeChangeBuilder               : loaded 2 times (x 72B)
Class org.jetbrains.kotlin.psi.KtAnnotatedExpression                                  : loaded 2 times (x 566B)
Class org.jetbrains.kotlin.psi.KtParenthesizedExpression                              : loaded 2 times (x 440B)
Class org.jetbrains.kotlin.com.intellij.openapi.vfs.VirtualFileWithId                 : loaded 2 times (x 72B)
Class org.jetbrains.kotlin.cli.jvm.modules.CliJavaModuleFinder$systemModules$1        : loaded 2 times (x 127B)
Class [Lorg.jetbrains.kotlin.psi.KtConstantExpression;                                : loaded 2 times (x 71B)
Class [Lorg.jetbrains.kotlin.psi.KtConstructor;                                       : loaded 2 times (x 71B)
Class org.jetbrains.kotlin.psi.stubs.elements.KtTypeAliasElementType                  : loaded 2 times (x 102B)
Class [Lorg.jetbrains.kotlin.psi.KtPropertyAccessor;                                  : loaded 2 times (x 71B)
Class [Lorg.jetbrains.kotlin.psi.KtClassOrObject;                                     : loaded 2 times (x 71B)
Class [Lorg.jetbrains.kotlin.com.intellij.extapi.psi.StubBasedPsiElementBase;         : loaded 2 times (x 71B)
Class org.jetbrains.kotlin.com.intellij.psi.PsiLargeFile                              : loaded 2 times (x 72B)
Class org.jetbrains.kotlin.com.intellij.psi.AbstractFileViewProvider$Content          : loaded 2 times (x 72B)
Class org.jetbrains.kotlin.com.intellij.psi.PsiModifierList                           : loaded 2 times (x 72B)
Class org.jetbrains.kotlin.com.intellij.util.containers.ConcurrentWeakKeySoftValueHashMap$HardKey: loaded 2 times (x 83B)
Class org.jetbrains.kotlin.com.intellij.psi.impl.source.BasicJavaDummyElement         : loaded 2 times (x 269B)
Class org.jetbrains.kotlin.com.intellij.psi.search.ProjectAwareFileFilter             : loaded 2 times (x 72B)
Class org.jetbrains.kotlin.com.intellij.psi.impl.PsiDocumentManagerBase               : loaded 2 times (x 135B)
Class org.jetbrains.kotlin.load.kotlin.KotlinBinaryClassCache$Companion               : loaded 2 times (x 73B)
Class org.jetbrains.kotlin.com.intellij.psi.PsiWhiteSpace                             : loaded 2 times (x 72B)
Class org.jetbrains.kotlin.kotlinx.collections.immutable.PersistentCollection         : loaded 2 times (x 72B)
Class kotlin.collections.AbstractMap$Companion                                        : loaded 2 times (x 73B)
Class org.jetbrains.kotlin.com.intellij.openapi.vfs.impl.VirtualFileManagerImpl       : loaded 2 times (x 91B)
Class kotlin.jvm.functions.Function5                                                  : loaded 2 times (x 72B)
Class org.jetbrains.kotlin.com.intellij.util.ArrayUtilRt                              : loaded 2 times (x 73B)
Class org.jetbrains.kotlin.config.AnalysisFlag$Delegate                               : loaded 2 times (x 77B)
Class kotlin.text.StringsKt___StringsJvmKt                                            : loaded 2 times (x 73B)
Class kotlin.reflect.KDeclarationContainer                                            : loaded 2 times (x 72B)
Class org.jetbrains.kotlin.metadata.deserialization.BinaryVersion                     : loaded 2 times (x 76B)
Class jdk.internal.jimage.ImageStrings                                                : loaded 2 times (x 72B)
Class com.google.common.collect.CollectPreconditions                                  : loaded 2 times (x 73B)
Class org.jetbrains.kotlin.fir.scopes.impl.FirTypeIntersectionScopeContext$ResultOfIntersection: loaded 2 times (x 75B)
Class [Lorg.jetbrains.kotlin.fir.declarations.utils.FirScriptCustomizationKind;       : loaded 2 times (x 71B)
Class org.jetbrains.kotlin.resolve.calls.inference.ConstraintSystemBuilderKt          : loaded 2 times (x 73B)
Class org.jetbrains.kotlin.fir.resolve.calls.stages.LowerPriorityIfDynamic            : loaded 2 times (x 74B)
Class org.jetbrains.kotlin.metadata.ProtoBuf$Type$Argument$Projection                 : loaded 2 times (x 84B)
Class org.jetbrains.kotlin.fir.scopes.ImportingScopesKt$special$$inlined$scopeSessionKey$2: loaded 2 times (x 73B)
Class org.jetbrains.kotlin.fir.declarations.impl.FirResolvedImportImpl                : loaded 2 times (x 99B)
Class org.jetbrains.kotlin.fir.visitors.FirTransformer                                : loaded 2 times (x 381B)
Class org.jetbrains.kotlin.fir.expressions.builder.FirAugmentedAssignmentBuilder      : loaded 2 times (x 80B)
Class org.jetbrains.kotlin.fir.analysis.checkers.expression.FirDeprecatedSmartCastChecker: loaded 2 times (x 78B)
Class org.jetbrains.kotlin.fir.extensions.FirScriptResolutionConfigurationExtension$Factory: loaded 2 times (x 72B)
Class org.jetbrains.kotlin.fir.extensions.FirExtensionSessionComponent$Factory        : loaded 2 times (x 72B)
Class org.jetbrains.kotlin.fir.scopes.impl.FirSubstitutionOverrideStorage$special$$inlined$createCache$1: loaded 2 times (x 77B)
Class org.jetbrains.kotlin.metadata.ProtoBuf$EnumEntry$1                              : loaded 2 times (x 146B)
Class org.jetbrains.kotlin.library.LenientUnresolvedLibrary                           : loaded 2 times (x 76B)
Class org.jetbrains.kotlin.psi.psiUtil.PsiUtilsKt$siblings$1                          : loaded 2 times (x 77B)
Class org.jetbrains.kotlin.com.intellij.lang.WhitespacesAndCommentsBinder$TokenTextGetter: loaded 2 times (x 72B)
Class org.jetbrains.kotlin.com.intellij.lang.impl.PsiBuilderImpl$ProductionMarker     : loaded 2 times (x 97B)
Class org.jetbrains.kotlin.psi.KtInstanceExpressionWithLabel                          : loaded 2 times (x 440B)
Class org.jetbrains.kotlin.psi.KtNamedDeclarationNotStubbed                           : loaded 2 times (x 846B)
Class org.jetbrains.kotlin.com.intellij.extapi.psi.ASTWrapperPsiElement               : loaded 2 times (x 308B)
Class org.jetbrains.kotlin.storage.NotNullLazyValue                                   : loaded 2 times (x 72B)
Class org.jetbrains.kotlin.psi.KtFileAnnotationList                                   : loaded 2 times (x 508B)
Class org.jetbrains.kotlin.psi.KtProperty                                             : loaded 2 times (x 1324B)
Class org.jetbrains.kotlin.com.intellij.psi.PsiAnnotationMemberValue                  : loaded 2 times (x 72B)
Class org.jetbrains.kotlin.com.intellij.lang.injection.InjectedLanguageManager        : loaded 2 times (x 81B)
Class org.jetbrains.kotlin.cli.jvm.compiler.KotlinCoreEnvironment$Companion$getOrCreateApplicationEnvironment$1$2: loaded 2 times (x 76B)
Class org.jetbrains.kotlin.com.intellij.pom.java.InternalPersistentJavaLanguageLevelReaderService: loaded 2 times (x 72B)
Class org.jetbrains.kotlin.com.fasterxml.aalto.in.PName                               : loaded 2 times (x 77B)
Class org.jetbrains.kotlin.com.intellij.ide.plugins.XmlReader                         : loaded 2 times (x 73B)
Class kotlinx.coroutines.Unconfined                                                   : loaded 2 times (x 101B)
Class kotlinx.coroutines.GlobalScope                                                  : loaded 2 times (x 76B)
Class org.jetbrains.kotlin.com.intellij.psi.compiled.ClsStubBuilder                   : loaded 2 times (x 75B)
Class org.jetbrains.kotlin.com.intellij.util.lang.CompoundRuntimeException            : loaded 2 times (x 84B)
Class org.jetbrains.kotlin.com.intellij.lang.LanguageASTFactory                       : loaded 2 times (x 98B)
Class org.jetbrains.kotlin.com.intellij.openapi.fileTypes.PlainTextLanguage           : loaded 2 times (x 109B)
Class org.jetbrains.kotlin.com.intellij.util.messages.MessageBusOwner                 : loaded 2 times (x 72B)
Class org.jetbrains.kotlin.org.picocontainer.PicoContainer                            : loaded 2 times (x 72B)
Class kotlin.io.FilesKt                                                               : loaded 2 times (x 73B)
Class kotlin.jvm.functions.Function6                                                  : loaded 2 times (x 72B)
Class kotlin.reflect.jvm.internal.KTypeParameterOwnerImpl                             : loaded 2 times (x 72B)
Class kotlin.collections.MapsKt___MapsKt                                              : loaded 2 times (x 73B)
Class kotlin.collections.ArraysKt___ArraysKt                                          : loaded 2 times (x 73B)
Class com.google.common.collect.SortedMapDifference                                   : loaded 2 times (x 72B)
Class org.jetbrains.kotlin.diagnostics.PositioningStrategies$SPREAD_OPERATOR$1        : loaded 2 times (x 76B)
Class org.jetbrains.kotlin.fir.resolve.inference.FirCallCompleter$WhenMappings        : loaded 2 times (x 73B)
Class org.jetbrains.kotlin.fir.resolve.dfa.cfg.EdgeKind$Companion                     : loaded 2 times (x 73B)
Class org.jetbrains.kotlin.fir.expressions.builder.FirAbstractResolvedQualifierBuilder: loaded 2 times (x 72B)
Class org.jetbrains.kotlin.fir.resolve.calls.tower.CandidateFactoriesAndCollectors    : loaded 2 times (x 74B)
Class org.jetbrains.kotlin.fir.resolve.calls.candidate.CallKind$VariableAccess        : loaded 2 times (x 74B)
Class org.jetbrains.kotlin.fir.resolve.calls.stages.CheckExtensionReceiver            : loaded 2 times (x 74B)
Class org.jetbrains.kotlin.fir.declarations.ExpectForActualAttributeKey               : loaded 2 times (x 73B)
Class org.jetbrains.kotlin.fir.declarations.FirField                                  : loaded 2 times (x 200B)
Class kotlin.collections.builders.MapBuilder$KeysItr                                  : loaded 2 times (x 83B)
Class kotlin.sequences.SequencesKt___SequencesKt$asIterable$$inlined$Iterable$1       : loaded 2 times (x 81B)
Class org.jetbrains.kotlin.fir.declarations.FirVersionRequirementsTableKeyKt          : loaded 2 times (x 73B)
Class org.jetbrains.kotlin.fir.scopes.ImportingScopesKt$special$$inlined$scopeSessionKey$3: loaded 2 times (x 73B)
Class org.jetbrains.kotlin.fir.resolve.transformers.contracts.FirContractResolveTransformerAdapter: loaded 2 times (x 382B)
Class org.jetbrains.kotlin.fir.FirExpectActualMatchingContext                         : loaded 2 times (x 72B)
Class [Lorg.jetbrains.kotlin.fir.FirElementWithResolveState;                          : loaded 2 times (x 71B)
Class org.jetbrains.kotlin.fir.declarations.builder.FirFunctionBuilder                : loaded 2 times (x 72B)
Class org.jetbrains.kotlin.fir.declarations.builder.FirTypeParameterRefsOwnerBuilder  : loaded 2 times (x 72B)
Class org.jetbrains.kotlin.fir.FirPackageDirective                                    : loaded 2 times (x 90B)
Class org.jetbrains.kotlin.fir.analysis.checkers.type.FirStarProjectionModifierChecker: loaded 2 times (x 78B)
Class org.jetbrains.kotlin.fir.expressions.FirErrorExpression                         : loaded 2 times (x 129B)
Class org.jetbrains.kotlin.fir.analysis.checkers.expression.FirCatchParameterChecker  : loaded 2 times (x 78B)
Class org.jetbrains.kotlin.fir.analysis.checkers.declaration.FirNotImplementedOverrideSimpleEnumEntryChecker$ForExpectClass: loaded 2 times (x 79B)
Class org.jetbrains.kotlin.fir.caches.FirThreadUnsafeCache                            : loaded 2 times (x 76B)
Class org.jetbrains.kotlin.fir.scopes.FirKotlinScopeProvider                          : loaded 2 times (x 78B)
Class org.jetbrains.kotlin.fir.DependencyListForCliModule$Companion                   : loaded 2 times (x 73B)
Class org.jetbrains.kotlin.storage.LockBasedStorageManager$CacheWithNullableValuesBasedOnMemoizedFunction$1: loaded 2 times (x 78B)
Class org.jetbrains.kotlin.parsing.AbstractTokenStreamPattern                         : loaded 2 times (x 85B)
Class [Lorg.jetbrains.kotlin.it.unimi.dsi.fastutil.objects.AbstractObject2ObjectFunction;: loaded 2 times (x 71B)
Class org.jetbrains.kotlin.psi.stubs.elements.KtPlaceHolderWithTextStubElementType    : loaded 2 times (x 102B)
Class org.jetbrains.kotlin.psi.stubs.elements.KtNameReferenceExpressionElementType    : loaded 2 times (x 105B)
Class org.jetbrains.kotlin.psi.stubs.elements.KtFunctionElementType                   : loaded 2 times (x 106B)
Class org.jetbrains.kotlin.psi.KtModifierListOwner                                    : loaded 2 times (x 72B)
Class org.jetbrains.kotlin.com.intellij.extapi.psi.StubBasedPsiElementBase            : loaded 2 times (x 317B)
Class org.jetbrains.kotlin.resolve.diagnostics.DiagnosticSuppressor$Companion         : loaded 2 times (x 74B)
Class org.jetbrains.kotlin.com.intellij.psi.controlFlow.ControlFlowFactory$1          : loaded 2 times (x 80B)
Class org.jetbrains.kotlin.com.intellij.openapi.util.RecursionManager                 : loaded 2 times (x 73B)
Class org.jetbrains.kotlin.com.intellij.openapi.extensions.ExtensionPointPriorityListener: loaded 2 times (x 72B)
Class org.jetbrains.kotlin.com.intellij.testFramework.LightVirtualFile                : loaded 2 times (x 171B)
Class kotlinx.coroutines.AbstractCoroutine                                            : loaded 2 times (x 146B)
Class org.jetbrains.kotlin.cli.jvm.compiler.IdeaExtensionPoints                       : loaded 2 times (x 73B)
Class org.jetbrains.kotlin.com.intellij.psi.presentation.java.PackagePresentationProvider: loaded 2 times (x 76B)
Class org.jetbrains.kotlin.kotlinx.collections.immutable.PersistentMap                : loaded 2 times (x 72B)
Class org.jetbrains.kotlin.com.intellij.openapi.extensions.BaseExtensionPointName     : loaded 2 times (x 74B)
Class kotlin.jvm.functions.Function7                                                  : loaded 2 times (x 72B)
Class kotlin.reflect.jvm.internal.impl.name.Name                                      : loaded 2 times (x 77B)
Class org.jetbrains.kotlin.com.google.common.collect.Maps$EntryTransformer            : loaded 2 times (x 72B)
Class kotlin.collections.MapsKt__MapWithDefaultKt                                     : loaded 2 times (x 73B)
Class kotlin.text.MatchGroupCollection                                                : loaded 2 times (x 72B)
Class com.google.common.cache.LocalCache$EntryFactory                                 : loaded 2 times (x 85B)
Class org.jetbrains.kotlin.fir.resolve.dfa.FirLocalVariableAssignmentAnalyzer$Companion$MiniCfgBuilder$MiniCfgData: loaded 2 times (x 74B)
Class org.jetbrains.kotlin.fir.resolve.calls.tower.TowerLevelsKt                      : loaded 2 times (x 73B)
Class org.jetbrains.kotlin.resolve.calls.inference.model.NewConstraintMismatch        : loaded 2 times (x 72B)
Class org.jetbrains.kotlin.fir.resolve.calls.stages.ArgumentCheckingProcessor         : loaded 2 times (x 73B)
Class org.jetbrains.kotlin.fir.resolve.calls.stages.CheckArgumentsKt                  : loaded 2 times (x 73B)
Class org.jetbrains.kotlin.fir.resolve.calls.candidate.CandidateFactory$Companion     : loaded 2 times (x 73B)
Class org.jetbrains.kotlin.fir.scopes.impl.FirEnumEntriesSupportKt                    : loaded 2 times (x 73B)
Class org.jetbrains.kotlin.types.ConstantValueKind$Byte                               : loaded 2 times (x 74B)
Class org.jetbrains.kotlin.fir.deserialization.ClassDeserializationKt$deserializeClassToSymbol$3$1: loaded 2 times (x 127B)
Class org.jetbrains.kotlin.fir.resolve.SupertypeUtilsKt$special$$inlined$scopeSessionKey$1: loaded 2 times (x 73B)
Class org.jetbrains.kotlin.fir.scopes.ImportingScopesKt$special$$inlined$scopeSessionKey$4: loaded 2 times (x 73B)
Class org.jetbrains.kotlin.fir.resolve.transformers.body.resolve.FirBodyResolveTransformerAdapter: loaded 2 times (x 382B)
Class org.jetbrains.kotlin.fir.expressions.builder.FirThisReceiverExpressionBuilder   : loaded 2 times (x 105B)
Class org.jetbrains.kotlin.fir.types.ConeStarProjection                               : loaded 2 times (x 74B)
Class org.jetbrains.kotlin.com.intellij.openapi.util.io.BufferExposingByteArrayInputStream: loaded 2 times (x 94B)
Class org.jetbrains.kotlin.fir.analysis.checkers.type.FirProjectionRelationChecker    : loaded 2 times (x 78B)
Class org.jetbrains.kotlin.fir.symbols.impl.FirPropertySymbol                         : loaded 2 times (x 81B)
Class org.jetbrains.kotlin.fir.analysis.checkers.declaration.FirKClassWithIncorrectTypeArgumentChecker: loaded 2 times (x 78B)
Class org.jetbrains.kotlin.fir.resolve.providers.impl.FirSyntheticFunctionInterfaceProviderBase$Companion: loaded 2 times (x 73B)
Class org.jetbrains.kotlin.fir.types.FirFunctionTypeKindService                       : loaded 2 times (x 78B)
Class [Lorg.jetbrains.kotlin.name.Name;                                               : loaded 2 times (x 71B)
Class org.jetbrains.kotlin.fir.types.ConeClassLikeType                                : loaded 2 times (x 82B)
Class org.jetbrains.kotlin.fir.resolve.providers.impl.FirSyntheticFunctionInterfaceProviderBase: loaded 2 times (x 86B)
Class org.jetbrains.kotlin.resolve.constants.IntegerValueConstant                     : loaded 2 times (x 78B)
Class org.jetbrains.kotlin.descriptors.ValueDescriptor                                : loaded 2 times (x 72B)
Class org.jetbrains.kotlin.konan.target.Family                                        : loaded 2 times (x 81B)
Class org.jetbrains.kotlin.storage.LockBasedStorageManager$LockBasedNotNullLazyValue  : loaded 2 times (x 94B)
Class org.jetbrains.kotlin.metadata.ProtoBuf$Contract                                 : loaded 2 times (x 109B)
Class org.jetbrains.kotlin.metadata.ProtoBuf$VersionRequirementTable$1                : loaded 2 times (x 146B)
Class org.jetbrains.kotlin.library.KotlinLibraryVersioningKt                          : loaded 2 times (x 73B)
Class [Lorg.jetbrains.kotlin.lexer.KtModifierKeywordToken;                            : loaded 2 times (x 71B)
Class org.jetbrains.kotlin.it.unimi.dsi.fastutil.ints.AbstractIntList                 : loaded 2 times (x 354B)
Class org.jetbrains.kotlin.psi.KtCallableReferenceExpression                          : loaded 2 times (x 515B)
Class org.jetbrains.kotlin.psi.KtDestructuringDeclaration                             : loaded 2 times (x 782B)
Class org.jetbrains.kotlin.com.intellij.psi.WhiteSpaceTokenType                       : loaded 2 times (x 81B)
Class [Lorg.jetbrains.kotlin.com.intellij.psi.ContributedReferenceHost;               : loaded 2 times (x 71B)
Class [Lorg.jetbrains.kotlin.psi.KtAnnotationEntry;                                   : loaded 2 times (x 71B)
Class org.jetbrains.kotlin.psi.stubs.KotlinClassOrObjectStub                          : loaded 2 times (x 72B)
Class org.jetbrains.kotlin.fir.extensions.FirFunctionCallRefinementExtension          : loaded 2 times (x 79B)
Class org.jetbrains.kotlin.extensions.StorageComponentContainerContributor$Companion  : loaded 2 times (x 74B)
Class org.jetbrains.kotlin.com.intellij.psi.impl.JavaPsiFacadeImpl                    : loaded 2 times (x 96B)
Class org.jetbrains.kotlin.com.intellij.psi.PsiResolveHelper                          : loaded 2 times (x 72B)
Class org.jetbrains.kotlin.com.intellij.openapi.project.Project                       : loaded 2 times (x 72B)
Class org.jetbrains.kotlin.parsing.KotlinCommonParserDefinition                       : loaded 2 times (x 97B)
Class org.jetbrains.kotlin.com.intellij.lang.jvm.JvmPackage                           : loaded 2 times (x 72B)
Class org.jetbrains.kotlin.com.intellij.openapi.extensions.LoadingOrder               : loaded 2 times (x 74B)
Class org.jetbrains.kotlin.com.intellij.util.concurrency.SynchronizedClearableLazy$Companion: loaded 2 times (x 73B)
Class org.jetbrains.kotlin.com.intellij.lang.ParserDefinition                         : loaded 2 times (x 72B)
Class org.jetbrains.kotlin.compiler.plugin.ComponentRegistrar                         : loaded 2 times (x 72B)
Class kotlin.jvm.functions.Function8                                                  : loaded 2 times (x 72B)
Class kotlin.reflect.jvm.internal.impl.name.FqNameUnsafe                              : loaded 2 times (x 74B)
Class kotlin.collections.builders.MapBuilder$Companion                                : loaded 2 times (x 73B)
Class kotlin.collections.CollectionsKt__MutableCollectionsJVMKt                       : loaded 2 times (x 73B)
Class kotlin.text.StringsKt___StringsKt                                               : loaded 2 times (x 73B)
Class kotlin.enums.EnumEntriesKt                                                      : loaded 2 times (x 73B)
Class com.google.common.cache.LocalCache$AbstractReferenceEntry                       : loaded 2 times (x 109B)
Class com.google.common.base.CharMatcher$Whitespace                                   : loaded 2 times (x 114B)
Class org.gradle.internal.IoActions                                                   : loaded 2 times (x 73B)
Class org.jetbrains.kotlin.fir.analysis.checkers.declaration.NiceContractSyntaxCheckerKt: loaded 2 times (x 73B)
Class org.jetbrains.kotlin.diagnostics.PositioningStrategies$TYPE_ARGUMENT_LIST_OR_SELF$1: loaded 2 times (x 76B)
Class org.jetbrains.kotlin.diagnostics.LightTreePositioningStrategies$DECLARATION_RETURN_TYPE$1: loaded 2 times (x 76B)
Class org.jetbrains.kotlin.contracts.description.EventOccurrencesRangeKt              : loaded 2 times (x 73B)
Class org.jetbrains.kotlin.metadata.deserialization.VersionRequirementTable$Companion : loaded 2 times (x 73B)
Class org.jetbrains.kotlin.fir.declarations.FirAnnotationsPlatformSpecificSupportComponentKt: loaded 2 times (x 73B)
Class org.jetbrains.kotlin.fir.scopes.impl.FirDefaultStarImportingScope               : loaded 2 times (x 80B)
Class org.jetbrains.kotlin.fir.scopes.ImportingScopesKt$special$$inlined$scopeSessionKey$5: loaded 2 times (x 73B)
Class org.jetbrains.kotlin.fir.extensions.FirFunctionCallRefinementExtensionKt        : loaded 2 times (x 73B)
Class org.jetbrains.kotlin.fir.symbols.SyntheticSymbol                                : loaded 2 times (x 72B)
Class [Lorg.jetbrains.kotlin.fir.resolve.calls.tower.TowerGroupKind;                  : loaded 2 times (x 71B)
Class org.jetbrains.kotlin.fir.resolve.transformers.FirApplySupertypesTransformer     : loaded 2 times (x 382B)
Class org.jetbrains.kotlin.descriptors.Visibilities$Local                             : loaded 2 times (x 81B)
Class org.jetbrains.kotlin.fir.expressions.FirCall                                    : loaded 2 times (x 72B)
Class org.jetbrains.kotlin.fir.expressions.builder.FirExpressionBuilder               : loaded 2 times (x 72B)
Class org.jetbrains.kotlin.fir.analysis.checkers.expression.FirCustomEnumEntriesMigrationQualifierChecker: loaded 2 times (x 78B)
Class org.jetbrains.kotlin.fir.analysis.checkers.declaration.FirImplementationMismatchChecker$ForExpectClass: loaded 2 times (x 79B)
Class org.jetbrains.kotlin.fir.analysis.checkers.declaration.FirPropertyAccessorsTypesChecker: loaded 2 times (x 78B)
Class org.jetbrains.kotlin.builtins.functions.FunctionTypeKindExtractor$Companion     : loaded 2 times (x 73B)
Class kotlin.annotation.MustBeDocumented                                              : loaded 2 times (x 72B)
Class org.jetbrains.kotlin.fir.declarations.FirDeclarationOverloadabilityHelper       : loaded 2 times (x 72B)
Class org.jetbrains.kotlin.renderer.ExcludedTypeAnnotations                           : loaded 2 times (x 73B)
Class org.jetbrains.kotlin.descriptors.CallableDescriptor                             : loaded 2 times (x 72B)
Class org.jetbrains.kotlin.konan.target.KonanTarget$LINUX_ARM32_HFP                   : loaded 2 times (x 80B)
Class org.jetbrains.kotlin.protobuf.WireFormat                                        : loaded 2 times (x 73B)
Class org.jetbrains.kotlin.metadata.ProtoBuf$QualifiedNameTable                       : loaded 2 times (x 109B)
Class org.jetbrains.kotlin.metadata.ProtoBuf$QualifiedNameTableOrBuilder              : loaded 2 times (x 72B)
Class org.jetbrains.kotlin.com.intellij.psi.impl.source.tree.TreeUtil                 : loaded 2 times (x 73B)
Class org.jetbrains.kotlin.BlockExpressionElementType$Companion                       : loaded 2 times (x 73B)
Class org.jetbrains.kotlin.LambdaExpressionElementType                                : loaded 2 times (x 97B)
Class org.jetbrains.kotlin.psi.stubs.elements.KtValueArgumentElementType              : loaded 2 times (x 102B)
Class org.jetbrains.kotlin.psi.KtFunction                                             : loaded 2 times (x 72B)
Class org.jetbrains.kotlin.psi.KtDeclarationStub                                      : loaded 2 times (x 715B)
Class org.jetbrains.kotlin.resolve.jvm.NotFoundPackagesCachingStrategy                : loaded 2 times (x 72B)
Class org.jetbrains.kotlin.com.intellij.util.containers.ConcurrentRefValueHashMap$ValueReference: loaded 2 times (x 72B)
Class org.jetbrains.kotlin.com.intellij.util.CachedValuesManagerImpl                  : loaded 2 times (x 82B)
Class org.jetbrains.kotlin.com.intellij.psi.impl.source.resolve.ResolveCache          : loaded 2 times (x 86B)
Class org.jetbrains.kotlin.com.intellij.psi.impl.file.impl.JavaFileManager            : loaded 2 times (x 72B)
Class org.jetbrains.kotlin.com.intellij.openapi.vfs.CompactVirtualFileSetFactory      : loaded 2 times (x 77B)
Class org.jetbrains.kotlin.com.intellij.psi.PsiTarget                                 : loaded 2 times (x 72B)
Class org.jetbrains.kotlin.com.intellij.lexer.MergingLexerAdapterBase                 : loaded 2 times (x 88B)
Class org.jetbrains.kotlin.com.intellij.psi.PsiComment                                : loaded 2 times (x 72B)
Class org.jetbrains.kotlin.com.intellij.openapi.fileTypes.FileType                    : loaded 2 times (x 72B)
Class org.jetbrains.kotlin.com.intellij.openapi.util.UserDataHolder                   : loaded 2 times (x 72B)
Class kotlin.jvm.functions.Function10                                                 : loaded 2 times (x 72B)
Class kotlin.jvm.functions.Function9                                                  : loaded 2 times (x 72B)
Class [Lkotlin.LazyThreadSafetyMode;                                                  : loaded 2 times (x 71B)
Class org.jetbrains.kotlin.com.google.common.collect.ImmutableMap                     : loaded 2 times (x 122B)
Class [Lkotlin.reflect.KClassifier;                                                   : loaded 2 times (x 71B)
Class kotlin.reflect.jvm.internal.EmptyContainerForLocal                              : loaded 2 times (x 86B)
Class com.google.common.collect.ImmutableRangeSet$ComplementRanges                    : loaded 2 times (x 209B)
Class org.objectweb.asm.SymbolTable                                                   : loaded 2 times (x 74B)
Class com.google.common.cache.CacheLoader$InvalidCacheLoadException                   : loaded 2 times (x 84B)
Class com.google.common.collect.ImmutableSet$RegularSetBuilderImpl                    : loaded 2 times (x 78B)
Class org.jetbrains.kotlin.diagnostics.PositioningStrategies$AS_TYPE$1                : loaded 2 times (x 76B)
Class org.jetbrains.kotlin.diagnostics.LightTreePositioningStrategies$CONTEXT_KEYWORD$1: loaded 2 times (x 77B)
Class org.jetbrains.kotlin.fir.renderer.ConeTypeRenderer                              : loaded 2 times (x 79B)
Class org.jetbrains.kotlin.util.OneElementArrayMap$iterator$1                         : loaded 2 times (x 81B)
Class org.jetbrains.kotlin.fir.resolve.dfa.FirControlFlowGraphReferenceImplKt         : loaded 2 times (x 73B)
Class org.jetbrains.kotlin.fir.resolve.calls.tower.FirTowerResolveTask$processScopeForExplicitReceiver$1: loaded 2 times (x 89B)
Class org.jetbrains.kotlin.fir.resolve.calls.QualifierReceiverKt                      : loaded 2 times (x 73B)
Class org.jetbrains.kotlin.fir.declarations.FirDeclarationOrigin$SubstitutionOverride : loaded 2 times (x 74B)
Class org.jetbrains.kotlin.fir.resolve.ResolutionMode$ContextDependent                : loaded 2 times (x 73B)
Class [Lorg.jetbrains.kotlin.metadata.ProtoBuf$Effect$EffectType;                     : loaded 2 times (x 71B)
Class org.jetbrains.kotlin.com.google.common.collect.LinkedHashMultimap$ValueSet      : loaded 2 times (x 144B)
Class kotlin.text.MatcherMatchResult$groups$1                                         : loaded 2 times (x 153B)
Class org.jetbrains.kotlin.fir.analysis.checkers.expression.FirWhenConditionChecker   : loaded 2 times (x 78B)
Class org.jetbrains.kotlin.fir.analysis.checkers.declaration.FirLocalExtensionPropertyChecker: loaded 2 times (x 78B)
Class org.jetbrains.kotlin.fir.analysis.checkers.declaration.FirSuspendLimitationsChecker: loaded 2 times (x 78B)
Class org.jetbrains.kotlin.fir.types.FirTypeRef                                       : loaded 2 times (x 103B)
Class org.jetbrains.kotlin.types.checker.KotlinTypeRefiner                            : loaded 2 times (x 81B)
Class [Lorg.jetbrains.kotlin.konan.util.Named;                                        : loaded 2 times (x 71B)
Class org.jetbrains.kotlin.library.KotlinIrSignatureVersionKt                         : loaded 2 times (x 73B)
Class org.jetbrains.kotlin.com.google.common.collect.ImmutableCollection$Builder      : loaded 2 times (x 78B)
Class [Lorg.jetbrains.kotlin.psi.KtContractEffect;                                    : loaded 2 times (x 71B)
Class org.jetbrains.kotlin.psi.KtNamed                                                : loaded 2 times (x 72B)
Class org.jetbrains.kotlin.cli.jvm.config.JvmClasspathRootBase                        : loaded 2 times (x 72B)
Class org.jetbrains.kotlin.load.java.structure.JavaClassifier                         : loaded 2 times (x 72B)
Class org.jetbrains.kotlin.com.intellij.psi.TypeAnnotationProvider                    : loaded 2 times (x 72B)
Class org.jetbrains.kotlin.com.intellij.openapi.vfs.VirtualFileWithAssignedFileType   : loaded 2 times (x 72B)
Class org.jetbrains.kotlin.com.intellij.psi.impl.PsiManagerEx                         : loaded 2 times (x 124B)
Class kotlinx.coroutines.internal.LockFreeLinkedListNode                              : loaded 2 times (x 77B)
Class kotlin.coroutines.intrinsics.IntrinsicsKt                                       : loaded 2 times (x 73B)
Class kotlin.coroutines.CoroutineContext$DefaultImpls                                 : loaded 2 times (x 73B)
Class [Lorg.jetbrains.kotlin.com.intellij.openapi.util.ModificationTracker;           : loaded 2 times (x 71B)
Class kotlin.ranges.IntRange$Companion                                                : loaded 2 times (x 73B)
Class org.jetbrains.kotlin.com.intellij.util.pico.DefaultPicoContainer$LinkedHashSetWrapper: loaded 2 times (x 74B)
Class org.jetbrains.kotlin.com.intellij.util.messages.impl.RootBus                    : loaded 2 times (x 103B)
Class kotlin.jvm.functions.Function11                                                 : loaded 2 times (x 72B)
Class org.jetbrains.kotlin.com.google.common.collect.LinkedHashMultimap$ValueEntry    : loaded 2 times (x 90B)
Class org.jetbrains.kotlin.it.unimi.dsi.fastutil.ints.IntCollection                   : loaded 2 times (x 72B)
Class kotlin.jvm.internal.markers.KMutableCollection                                  : loaded 2 times (x 72B)
Class kotlin.collections.EmptyMap                                                     : loaded 2 times (x 111B)
Class kotlin.reflect.KAnnotatedElement                                                : loaded 2 times (x 72B)
Class kotlin.jvm.internal.Intrinsics                                                  : loaded 2 times (x 73B)
Class org.jetbrains.kotlin.cli.common.ExitCode                                        : loaded 2 times (x 81B)
Class com.google.common.cache.LocalCache$StrongEntry                                  : loaded 2 times (x 110B)
Class com.google.common.util.concurrent.AbstractFuture$TrustedFuture                  : loaded 2 times (x 116B)
Class com.google.common.cache.LoadingCache                                            : loaded 2 times (x 72B)
Class org.jetbrains.kotlin.diagnostics.PositioningStrategies$NULLABLE_TYPE$1          : loaded 2 times (x 76B)
Class org.jetbrains.kotlin.diagnostics.PositioningStrategies$CALL_ELEMENT_WITH_DOT$1  : loaded 2 times (x 76B)
Class org.jetbrains.kotlin.diagnostics.LightTreePositioningStrategies$DECLARATION_WITH_BODY$1: loaded 2 times (x 76B)
Class org.jetbrains.kotlin.resolve.calls.inference.ConstraintSystemBuilderKt$WhenMappings: loaded 2 times (x 73B)
Class [Lorg.jetbrains.kotlin.resolve.calls.inference.components.ConstraintSystemCompletionMode;: loaded 2 times (x 71B)
Class org.jetbrains.kotlin.fir.resolve.calls.stages.ProcessDynamicExtensionAnnotation : loaded 2 times (x 74B)
Class org.jetbrains.kotlin.fir.resolve.calls.stages.ResolutionStage                   : loaded 2 times (x 74B)
Class [Lorg.jetbrains.kotlin.fir.types.ProjectionKind;                                : loaded 2 times (x 71B)
Class org.jetbrains.kotlin.descriptors.EffectiveVisibility$InternalOrPackage          : loaded 2 times (x 77B)
Class org.jetbrains.kotlin.metadata.ProtoBuf$Type$Argument                            : loaded 2 times (x 112B)
Class org.jetbrains.kotlin.fir.expressions.impl.FirReturnExpressionImpl               : loaded 2 times (x 124B)
Class org.jetbrains.kotlin.com.google.common.collect.RegularImmutableList             : loaded 2 times (x 215B)
Class org.jetbrains.kotlin.fir.analysis.checkers.expression.FirVisibilityQualifierChecker: loaded 2 times (x 78B)
Class org.jetbrains.kotlin.fir.analysis.checkers.declaration.FirNonMemberFunctionsChecker: loaded 2 times (x 78B)
Class org.jetbrains.kotlin.fir.resolve.providers.impl.FirProviderImpl                 : loaded 2 times (x 86B)
Class org.jetbrains.kotlin.types.model.DynamicTypeMarker                              : loaded 2 times (x 72B)
Class org.jetbrains.kotlin.resolve.calls.inference.components.ConstraintIncorporator  : loaded 2 times (x 74B)
Class org.jetbrains.kotlin.renderer.ClassifierNamePolicy                              : loaded 2 times (x 72B)
Class org.jetbrains.kotlin.konan.target.KonanTarget$IOS_SIMULATOR_ARM64               : loaded 2 times (x 80B)
Class org.jetbrains.kotlin.psi.KtThrowExpression                                      : loaded 2 times (x 440B)
Class org.jetbrains.kotlin.com.intellij.openapi.application.AccessToken               : loaded 2 times (x 77B)
Class org.jetbrains.kotlin.psi.KtImportDirective                                      : loaded 2 times (x 461B)
Class [Lorg.jetbrains.kotlin.psi.KtModifierListOwnerStub;                             : loaded 2 times (x 71B)
Class org.jetbrains.kotlin.psi.stubs.elements.KtTokenSets                             : loaded 2 times (x 72B)
Class org.jetbrains.kotlin.com.intellij.psi.PsiClassOwner                             : loaded 2 times (x 72B)
Class org.jetbrains.kotlin.resolve.lazy.declarations.DeclarationProviderFactoryService$Companion: loaded 2 times (x 73B)
Class org.jetbrains.kotlin.backend.common.extensions.IrGenerationExtension$Companion  : loaded 2 times (x 74B)
Class org.jetbrains.kotlin.com.intellij.codeInsight.InferredAnnotationsManager        : loaded 2 times (x 76B)
Class [Lorg.jetbrains.kotlin.com.intellij.lang.jvm.types.JvmType;                     : loaded 2 times (x 71B)
Class kotlin.coroutines.intrinsics.CoroutineSingletons                                : loaded 2 times (x 81B)
Class org.jetbrains.kotlin.com.intellij.util.messages.impl.SimpleMessageBusConnectionImpl: loaded 2 times (x 83B)
Class org.jetbrains.kotlin.com.intellij.psi.stubs.UpToDateStubIndexMismatch           : loaded 2 times (x 89B)
Class org.jetbrains.kotlin.com.intellij.model.psi.PsiExternalReferenceHost            : loaded 2 times (x 72B)
Class org.jetbrains.kotlin.com.intellij.openapi.vfs.VirtualFileManager                : loaded 2 times (x 84B)
Class org.jetbrains.kotlin.com.intellij.util.messages.impl.MessageBusImpl             : loaded 2 times (x 99B)
Class org.jetbrains.kotlin.com.intellij.openapi.fileTypes.UnknownFileType             : loaded 2 times (x 82B)
Class org.jetbrains.kotlin.com.intellij.openapi.vfs.impl.jar.CoreJarFileSystem        : loaded 2 times (x 103B)
Class org.jetbrains.kotlin.com.intellij.util.containers.LockFreeCopyOnWriteArrayList  : loaded 2 times (x 201B)
Class org.jetbrains.kotlin.com.intellij.util.containers.RefHashMap                    : loaded 2 times (x 129B)
Class kotlin.jvm.functions.Function12                                                 : loaded 2 times (x 72B)
Class kotlin.collections.MapsKt                                                       : loaded 2 times (x 73B)
Class kotlin.collections.CollectionsKt__IterablesKt                                   : loaded 2 times (x 73B)
Class jdk.internal.jrtfs.JrtFileSystem                                                : loaded 2 times (x 104B)
Class org.objectweb.asm.MethodWriter                                                  : loaded 2 times (x 107B)
Class [Lcom.google.common.cache.Weigher;                                              : loaded 2 times (x 71B)
Class com.google.common.collect.RegularImmutableMap$BucketOverflowException           : loaded 2 times (x 84B)
Class org.jetbrains.kotlin.serialization.deserialization.MetadataPartProvider         : loaded 2 times (x 72B)
Class org.jetbrains.kotlin.diagnostics.PositioningStrategies$TYPE_PARAMETERS_OR_DECLARATION_SIGNATURE$1: loaded 2 times (x 76B)
Class org.jetbrains.kotlin.fir.types.CompilerConeAttributes$UnsafeVariance            : loaded 2 times (x 81B)
Class org.jetbrains.kotlin.fir.scopes.FirKotlinScopeProviderKt                        : loaded 2 times (x 73B)
Class org.jetbrains.kotlin.fir.deserialization.FirTypeDeserializer                    : loaded 2 times (x 74B)
Class org.jetbrains.kotlin.fir.resolve.transformers.plugin.FirExpressionTransformerForAnnotationArguments: loaded 2 times (x 426B)
Class org.jetbrains.kotlin.fir.resolve.transformers.body.resolve.FirExpressionsResolveTransformer: loaded 2 times (x 425B)
Class org.jetbrains.kotlin.fir.resolve.dfa.cfg.FinallyBlockEnterNode                  : loaded 2 times (x 83B)
Class [Lorg.jetbrains.kotlin.fir.resolve.dfa.cfg.EnterNodeMarker;                     : loaded 2 times (x 71B)
Class org.jetbrains.kotlin.fir.expressions.FirWrappedExpression                       : loaded 2 times (x 119B)
Class org.jetbrains.kotlin.com.google.common.collect.UnmodifiableListIterator         : loaded 2 times (x 97B)
Class org.jetbrains.kotlin.KtPsiSourceElement                                         : loaded 2 times (x 81B)
Class org.jetbrains.kotlin.fir.expressions.FirAnnotationCall                          : loaded 2 times (x 165B)
Class org.jetbrains.kotlin.fir.analysis.checkers.expression.FirUselessElvisChecker    : loaded 2 times (x 78B)
Class org.jetbrains.kotlin.fir.analysis.checkers.syntax.FirTypeParameterSyntaxChecker : loaded 2 times (x 90B)
Class org.jetbrains.kotlin.fir.analysis.checkers.declaration.FirReifiedTypeParameterChecker: loaded 2 times (x 78B)
Class org.jetbrains.kotlin.fir.analysis.checkers.declaration.FirEnumCompanionInEnumConstructorCallChecker: loaded 2 times (x 78B)
Class org.jetbrains.kotlin.fir.analysis.checkers.config.ComposedLanguageVersionSettingsCheckers: loaded 2 times (x 75B)
Class org.jetbrains.kotlin.fir.resolve.providers.impl.FirQualifierResolverImpl        : loaded 2 times (x 76B)
Class org.jetbrains.kotlin.resolve.scopes.receivers.Receiver                          : loaded 2 times (x 72B)
Class org.jetbrains.kotlin.fir.scopes.impl.FirDeclaredMemberScopeProvider             : loaded 2 times (x 74B)
Class org.jetbrains.kotlin.descriptors.impl.DeclarationDescriptorNonRootImpl          : loaded 2 times (x 119B)
Class org.jetbrains.kotlin.psi.KtLambdaExpression                                     : loaded 2 times (x 538B)
Class org.jetbrains.kotlin.com.google.common.collect.RegularImmutableMap$KeySet       : loaded 2 times (x 154B)
Class org.jetbrains.kotlin.com.intellij.openapi.project.ProjectLocator$Companion      : loaded 2 times (x 73B)
Class org.jetbrains.kotlin.konan.file.ZipFileSystemAccessor                           : loaded 2 times (x 72B)
Class org.jetbrains.kotlin.cli.jvm.compiler.JavaLanguageLevelKt$EntriesMappings       : loaded 2 times (x 73B)
Class org.jetbrains.kotlin.psi.stubs.KotlinPlaceHolderWithTextStub                    : loaded 2 times (x 72B)
Class org.jetbrains.kotlin.com.intellij.util.containers.ConcurrentWeakValueHashMap    : loaded 2 times (x 151B)
Class org.jetbrains.kotlin.fir.extensions.FirStatusTransformerExtension               : loaded 2 times (x 88B)
Class org.jetbrains.kotlin.metadata.ProtoBuf$Modality$1                               : loaded 2 times (x 76B)
Class org.jetbrains.kotlin.resolve.extensions.ExtraImportsProviderExtension           : loaded 2 times (x 72B)
Class org.jetbrains.kotlin.com.intellij.psi.impl.source.DummyHolderFactory$DefaultFactory: loaded 2 times (x 89B)
Class org.jetbrains.kotlin.com.intellij.psi.scope.processor.FilterScopeProcessor      : loaded 2 times (x 84B)
Class org.jetbrains.kotlin.com.intellij.lang.jvm.types.JvmReferenceType               : loaded 2 times (x 72B)
Class org.jetbrains.kotlin.com.intellij.psi.impl.smartPointers.SmartPointerManagerImpl: loaded 2 times (x 83B)
Class org.jetbrains.kotlin.com.intellij.openapi.util.LowMemoryWatcher$LowMemoryWatcherType: loaded 2 times (x 81B)
Class org.jetbrains.kotlin.com.intellij.psi.impl.JavaClassSupersImpl                  : loaded 2 times (x 75B)
Class [Lorg.jetbrains.kotlin.com.fasterxml.aalto.in.PName;                            : loaded 2 times (x 71B)
Class kotlinx.coroutines.internal.LockFreeTaskQueueCore$Companion                     : loaded 2 times (x 73B)
Class org.jetbrains.kotlin.com.intellij.psi.impl.compiled.ClsCustomNavigationPolicy   : loaded 2 times (x 72B)
Class org.jetbrains.kotlin.com.intellij.openapi.util.NotNullLazyValue$1               : loaded 2 times (x 79B)
Class org.jetbrains.kotlin.com.intellij.psi.presentation.java.MethodPresentationProvider: loaded 2 times (x 78B)
Class kotlin.ranges.OpenEndRange                                                      : loaded 2 times (x 72B)
Class [Lorg.jetbrains.kotlin.com.intellij.lang.Language;                              : loaded 2 times (x 71B)
Class org.jetbrains.kotlin.com.intellij.openapi.application.impl.ApplicationInfoImpl  : loaded 2 times (x 76B)
Class org.jetbrains.kotlin.com.intellij.openapi.vfs.impl.jar.CoreJarHandler           : loaded 2 times (x 86B)
Class org.jetbrains.kotlin.com.intellij.openapi.util.ObjectNode$ListNodeChildren      : loaded 2 times (x 80B)
Class kotlin.text.Charsets                                                            : loaded 2 times (x 73B)
Class kotlin.jvm.functions.Function13                                                 : loaded 2 times (x 72B)
Class org.jetbrains.kotlin.com.intellij.reference.SoftReference                       : loaded 2 times (x 85B)
Class org.jetbrains.kotlin.resolve.calls.mpp.ExpectActualMatchingContext              : loaded 2 times (x 72B)
Class kotlin.KotlinNullPointerException                                               : loaded 2 times (x 84B)
Class jdk.internal.jimage.decompressor.CompressedResourceHeader                       : loaded 2 times (x 73B)
Class org.jetbrains.kotlin.load.kotlin.PackageAndMetadataPartProvider                 : loaded 2 times (x 72B)
Class org.jetbrains.kotlin.diagnostics.PositioningStrategies$SUPERTYPE_INITIALIZED_IN_EXPECTED_CLASS_DIAGNOSTIC$1: loaded 2 times (x 76B)
Class org.jetbrains.kotlin.diagnostics.LightTreePositioningStrategies$LABEL$1         : loaded 2 times (x 76B)
Class org.jetbrains.kotlin.fir.caches.FirCacheWithPostComputeKt                       : loaded 2 times (x 73B)
Class org.jetbrains.kotlin.fir.resolve.calls.tower.FirTowerResolveTask$processClassifierScope$1: loaded 2 times (x 89B)
Class org.jetbrains.kotlin.fir.scopes.impl.TypeAliasConstructorsSubstitutingScopeKt   : loaded 2 times (x 73B)
Class org.jetbrains.kotlin.fir.resolve.inference.FirCallCompleter$LambdaAnalyzerImpl  : loaded 2 times (x 77B)
Class org.jetbrains.kotlin.fir.resolve.calls.tower.FirTowerResolveTask$runResolverForNoReceiver$1: loaded 2 times (x 89B)
Class org.jetbrains.kotlin.fir.resolve.calls.ImplicitReceiverValue                    : loaded 2 times (x 79B)
Class org.jetbrains.kotlin.fir.resolve.ResolutionMode$ContextIndependent              : loaded 2 times (x 73B)
Class org.jetbrains.kotlin.fir.scopes.impl.FirTypeIntersectionScopeContext            : loaded 2 times (x 74B)
Class org.jetbrains.kotlin.fir.resolve.substitution.AbstractConeSubstitutor$Companion : loaded 2 times (x 73B)
Class org.jetbrains.kotlin.fir.resolve.calls.tower.TowerResolveManager                : loaded 2 times (x 74B)
Class [Lorg.jetbrains.kotlin.fir.resolve.dfa.cfg.TryExpressionExitNode;               : loaded 2 times (x 71B)
Class org.jetbrains.kotlin.fir.visitors.FirDefaultTransformer                         : loaded 2 times (x 381B)
Class org.jetbrains.kotlin.com.google.common.collect.IndexedImmutableSet$1            : loaded 2 times (x 215B)
Class org.jetbrains.kotlin.fir.declarations.FirPropertyBodyResolveState               : loaded 2 times (x 81B)
Class org.jetbrains.kotlin.fir.analysis.checkers.declaration.FirConstructorAllowedChecker: loaded 2 times (x 78B)
Class org.jetbrains.kotlin.fir.analysis.checkers.declaration.FirMultipleDefaultsInheritedFromSupertypesChecker: loaded 2 times (x 79B)
Class org.jetbrains.kotlin.fir.analysis.checkers.declaration.FirOuterClassArgumentsRequiredChecker: loaded 2 times (x 78B)
Class [Lorg.jetbrains.kotlin.fir.analysis.checkers.MppCheckerKind;                    : loaded 2 times (x 71B)
Class org.jetbrains.kotlin.fir.resolve.providers.FirCachedSymbolNamesProvider         : loaded 2 times (x 90B)
Class org.jetbrains.kotlin.fir.types.CompilerConeAttributes                           : loaded 2 times (x 73B)
Class org.jetbrains.kotlin.resolve.constants.UnsignedValueConstant                    : loaded 2 times (x 78B)
Class org.jetbrains.kotlin.resolve.scopes.MemberScope                                 : loaded 2 times (x 72B)
Class org.jetbrains.kotlin.renderer.RenderingFormat$HTML                              : loaded 2 times (x 82B)
Class org.jetbrains.kotlin.parsing.TokenStreamPattern                                 : loaded 2 times (x 72B)
Class org.jetbrains.kotlin.KtNodeType                                                 : loaded 2 times (x 78B)
Class org.jetbrains.kotlin.com.intellij.lang.LighterAST                               : loaded 2 times (x 78B)
Class org.jetbrains.kotlin.storage.LockBasedStorageManager                            : loaded 2 times (x 110B)
Class org.jetbrains.kotlin.psi.KtLambdaArgument                                       : loaded 2 times (x 466B)
Class [Lorg.jetbrains.kotlin.psi.KtExpression;                                        : loaded 2 times (x 71B)
Class org.jetbrains.kotlin.resolve.jvm.KotlinJavaPsiFacade$1                          : loaded 2 times (x 80B)
Class org.jetbrains.kotlin.fir.extensions.FirDeclarationGenerationExtension           : loaded 2 times (x 87B)
Class [Lorg.jetbrains.kotlin.com.intellij.psi.search.GlobalSearchScope;               : loaded 2 times (x 71B)
Class org.jetbrains.kotlin.com.intellij.psi.util.CachedValuesManager                  : loaded 2 times (x 82B)
Class org.jetbrains.kotlin.com.fasterxml.aalto.in.ByteSourceBootstrapper              : loaded 2 times (x 86B)
Class org.jetbrains.kotlin.com.intellij.ide.plugins.ReadModuleContext                 : loaded 2 times (x 72B)
Class org.jetbrains.kotlin.com.intellij.openapi.util.NotNullLazyValue$2               : loaded 2 times (x 79B)
Class org.jetbrains.kotlin.com.intellij.psi.PsiQualifiedNamedElement                  : loaded 2 times (x 72B)
Class org.jetbrains.kotlin.com.intellij.openapi.fileTypes.LanguageFileType            : loaded 2 times (x 92B)
Class org.jetbrains.kotlin.com.intellij.util.Java11Shim                               : loaded 2 times (x 72B)
Class org.jetbrains.kotlin.com.intellij.diagnostic.PluginException                    : loaded 2 times (x 87B)
Class org.jetbrains.kotlin.com.intellij.psi.impl.source.CharTableImpl                 : loaded 2 times (x 78B)
Class [Lorg.jetbrains.kotlin.com.intellij.openapi.extensions.ExtensionPoint$Kind;     : loaded 2 times (x 71B)
Class org.jetbrains.kotlin.com.intellij.util.pico.DefaultPicoContainer$InstanceComponentAdapter: loaded 2 times (x 79B)
Class org.jetbrains.kotlin.com.intellij.util.messages.impl.CompositeMessageBusKt      : loaded 2 times (x 73B)
Class kotlin.jvm.functions.Function14                                                 : loaded 2 times (x 72B)
Class org.jetbrains.kotlin.it.unimi.dsi.fastutil.ints.AbstractInt2ObjectMap           : loaded 2 times (x 212B)
Class kotlin.ranges.RangesKt___RangesKt                                               : loaded 2 times (x 73B)
Class [Lorg.jetbrains.kotlin.fir.resolve.dfa.cfg.ExitSafeCallNode;                    : loaded 2 times (x 71B)
Class com.google.common.collect.RegularImmutableBiMap                                 : loaded 2 times (x 149B)
Class com.google.common.cache.LocalCache$ValueReference                               : loaded 2 times (x 72B)
Class com.google.common.base.CharMatcher$Negated                                      : loaded 2 times (x 115B)
Class com.google.common.base.CharMatcher$Is                                           : loaded 2 times (x 113B)
Class org.jetbrains.kotlin.diagnostics.PositioningStrategies$ModifierSetBasedPositioningStrategy: loaded 2 times (x 78B)
Class org.jetbrains.kotlin.fir.analysis.checkers.context.CheckerContextForProvider    : loaded 2 times (x 118B)
Class org.jetbrains.kotlin.fir.resolve.dfa.cfg.FileExitNode                           : loaded 2 times (x 85B)
Class org.jetbrains.kotlin.fir.types.ConeKotlinTypeProjectionIn                       : loaded 2 times (x 76B)
Class kotlin.coroutines.jvm.internal.Boxing                                           : loaded 2 times (x 73B)
Class org.jetbrains.kotlin.fir.resolve.calls.ConstructorFilter                        : loaded 2 times (x 81B)
Class org.jetbrains.kotlin.types.AbstractTypeChecker                                  : loaded 2 times (x 73B)
Class org.jetbrains.kotlin.resolve.calls.inference.components.ConstraintInjector$Context: loaded 2 times (x 72B)
Class org.jetbrains.kotlin.resolve.multiplatform.ExpectActualMatchingCompatibility    : loaded 2 times (x 73B)
Class org.jetbrains.kotlin.fir.declarations.FirValueClassRepresentationKt             : loaded 2 times (x 73B)
Class org.jetbrains.kotlin.types.model.TypeSubstitutorMarker                          : loaded 2 times (x 72B)
Class org.jetbrains.kotlin.utils.SmartList$SingletonIteratorBase                      : loaded 2 times (x 83B)
Class org.jetbrains.kotlin.fir.types.ConeDefinitelyNotNullType$Companion              : loaded 2 times (x 73B)
Class org.jetbrains.kotlin.mpp.TypeParameterSymbolMarker                              : loaded 2 times (x 72B)
Class [Lorg.jetbrains.kotlin.fir.resolve.dfa.cfg.ExitNodeMarker;                      : loaded 2 times (x 71B)
Class kotlin.collections.ArrayDeque$Companion                                         : loaded 2 times (x 73B)
Class org.jetbrains.kotlin.fir.references.builder.FirResolvedNamedReferenceBuilder    : loaded 2 times (x 74B)
Class org.jetbrains.kotlin.fir.analysis.checkers.declaration.FirExplicitBackingFieldsUnsupportedChecker: loaded 2 times (x 78B)
Class org.jetbrains.kotlin.fir.analysis.checkers.declaration.FirSuspendAnonymousFunctionChecker: loaded 2 times (x 78B)
Class org.jetbrains.kotlin.fir.analysis.checkers.declaration.FirPropertyInitializationChecker: loaded 2 times (x 78B)
Class org.jetbrains.kotlin.fir.resolve.FirQualifierResolver                           : loaded 2 times (x 75B)
Class org.jetbrains.kotlin.builtins.functions.FunctionTypeKindKt                      : loaded 2 times (x 73B)
Class org.jetbrains.kotlin.descriptors.SourceElement$1                                : loaded 2 times (x 76B)
Class org.jetbrains.kotlin.platform.TargetPlatformKt                                  : loaded 2 times (x 73B)
Class org.jetbrains.kotlin.platform.SimplePlatform                                    : loaded 2 times (x 77B)
Class org.jetbrains.kotlin.descriptors.annotations.Annotated                          : loaded 2 times (x 72B)
Class org.jetbrains.kotlin.library.impl.BaseKotlinLibraryImpl                         : loaded 2 times (x 82B)
Class org.jetbrains.kotlin.psi.KtSimpleNameExpressionImpl$Companion                   : loaded 2 times (x 73B)
Class org.jetbrains.kotlin.com.intellij.psi.tree.ICustomParsingType                   : loaded 2 times (x 72B)
Class org.jetbrains.kotlin.psi.KtWhenCondition                                        : loaded 2 times (x 378B)
Class org.jetbrains.kotlin.psi.KtPostfixExpression                                    : loaded 2 times (x 504B)
Class org.jetbrains.kotlin.psi.KtStringTemplateEntryWithExpression                    : loaded 2 times (x 446B)
Class org.jetbrains.kotlin.psi.stubs.impl.KotlinTypeBean                              : loaded 2 times (x 72B)
Class [Lorg.jetbrains.kotlin.psi.KtDeclarationContainer;                              : loaded 2 times (x 71B)
Class org.jetbrains.kotlin.resolve.jvm.KotlinJavaPsiFacade$2                          : loaded 2 times (x 79B)
Class org.jetbrains.kotlin.com.intellij.openapi.util.io.FileUtilRt                    : loaded 2 times (x 73B)
Class org.jetbrains.kotlin.com.intellij.psi.impl.PsiConstantEvaluationHelperImpl      : loaded 2 times (x 76B)
Class org.jetbrains.kotlin.asJava.classes.KtUltraLightSupport                         : loaded 2 times (x 72B)
Class org.jetbrains.kotlin.com.intellij.openapi.util.RecursionGuard$StackStamp        : loaded 2 times (x 72B)
Class [Lorg.jetbrains.kotlin.com.intellij.psi.PsiAnnotationOwner;                     : loaded 2 times (x 71B)
Class org.jetbrains.kotlin.com.intellij.psi.TypeAnnotationProvider$Static             : loaded 2 times (x 77B)
Class org.jetbrains.kotlin.com.intellij.lang.java.parser.BasicJavaParserUtil$ParserWrapper: loaded 2 times (x 72B)
Class org.jetbrains.kotlin.com.intellij.openapi.project.DumbService                   : loaded 2 times (x 78B)
Class org.jetbrains.kotlin.com.intellij.psi.util.JavaClassSupers                      : loaded 2 times (x 75B)
Class org.jetbrains.kotlin.com.intellij.psi.PsiClass                                  : loaded 2 times (x 72B)
Class org.jetbrains.kotlin.com.intellij.psi.JavaDirectoryService                      : loaded 2 times (x 87B)
Class org.jetbrains.kotlin.com.intellij.psi.impl.source.javadoc.PsiDocTagValueImpl    : loaded 2 times (x 450B)
Class org.jetbrains.kotlin.com.intellij.psi.impl.source.tree.PsiPlainTextImpl         : loaded 2 times (x 362B)
Class [Lorg.jetbrains.kotlin.com.intellij.openapi.util.UserDataHolderEx;              : loaded 2 times (x 71B)
Class org.jetbrains.kotlin.com.intellij.util.messages.impl.MessageBusEx               : loaded 2 times (x 72B)
Class org.jetbrains.kotlin.com.intellij.openapi.diagnostic.Attachment                 : loaded 2 times (x 74B)
Class kotlin.text.CharsKt__CharKt                                                     : loaded 2 times (x 73B)
Class kotlin.jvm.functions.Function15                                                 : loaded 2 times (x 72B)
Class kotlin.collections.ArraysKt                                                     : loaded 2 times (x 73B)
Class org.jetbrains.kotlin.fir.resolve.inference.ConstraintSystemCompleter            : loaded 2 times (x 74B)
Class com.google.common.util.concurrent.AbstractFuture$Failure                        : loaded 2 times (x 74B)
Class com.google.common.base.Equivalence$Equals                                       : loaded 2 times (x 84B)
Class com.google.common.collect.Hashing                                               : loaded 2 times (x 73B)
Class com.google.common.base.PatternCompiler                                          : loaded 2 times (x 72B)
Class com.google.common.base.Preconditions                                            : loaded 2 times (x 73B)
Class org.jetbrains.kotlin.diagnostics.PositioningStrategies$LONG_LITERAL_SUFFIX$1    : loaded 2 times (x 76B)
Class org.jetbrains.kotlin.diagnostics.LightTreePositioningStrategies$DECLARATION_NAME$1: loaded 2 times (x 77B)
Class org.jetbrains.kotlin.fir.builder.FirScriptConfiguratorExtensionKt               : loaded 2 times (x 73B)
Class org.jetbrains.kotlin.kotlinx.collections.immutable.implementations.immutableMap.TrieNodeEntriesIterator: loaded 2 times (x 84B)
Class org.jetbrains.kotlin.fir.resolve.transformers.FirCallCompletionResultsWriterTransformer$ResultingArgumentsMapping: loaded 2 times (x 74B)
Class org.jetbrains.kotlin.resolve.calls.model.PostponedResolvedAtomMarker            : loaded 2 times (x 72B)
Class org.jetbrains.kotlin.resolve.calls.inference.model.ConstraintStorage            : loaded 2 times (x 72B)
Class org.jetbrains.kotlin.metadata.ProtoBuf$Expression$1                             : loaded 2 times (x 146B)
Class org.jetbrains.kotlin.fir.declarations.ValueClassesUtilsKt                       : loaded 2 times (x 73B)
Class org.jetbrains.kotlin.fir.declarations.utils.FirDeclarationUtilKt                : loaded 2 times (x 73B)
Class org.jetbrains.kotlin.fir.declarations.FirDeclarationOrigin$Java                 : loaded 2 times (x 74B)
Class org.jetbrains.kotlin.fir.symbols.FirLazyDeclarationResolverKt$lazyResolveToPhase$1: loaded 2 times (x 127B)
Class org.jetbrains.kotlin.fir.caches.NullableMap$NullValue                           : loaded 2 times (x 73B)
Class org.jetbrains.kotlin.fir.types.ConeTypeUtilsKt                                  : loaded 2 times (x 73B)
Class org.jetbrains.kotlin.fir.resolve.dfa.TypeStatement                              : loaded 2 times (x 76B)
Class org.jetbrains.kotlin.kotlinx.collections.immutable.implementations.persistentOrderedMap.PersistentOrderedMap: loaded 2 times (x 158B)
Class org.jetbrains.kotlin.fir.resolve.dfa.cfg.ScriptEnterNode                        : loaded 2 times (x 86B)
Class org.jetbrains.kotlin.fir.resolve.transformers.FirSupertypeResolverVisitor       : loaded 2 times (x 234B)
Class org.jetbrains.kotlin.KtFakeSourceElementKind$GeneratedLambdaLabel               : loaded 2 times (x 74B)
Class org.jetbrains.kotlin.types.ConstantValueKind$Null                               : loaded 2 times (x 74B)
Class org.jetbrains.kotlin.fir.declarations.builder.FirValueParameterBuilder          : loaded 2 times (x 118B)
Class org.jetbrains.kotlin.fir.declarations.builder.FirPrimaryConstructorBuilder      : loaded 2 times (x 161B)
Class [Lorg.jetbrains.kotlin.descriptors.Modality;                                    : loaded 2 times (x 71B)
Class org.jetbrains.kotlin.fir.declarations.FirResolveStateKt                         : loaded 2 times (x 73B)
Class [Lorg.jetbrains.kotlin.fir.analysis.checkers.type.FirTypeChecker;               : loaded 2 times (x 71B)
Class org.jetbrains.kotlin.fir.analysis.checkers.expression.FirLogicExpressionTypeChecker: loaded 2 times (x 78B)
Class org.jetbrains.kotlin.fir.analysis.checkers.declaration.FirImplementationMismatchChecker$Regular: loaded 2 times (x 79B)
Class org.jetbrains.kotlin.fir.analysis.checkers.declaration.FirImplicitNothingReturnTypeChecker: loaded 2 times (x 78B)
Class org.jetbrains.kotlin.fir.deserialization.AbstractFirDeserializedSymbolProvider  : loaded 2 times (x 90B)
Class org.jetbrains.kotlin.fir.extensions.FirExtension$Factory                        : loaded 2 times (x 72B)
Class org.jetbrains.kotlin.fir.extensions.FirExtensionRegistrar$ExtensionRegistrarContext: loaded 2 times (x 74B)
Class [Lorg.jetbrains.kotlin.types.model.KotlinTypeMarker;                            : loaded 2 times (x 71B)
Class org.jetbrains.kotlin.descriptors.impl.ModuleDependenciesImpl                    : loaded 2 times (x 80B)
Class org.jetbrains.kotlin.resolve.constants.UShortValue                              : loaded 2 times (x 78B)
Class org.jetbrains.kotlin.renderer.DescriptorRenderer$ValueParametersHandler$DEFAULT : loaded 2 times (x 79B)
Class org.jetbrains.kotlin.library.impl.IrLibraryImpl                                 : loaded 2 times (x 106B)
Class org.jetbrains.kotlin.psi.KtThisExpression                                       : loaded 2 times (x 440B)
Class org.jetbrains.kotlin.psi.stubs.elements.KtConstantExpressionElementType         : loaded 2 times (x 102B)
Class org.jetbrains.kotlin.com.intellij.psi.impl.source.SubstrateRef                  : loaded 2 times (x 78B)
Class org.jetbrains.kotlin.com.intellij.util.containers.ConcurrentWeakValueHashMap$MyWeakReference: loaded 2 times (x 87B)
Class kotlin.coroutines.EmptyCoroutineContext                                         : loaded 2 times (x 79B)
Class org.jetbrains.kotlin.com.intellij.ide.plugins.PluginDescriptorLoader            : loaded 2 times (x 73B)
Class org.jetbrains.kotlin.com.intellij.openapi.util.NotNullLazyValue$4               : loaded 2 times (x 79B)
Class org.jetbrains.kotlin.com.intellij.openapi.util.NotNullLazyValue                 : loaded 2 times (x 79B)
Class org.jetbrains.kotlin.com.intellij.psi.compiled.ClassFileDecompilers$Full        : loaded 2 times (x 79B)
Class org.jetbrains.kotlin.com.intellij.openapi.util.registry.RegistryValueListener   : loaded 2 times (x 72B)
Class org.jetbrains.kotlin.com.intellij.psi.impl.source.tree.java.PsiFragmentImpl     : loaded 2 times (x 549B)
Class org.jetbrains.kotlin.com.intellij.psi.impl.source.tree.OwnBufferLeafPsiElement  : loaded 2 times (x 307B)
Class org.jetbrains.kotlin.com.intellij.lang.MetaLanguage                             : loaded 2 times (x 111B)
Class org.jetbrains.kotlin.com.intellij.codeInsight.highlighting.PassRunningAssert    : loaded 2 times (x 74B)
Class kotlin.collections.SetsKt__SetsKt                                               : loaded 2 times (x 73B)
Class kotlin.jvm.functions.Function16                                                 : loaded 2 times (x 72B)
Class kotlin.LazyKt                                                                   : loaded 2 times (x 73B)
Class com.google.common.base.Joiner$1                                                 : loaded 2 times (x 82B)
Class org.objectweb.asm.Label                                                         : loaded 2 times (x 75B)
Class org.objectweb.asm.CurrentFrame                                                  : loaded 2 times (x 75B)
Class org.objectweb.asm.ClassTooLargeException                                        : loaded 2 times (x 84B)
Class com.google.common.collect.PeekingIterator                                       : loaded 2 times (x 72B)
Class com.google.common.base.CharMatcher                                              : loaded 2 times (x 113B)
Class org.jetbrains.kotlin.contracts.description.EventOccurrencesRange$Companion      : loaded 2 times (x 73B)
Class [Lorg.jetbrains.kotlin.contracts.description.EventOccurrencesRange;             : loaded 2 times (x 71B)
Class [Lorg.jetbrains.kotlin.resolve.calls.inference.model.ConstraintKind;            : loaded 2 times (x 71B)
Class org.jetbrains.kotlin.fir.resolve.inference.PostponedArgumentsAnalyzer           : loaded 2 times (x 74B)
Class org.jetbrains.kotlin.fir.resolve.calls.stages.TypeArgumentMapping               : loaded 2 times (x 74B)
Class org.jetbrains.kotlin.fir.resolve.calls.candidate.FirErrorReferenceWithCandidate : loaded 2 times (x 93B)
Class org.jetbrains.kotlin.fir.resolve.dfa.cfg.ResolvedQualifierNode                  : loaded 2 times (x 83B)
Class org.jetbrains.kotlin.metadata.ProtoBuf$ExpressionOrBuilder                      : loaded 2 times (x 72B)
Class org.jetbrains.kotlin.fir.scopes.impl.FirDefaultStarImportingScope$processClassifiersByNameWithSubstitutionFromBothLevelsConditionally$2: loaded 2 times (x 127B)
Class kotlin.InitializedLazyImpl                                                      : loaded 2 times (x 78B)
Class org.jetbrains.kotlin.fir.declarations.FirValueClassRepresentationKey            : loaded 2 times (x 73B)
Class [Lorg.jetbrains.kotlin.metadata.ProtoBuf$Type$Argument$Projection;              : loaded 2 times (x 71B)
Class org.jetbrains.kotlin.fir.resolve.CodeFragmentContextDataKey                     : loaded 2 times (x 73B)
Class org.jetbrains.kotlin.fir.declarations.IsHiddenEverywhereBesideSuperCalls        : loaded 2 times (x 73B)
Class org.jetbrains.kotlin.fir.symbols.FirLazyDeclarationResolverKt                   : loaded 2 times (x 73B)
Class org.jetbrains.kotlin.fir.resolve.transformers.body.resolve.FirImplicitAwareBodyResolveTransformer: loaded 2 times (x 466B)
Class org.jetbrains.kotlin.fir.resolve.inference.FirInferenceSession$Companion        : loaded 2 times (x 73B)
Class org.jetbrains.kotlin.fir.expressions.builder.FirVariableAssignmentBuilder       : loaded 2 times (x 80B)
Class org.jetbrains.kotlin.fir.declarations.utils.DanglingTypeConstraintsKey          : loaded 2 times (x 73B)
Class org.jetbrains.kotlin.fir.references.impl.FirPropertyFromParameterResolvedNamedReference: loaded 2 times (x 92B)
Class org.jetbrains.kotlin.fir.builder.CalleeAndReceiver                              : loaded 2 times (x 74B)
Class org.jetbrains.kotlin.fir.analysis.checkers.config.FirOptInLanguageVersionSettingsChecker: loaded 2 times (x 74B)
Class org.jetbrains.kotlin.fir.analysis.checkers.declaration.FirEnumClassSimpleChecker: loaded 2 times (x 78B)
Class org.jetbrains.kotlin.fir.FirModuleVisibilityChecker$Standard                    : loaded 2 times (x 75B)
Class org.jetbrains.kotlin.fir.resolve.providers.impl.FirBuiltinSyntheticFunctionInterfaceProvider: loaded 2 times (x 86B)
Class org.jetbrains.kotlin.fir.declarations.FirResolvePhase                           : loaded 2 times (x 81B)
Class org.jetbrains.kotlin.com.intellij.util.containers.ConcurrentWeakKeySoftValueHashMap$WeakKey: loaded 2 times (x 90B)
Class org.jetbrains.kotlin.com.intellij.util.containers.ConcurrentWeakKeySoftValueHashMap$SoftValue: loaded 2 times (x 90B)
Class org.jetbrains.kotlin.fir.types.ConeDynamicType$Companion                        : loaded 2 times (x 73B)
Class org.jetbrains.kotlin.types.checker.NewKotlinTypeChecker$Companion               : loaded 2 times (x 73B)
Class org.jetbrains.kotlin.resolve.sam.SamConversionResolver                          : loaded 2 times (x 72B)
Class org.jetbrains.kotlin.library.MetadataKotlinLibraryLayout                        : loaded 2 times (x 72B)
Class org.jetbrains.kotlin.library.impl.FromZipBaseLibraryImpl                        : loaded 2 times (x 90B)
Class org.jetbrains.kotlin.parsing.AbstractKotlinParsing$AtSet                        : loaded 2 times (x 80B)
Class org.jetbrains.kotlin.com.intellij.psi.tree.IElementType$TombstoneElementType    : loaded 2 times (x 77B)
Class org.jetbrains.kotlin.psi.KtLabelReferenceExpression                             : loaded 2 times (x 571B)
Class org.jetbrains.kotlin.com.intellij.openapi.editor.impl.RangeMarkerTree           : loaded 2 times (x 125B)
Class [Lorg.jetbrains.kotlin.psi.KtStatementExpression;                               : loaded 2 times (x 71B)
Class org.jetbrains.kotlin.psi.stubs.KotlinStubWithFqName                             : loaded 2 times (x 72B)
Class [Lorg.jetbrains.kotlin.com.intellij.lang.jvm.JvmElement;                        : loaded 2 times (x 71B)
Class org.jetbrains.kotlin.fir.resolve.inference.ConstraintSystemCompleter$Companion  : loaded 2 times (x 73B)
Class org.jetbrains.kotlin.com.intellij.core.CorePsiDocumentManager                   : loaded 2 times (x 135B)
Class org.jetbrains.kotlin.com.intellij.psi.PsiElementFinder                          : loaded 2 times (x 85B)
Class org.jetbrains.kotlin.load.kotlin.KotlinBinaryClassCache$cache$1                 : loaded 2 times (x 84B)
Class org.jetbrains.kotlin.com.fasterxml.aalto.in.AttributeCollector                  : loaded 2 times (x 74B)
Class org.jetbrains.kotlin.org.codehaus.stax2.XMLStreamLocation2                      : loaded 2 times (x 72B)
Class org.jetbrains.kotlin.org.codehaus.stax2.ri.typed.ValueDecoderFactory$BooleanDecoder: loaded 2 times (x 83B)
Class org.jetbrains.kotlin.com.intellij.psi.PsiField                                  : loaded 2 times (x 72B)
Class org.jetbrains.kotlin.com.intellij.psi.impl.PsiSubstitutorFactoryImpl            : loaded 2 times (x 76B)
Class org.jetbrains.kotlin.com.intellij.psi.javadoc.PsiSnippetAttributeValue          : loaded 2 times (x 72B)
Class org.jetbrains.kotlin.com.intellij.psi.impl.source.tree.LazyParseableElement     : loaded 2 times (x 226B)
Class org.jetbrains.kotlin.com.intellij.core.CoreEncodingRegistry                     : loaded 2 times (x 76B)
Class org.jetbrains.kotlin.com.intellij.util.keyFMap.KeyFMap                          : loaded 2 times (x 72B)
Class org.jetbrains.kotlin.cli.jvm.compiler.EnvironmentConfigFiles                    : loaded 2 times (x 81B)
Class org.jetbrains.kotlin.it.unimi.dsi.fastutil.objects.ReferenceSet                 : loaded 2 times (x 72B)
Class kotlin.jvm.functions.Function17                                                 : loaded 2 times (x 72B)
Class org.jetbrains.kotlin.config.MavenComparableVersion$Item                         : loaded 2 times (x 72B)
Class kotlin.collections.ArraysKt__ArraysJVMKt                                        : loaded 2 times (x 73B)
Class com.google.common.collect.RangeGwtSerializationDependencies                     : loaded 2 times (x 73B)
Class com.google.common.base.Joiner$2                                                 : loaded 2 times (x 81B)
Class org.objectweb.asm.Frame                                                         : loaded 2 times (x 75B)
Class org.objectweb.asm.MethodVisitor                                                 : loaded 2 times (x 107B)
Class com.google.common.cache.LocalCache$EntryFactory$1                               : loaded 2 times (x 85B)
Class [Lcom.google.common.cache.RemovalListener;                                      : loaded 2 times (x 71B)
Class com.google.common.base.CharMatcher$1                                            : loaded 2 times (x 115B)
Class com.google.common.base.CharMatcher$NamedFastMatcher                             : loaded 2 times (x 114B)
Class org.jetbrains.kotlin.diagnostics.LightTreePositioningStrategiesKt               : loaded 2 times (x 73B)
Class org.jetbrains.kotlin.fir.analysis.diagnostics.FirErrors                         : loaded 2 times (x 73B)
Class org.jetbrains.kotlin.fir.scopes.impl.FirFakeOverrideGenerator                   : loaded 2 times (x 73B)
Class org.jetbrains.kotlin.fir.scopes.FirScopeKt$getFunctions$1$1                     : loaded 2 times (x 127B)
Class org.jetbrains.kotlin.fir.resolve.dfa.FirLocalVariableAssignmentAnalyzer$Companion$MiniCfgBuilder: loaded 2 times (x 227B)
Class org.jetbrains.kotlin.types.AbstractTypeApproximator$ApproximationResult         : loaded 2 times (x 74B)
Class org.jetbrains.kotlin.types.TypeApproximatorConfiguration$TypeArgumentApproximationAfterCompletionInK2: loaded 2 times (x 90B)
Class org.jetbrains.kotlin.fir.types.ConeTypeProjectionKt                             : loaded 2 times (x 73B)
Class org.jetbrains.kotlin.resolve.calls.inference.components.ConstraintSystemCompletionMode: loaded 2 times (x 81B)
Class org.jetbrains.kotlin.fir.resolve.inference.model.ConeArgumentConstraintPosition : loaded 2 times (x 74B)
Class org.jetbrains.kotlin.fir.resolve.ResolutionMode$ReceiverResolution$Companion    : loaded 2 times (x 73B)
Class org.jetbrains.kotlin.types.ConstantValueKind$Int                                : loaded 2 times (x 74B)
Class org.jetbrains.kotlin.fir.scopes.impl.FirDeclaredMemberScopeProviderKt           : loaded 2 times (x 73B)
Class org.jetbrains.kotlin.fir.resolve.transformers.plugin.AbstractFirSpecificAnnotationResolveTransformer: loaded 2 times (x 403B)
Class org.jetbrains.kotlin.fir.resolve.transformers.body.resolve.FirImplicitTypeBodyResolveProcessor: loaded 2 times (x 78B)
Class org.jetbrains.kotlin.fir.resolve.calls.tower.TowerGroupKind                     : loaded 2 times (x 78B)
Class org.jetbrains.kotlin.fir.resolve.transformers.StatusComputationSession$StatusComputationStatus: loaded 2 times (x 81B)
Class org.jetbrains.kotlin.fir.declarations.impl.FirRegularClassImpl                  : loaded 2 times (x 175B)
Class org.jetbrains.kotlin.fir.expressions.impl.FirFunctionCallImpl                   : loaded 2 times (x 201B)
Class org.jetbrains.kotlin.fir.analysis.checkers.expression.FirSuperReferenceChecker  : loaded 2 times (x 78B)
Class org.jetbrains.kotlin.util.NullableArrayMapAccessor                              : loaded 2 times (x 76B)
Class org.jetbrains.kotlin.fir.analysis.checkers.type.TypeCheckers                    : loaded 2 times (x 75B)
Class org.jetbrains.kotlin.descriptors.ConstructorDescriptor                          : loaded 2 times (x 72B)
Class org.jetbrains.kotlin.konan.target.KonanTarget$WATCHOS_DEVICE_ARM64              : loaded 2 times (x 80B)
Class org.jetbrains.kotlin.types.SimpleType                                           : loaded 2 times (x 93B)
Class org.jetbrains.kotlin.descriptors.ValidateableDescriptor                         : loaded 2 times (x 72B)
Class org.jetbrains.kotlin.metadata.ProtoBuf$EnumEntryOrBuilder                       : loaded 2 times (x 72B)
Class org.jetbrains.kotlin.com.intellij.util.ThrowableRunnable                        : loaded 2 times (x 72B)
Class org.jetbrains.kotlin.com.intellij.psi.tree.IReparseableElementType              : loaded 2 times (x 96B)
Class org.jetbrains.kotlin.com.intellij.openapi.project.ProjectLocator$Companion$withPreferredProject$1: loaded 2 times (x 78B)
Class [Lorg.jetbrains.kotlin.it.unimi.dsi.fastutil.objects.AbstractObject2ObjectMap;  : loaded 2 times (x 71B)
Class [Lorg.jetbrains.kotlin.psi.KtSimpleNameStringTemplateEntry;                     : loaded 2 times (x 71B)
Class org.jetbrains.kotlin.com.intellij.openapi.util.KeyedExtensionCollector$MyExtensionPointListener: loaded 2 times (x 81B)
Class org.jetbrains.kotlin.com.intellij.psi.impl.file.PsiPackageBase                  : loaded 2 times (x 422B)
Class org.jetbrains.kotlin.com.intellij.psi.impl.source.tree.TreeElementVisitor       : loaded 2 times (x 75B)
Class org.jetbrains.kotlin.org.codehaus.stax2.ri.typed.ValueDecoderFactory$IntDecoder : loaded 2 times (x 83B)
Class org.jetbrains.kotlin.com.intellij.psi.PsiNameIdentifierOwner                    : loaded 2 times (x 72B)
Class org.jetbrains.kotlin.com.intellij.openapi.extensions.SortingException           : loaded 2 times (x 84B)
Class org.jetbrains.kotlin.com.intellij.lexer.EmptyLexer                              : loaded 2 times (x 86B)
Class [Lorg.jetbrains.kotlin.com.intellij.openapi.util.UserDataHolder;                : loaded 2 times (x 71B)
Class org.jetbrains.kotlin.com.intellij.util.ConcurrentLongObjectHashMap$TreeBin      : loaded 2 times (x 79B)
Class org.jetbrains.kotlin.com.intellij.util.messages.impl.MessageBusConnectionImpl   : loaded 2 times (x 89B)
Class org.jetbrains.kotlin.com.intellij.psi.FileTypeFileViewProviders                 : loaded 2 times (x 92B)
Class kotlin.jvm.functions.Function18                                                 : loaded 2 times (x 72B)
Class kotlin.text.StringsKt__StringBuilderKt                                          : loaded 2 times (x 73B)
Class kotlin.jvm.internal.CallableReference$NoReceiver                                : loaded 2 times (x 73B)
Class com.google.common.collect.RangeSet                                              : loaded 2 times (x 72B)
Class com.google.common.cache.LocalCache$EntryFactory$2                               : loaded 2 times (x 85B)
Class org.jetbrains.kotlin.diagnostics.LightTreePositioningStrategies$FUN_INTERFACE$1 : loaded 2 times (x 76B)
Class org.jetbrains.kotlin.diagnostics.LightTreePositioningStrategies$PARAMETER_DEFAULT_VALUE$1: loaded 2 times (x 76B)
Class org.jetbrains.kotlin.fir.resolve.calls.ExpressionReceiverValue                  : loaded 2 times (x 77B)
Class org.jetbrains.kotlin.resolve.calls.inference.components.ConstraintIncorporator$Context: loaded 2 times (x 72B)
Class org.jetbrains.kotlin.fir.resolve.inference.ConstraintSystemCompleter$PostponedAtomAnalyzer: loaded 2 times (x 72B)
Class org.jetbrains.kotlin.fir.resolve.BodyResolveComponentsKt                        : loaded 2 times (x 73B)
Class org.jetbrains.kotlin.fir.resolve.dfa.MutableFlow                                : loaded 2 times (x 77B)
Class org.jetbrains.kotlin.fir.declarations.SimpleDeprecatedProvider                  : loaded 2 times (x 75B)
Class org.jetbrains.kotlin.fir.deserialization.FirConstDeserializerKt                 : loaded 2 times (x 73B)
Class org.jetbrains.kotlin.serialization.deserialization.ProtoEnumFlags$WhenMappings  : loaded 2 times (x 73B)
Class org.jetbrains.kotlin.fir.scopes.ListStorageFirScope                             : loaded 2 times (x 80B)
Class org.jetbrains.kotlin.fir.declarations.FirResolvedImport                         : loaded 2 times (x 98B)
Class org.jetbrains.kotlin.fir.types.ConeDefinitelyNotNullType                        : loaded 2 times (x 83B)
Class org.jetbrains.kotlin.fir.resolve.transformers.mpp.FirExpectActualMatchingContextImpl: loaded 2 times (x 504B)
Class org.jetbrains.kotlin.fir.declarations.FirAnonymousFunction                      : loaded 2 times (x 224B)
Class org.jetbrains.kotlin.com.google.common.collect.AbstractIndexedListIterator      : loaded 2 times (x 98B)
Class org.jetbrains.kotlin.fir.declarations.FirDeclarationDataRegistry                : loaded 2 times (x 75B)
Class org.jetbrains.kotlin.fir.analysis.checkers.expression.FirAssignmentOperatorCallChecker: loaded 2 times (x 78B)
Class org.jetbrains.kotlin.fir.analysis.checkers.declaration.FirAnnotationClassDeclarationChecker: loaded 2 times (x 78B)
Class org.jetbrains.kotlin.fir.analysis.checkers.LanguageVersionSettingsCheckers      : loaded 2 times (x 75B)
Class org.jetbrains.kotlin.fir.resolve.providers.impl.FirLibrarySessionProvider       : loaded 2 times (x 86B)
Class org.jetbrains.kotlin.fir.types.ConeKotlinType                                   : loaded 2 times (x 78B)
Class org.jetbrains.kotlin.builtins.KotlinBuiltIns$1                                  : loaded 2 times (x 79B)
Class org.jetbrains.kotlin.psi.psiUtil.PsiUtilsKt                                     : loaded 2 times (x 73B)
Class [Lorg.jetbrains.kotlin.com.intellij.openapi.editor.Document;                    : loaded 2 times (x 71B)
Class kotlin.reflect.KMutableProperty$Setter                                          : loaded 2 times (x 72B)
Class [Lorg.jetbrains.kotlin.psi.KtClassLikeDeclaration;                              : loaded 2 times (x 71B)
Class [Lorg.jetbrains.kotlin.com.intellij.lang.jvm.JvmPackage;                        : loaded 2 times (x 71B)
Class org.jetbrains.kotlin.codegen.extensions.ClassFileFactoryFinalizerExtension      : loaded 2 times (x 72B)
Class org.jetbrains.kotlin.com.intellij.util.containers.SoftKeySoftValueHashMap$ValueReference: loaded 2 times (x 83B)
Class org.jetbrains.kotlin.com.intellij.openapi.util.RecursionManager$CalculationStack: loaded 2 times (x 74B)
Class org.jetbrains.kotlin.com.intellij.psi.PsiAnnotationOwner                        : loaded 2 times (x 72B)
Class org.jetbrains.kotlin.com.fasterxml.aalto.in.ReaderScanner                       : loaded 2 times (x 125B)
Class org.jetbrains.kotlin.com.fasterxml.aalto.in.ByteBasedScanner                    : loaded 2 times (x 128B)
Class org.jetbrains.kotlin.com.intellij.psi.PsiJvmModifiersOwner                      : loaded 2 times (x 72B)
Class org.jetbrains.kotlin.com.intellij.util.messages.impl.ToDirectChildrenMessagePublisher: loaded 2 times (x 78B)
Class org.jetbrains.kotlin.com.intellij.openapi.command.impl.CoreCommandProcessor$1   : loaded 2 times (x 82B)
Class org.jetbrains.kotlin.com.intellij.psi.stubs.ManyProjectsStubIndexMismatch       : loaded 2 times (x 89B)
Class org.jetbrains.kotlin.com.intellij.psi.PsiReferenceProviderBean                  : loaded 2 times (x 88B)
Class org.jetbrains.kotlin.com.intellij.psi.impl.source.resolve.reference.ReferenceProvidersRegistry: loaded 2 times (x 76B)
Class org.jetbrains.kotlin.com.intellij.psi.impl.ReparseableASTNode                   : loaded 2 times (x 72B)
Class org.jetbrains.kotlin.com.intellij.openapi.application.ModalityState             : loaded 2 times (x 74B)
Class org.jetbrains.kotlin.com.intellij.lang.Language                                 : loaded 2 times (x 109B)
Class org.jetbrains.kotlin.org.picocontainer.MutablePicoContainer                     : loaded 2 times (x 72B)
Class kotlin.jvm.functions.Function19                                                 : loaded 2 times (x 72B)
Class org.jetbrains.kotlin.utils.DFS$VisitedWithSet                                   : loaded 2 times (x 78B)
Class kotlin.Lazy                                                                     : loaded 2 times (x 72B)
Class kotlin.NoWhenBranchMatchedException                                             : loaded 2 times (x 84B)
Class com.google.common.collect.CollectCollectors                                     : loaded 2 times (x 73B)
Class org.objectweb.asm.ModuleWriter                                                  : loaded 2 times (x 83B)
Class com.google.common.cache.LocalCache$EntryFactory$3                               : loaded 2 times (x 85B)
Class com.google.common.base.Ticker$1                                                 : loaded 2 times (x 74B)
Class com.google.common.collect.ImmutableMapEntrySet$RegularEntrySet                  : loaded 2 times (x 153B)
Class com.google.common.collect.Maps$BiMapConverter                                   : loaded 2 times (x 92B)
Class org.jetbrains.kotlin.diagnostics.PositioningStrategies$TYPE_PARAMETERS_LIST$1   : loaded 2 times (x 76B)
Class org.jetbrains.kotlin.fir.analysis.collectors.AbstractDiagnosticCollectorVisitor : loaded 2 times (x 266B)
Class org.jetbrains.kotlin.fir.declarations.impl.FirConstructedClassTypeParameterRefImpl: loaded 2 times (x 99B)
Class org.jetbrains.kotlin.types.AbstractTypeChecker$WhenMappings                     : loaded 2 times (x 73B)
Class org.jetbrains.kotlin.fir.resolve.calls.candidate.CallKind$Function              : loaded 2 times (x 74B)
Class org.jetbrains.kotlin.fir.expressions.builder.FirExpressionStubBuilder           : loaded 2 times (x 80B)
Class [Lorg.jetbrains.kotlin.metadata.ProtoBuf$Expression$ConstantValue;              : loaded 2 times (x 71B)
Class org.jetbrains.kotlin.metadata.ProtoBuf$Effect                                   : loaded 2 times (x 115B)
Class org.jetbrains.kotlin.fir.types.FunctionalTypeUtilsKt                            : loaded 2 times (x 73B)
Class org.jetbrains.kotlin.fir.util.MultimapKt                                        : loaded 2 times (x 73B)
Class org.jetbrains.kotlin.fir.resolve.transformers.contracts.FirAbstractContractResolveTransformerDispatcher: loaded 2 times (x 467B)
Class org.jetbrains.kotlin.fir.resolve.transformers.body.resolve.FirAbstractBodyResolveTransformer: loaded 2 times (x 391B)
Class org.jetbrains.kotlin.fir.extensions.FirSupertypeGenerationExtensionKt           : loaded 2 times (x 73B)
Class org.jetbrains.kotlin.fir.resolve.transformers.FirImportResolveProcessor         : loaded 2 times (x 78B)
Class org.jetbrains.kotlin.KtFakeSourceElementKind$ImplicitUnit$ForEmptyLambda        : loaded 2 times (x 74B)
Class org.jetbrains.kotlin.fir.declarations.builder.FirVariableBuilder                : loaded 2 times (x 72B)
Class org.jetbrains.kotlin.fir.types.FirUserTypeRef                                   : loaded 2 times (x 108B)
Class org.jetbrains.kotlin.fir.analysis.checkers.expression.FirReifiedChecker         : loaded 2 times (x 78B)
Class org.jetbrains.kotlin.fir.expressions.FirQualifiedAccessExpression               : loaded 2 times (x 156B)
Class org.jetbrains.kotlin.fir.scopes.impl.FirDynamicMembersStorage$special$$inlined$createCache$1: loaded 2 times (x 77B)
Class org.jetbrains.kotlin.fir.caches.FirCache                                        : loaded 2 times (x 75B)
Class org.jetbrains.kotlin.fir.types.impl.FirImplicitNullableNothingTypeRef           : loaded 2 times (x 108B)
Class org.jetbrains.kotlin.types.model.AnnotationMarker                               : loaded 2 times (x 72B)
Class org.jetbrains.kotlin.serialization.deserialization.AnnotationLoader             : loaded 2 times (x 72B)
Class org.jetbrains.kotlin.mpp.ValueParameterSymbolMarker                             : loaded 2 times (x 72B)
Class org.jetbrains.kotlin.builtins.KotlinBuiltIns$2                                  : loaded 2 times (x 79B)
Class org.jetbrains.kotlin.storage.LockBasedStorageManager$NotValue                   : loaded 2 times (x 81B)
Class org.jetbrains.kotlin.library.KotlinLibrarySearchPathResolver$ResolvedLibrary    : loaded 2 times (x 74B)
Class org.jetbrains.kotlin.library.impl.IrLibraryAccess                               : loaded 2 times (x 75B)
Class org.jetbrains.kotlin.library.impl.MetadataLibraryLayoutImpl                     : loaded 2 times (x 104B)
Class org.jetbrains.kotlin.diagnostics.impl.PendingDiagnosticsCollectorWithSuppress   : loaded 2 times (x 80B)
Class org.jetbrains.kotlin.com.intellij.openapi.vfs.CharsetToolkit                    : loaded 2 times (x 74B)
Class org.jetbrains.kotlin.cli.jvm.compiler.JavaLanguageLevelKt                       : loaded 2 times (x 73B)
Class [Lorg.jetbrains.kotlin.com.intellij.psi.PsiLanguageInjectionHost;               : loaded 2 times (x 71B)
Class org.jetbrains.kotlin.psi.KtDoubleColonExpression                                : loaded 2 times (x 72B)
Class [Lorg.jetbrains.kotlin.psi.KtFunctionType;                                      : loaded 2 times (x 71B)
Class org.jetbrains.kotlin.psi.stubs.KotlinBackingFieldStub                           : loaded 2 times (x 72B)
Class org.jetbrains.kotlin.psi.stubs.elements.KtPropertyAccessorElementType           : loaded 2 times (x 105B)
Class org.jetbrains.kotlin.resolve.diagnostics.DiagnosticSuppressor                   : loaded 2 times (x 72B)
Class org.jetbrains.kotlin.com.intellij.psi.util.CachedValue                          : loaded 2 times (x 72B)
Class kotlinx.coroutines.Incomplete                                                   : loaded 2 times (x 72B)
Class org.jetbrains.kotlin.com.intellij.ide.plugins.PluginDescriptorLoader$loadForCoreEnv$1: loaded 2 times (x 97B)
Class org.jetbrains.kotlin.com.intellij.openapi.components.Service                    : loaded 2 times (x 72B)
Class org.jetbrains.kotlin.com.intellij.psi.impl.source.tree.JavaASTFactory           : loaded 2 times (x 77B)
Class org.jetbrains.kotlin.it.unimi.dsi.fastutil.doubles.Double2ObjectFunction        : loaded 2 times (x 72B)
Class org.jetbrains.kotlin.com.intellij.psi.impl.source.tree.TreeElement              : loaded 2 times (x 196B)
Class org.jetbrains.kotlin.com.intellij.openapi.extensions.impl.ExtensionsAreaImpl    : loaded 2 times (x 84B)
Class org.jetbrains.kotlin.com.intellij.util.messages.impl.BusState                   : loaded 2 times (x 81B)
Class org.jetbrains.kotlin.com.intellij.util.messages.MessageBus                      : loaded 2 times (x 72B)
Class org.jetbrains.kotlin.it.unimi.dsi.fastutil.objects.Reference2ObjectMap          : loaded 2 times (x 72B)
Class org.jetbrains.kotlin.it.unimi.dsi.fastutil.objects.Reference2ObjectFunction     : loaded 2 times (x 72B)
Class org.jetbrains.kotlin.com.google.common.collect.Maps$BiMapConverter              : loaded 2 times (x 92B)
Class org.jetbrains.kotlin.cli.common.PropertiesKt                                    : loaded 2 times (x 73B)
Class org.jetbrains.kotlin.cli.common.messages.MessageRenderer                        : loaded 2 times (x 72B)
Class Settings_gradle$1$1$1                                                           : loaded 2 times (x 76B)
Class com.google.common.cache.LocalCache$EntryFactory$4                               : loaded 2 times (x 85B)
Class com.google.common.collect.ImmutableSet$Builder                                  : loaded 2 times (x 87B)
Class com.google.common.base.CharMatcher$InRange                                      : loaded 2 times (x 113B)
Class [Lorg.jetbrains.kotlin.com.intellij.openapi.util.io.FileAttributes$CaseSensitivity;: loaded 2 times (x 71B)
Class org.jetbrains.kotlin.diagnostics.PositioningStrategies$REDUNDANT_NULLABLE$1     : loaded 2 times (x 76B)
Class org.jetbrains.kotlin.diagnostics.LightTreePositioningStrategies$FindReferencePositioningStrategy: loaded 2 times (x 76B)
Class org.jetbrains.kotlin.fir.renderer.ConeAttributeRenderer                         : loaded 2 times (x 74B)
Class org.jetbrains.kotlin.types.model.StubTypeMarker                                 : loaded 2 times (x 72B)
Class org.jetbrains.kotlin.fir.resolve.ResolutionMode                                 : loaded 2 times (x 73B)
Class org.jetbrains.kotlin.types.model.CaptureStatus                                  : loaded 2 times (x 81B)
Class org.jetbrains.kotlin.fir.types.CustomAnnotationTypeAttribute                    : loaded 2 times (x 82B)
Class org.jetbrains.kotlin.protobuf.RopeByteString$RopeInputStream                    : loaded 2 times (x 94B)
Class org.jetbrains.kotlin.utils.WrappedValues$WrappedProcessCanceledException        : loaded 2 times (x 84B)
Class org.jetbrains.kotlin.fir.resolve.dfa.cfg.ClassEnterNode                         : loaded 2 times (x 86B)
Class org.jetbrains.kotlin.fir.expressions.impl.FirAugmentedAssignmentImpl            : loaded 2 times (x 121B)
Class org.jetbrains.kotlin.com.google.common.math.MathPreconditions                   : loaded 2 times (x 73B)
Class org.jetbrains.kotlin.fir.declarations.FirDeclarationDataKey                     : loaded 2 times (x 73B)
Class org.jetbrains.kotlin.descriptors.Visibility                                     : loaded 2 times (x 81B)
Class [Lorg.jetbrains.kotlin.types.Variance;                                          : loaded 2 times (x 71B)
Class org.jetbrains.kotlin.fir.expressions.builder.FirAnnotationCallBuilder           : loaded 2 times (x 96B)
Class org.jetbrains.kotlin.com.intellij.lang.LighterASTTokenNode                      : loaded 2 times (x 72B)
Class org.jetbrains.kotlin.fir.analysis.checkers.expression.FirReceiverAccessBeforeSuperCallChecker: loaded 2 times (x 78B)
Class org.jetbrains.kotlin.mpp.PropertySymbolMarker                                   : loaded 2 times (x 72B)
Class org.jetbrains.kotlin.fir.expressions.FirBlock                                   : loaded 2 times (x 121B)
Class org.jetbrains.kotlin.fir.analysis.checkers.declaration.FirModifierChecker       : loaded 2 times (x 78B)
Class org.jetbrains.kotlin.builtins.functions.FunctionTypeKind$KFunction              : loaded 2 times (x 78B)
Class org.jetbrains.kotlin.fir.builder.FirScriptConfiguratorExtension$Factory         : loaded 2 times (x 72B)
Class org.jetbrains.kotlin.fir.scopes.impl.FirDynamicMembersStorage$special$$inlined$createCache$2: loaded 2 times (x 77B)
Class org.jetbrains.kotlin.fir.types.ConeTypeProjection                               : loaded 2 times (x 74B)
Class org.jetbrains.kotlin.fir.types.impl.FirImplicitBuiltinTypeRef                   : loaded 2 times (x 108B)
Class org.jetbrains.kotlin.builtins.KotlinBuiltIns$3                                  : loaded 2 times (x 79B)
Class org.jetbrains.kotlin.protobuf.CodedInputStream                                  : loaded 2 times (x 74B)
Class [Lorg.jetbrains.kotlin.com.intellij.psi.impl.source.tree.CompositeElement;      : loaded 2 times (x 71B)
Class org.jetbrains.kotlin.com.intellij.util.keyFMap.ArrayBackedFMap                  : loaded 2 times (x 82B)
Class org.jetbrains.kotlin.cli.jvm.compiler.ClasspathRootsResolver                    : loaded 2 times (x 74B)
Class org.jetbrains.kotlin.psi.stubs.elements.KtAnnotationEntryElementType            : loaded 2 times (x 106B)
Class org.jetbrains.kotlin.resolve.extensions.SyntheticResolveExtension$Companion     : loaded 2 times (x 74B)
Class org.jetbrains.kotlin.com.intellij.psi.JavaElementVisitor                        : loaded 2 times (x 207B)
Class org.jetbrains.kotlin.com.intellij.core.CoreLanguageLevelProjectExtension        : loaded 2 times (x 76B)
Class org.jetbrains.kotlin.com.intellij.psi.impl.source.PsiImmediateClassType         : loaded 2 times (x 121B)
Class org.jetbrains.kotlin.com.intellij.psi.PsiClassType$Stub                         : loaded 2 times (x 121B)
Class org.jetbrains.kotlin.com.intellij.psi.search.GlobalSearchScope$FilesScope       : loaded 2 times (x 107B)
Class org.jetbrains.kotlin.com.intellij.psi.PsiFileFactory                            : loaded 2 times (x 84B)
Class org.jetbrains.kotlin.com.intellij.psi.impl.PsiToDocumentSynchronizer            : loaded 2 times (x 86B)
Class kotlinx.coroutines.AbstractTimeSourceKt                                         : loaded 2 times (x 73B)
Class org.jetbrains.kotlin.com.intellij.psi.PsiSubstitutorFactory                     : loaded 2 times (x 76B)
Class org.jetbrains.kotlin.kotlinx.collections.immutable.implementations.immutableSet.PersistentHashSet: loaded 2 times (x 206B)
Class [Lorg.jetbrains.kotlin.com.intellij.util.containers.ConcurrentLongObjectMap$LongEntry;: loaded 2 times (x 71B)
Class org.jetbrains.kotlin.com.intellij.util.ConcurrentLongObjectHashMap$Node         : loaded 2 times (x 79B)
Class org.jetbrains.kotlin.com.intellij.pom.Navigatable                               : loaded 2 times (x 72B)
Class org.jetbrains.kotlin.com.intellij.openapi.vfs.impl.VirtualFileManagerImpl$LoggingListener: loaded 2 times (x 95B)
Class org.jetbrains.kotlin.kotlinx.collections.immutable.implementations.immutableMap.PersistentHashMap$Companion: loaded 2 times (x 73B)
Class org.jetbrains.kotlin.com.intellij.openapi.extensions.LoadingOrder$Orderable     : loaded 2 times (x 72B)
Class org.jetbrains.kotlin.com.intellij.util.keyFMap.DebugFMap                        : loaded 2 times (x 82B)
Class kotlin.sequences.ConstrainedOnceSequence                                        : loaded 2 times (x 77B)
Class org.jetbrains.kotlin.progress.ProgressIndicatorAndCompilationCanceledStatus     : loaded 2 times (x 73B)
Class org.jetbrains.kotlin.com.google.common.collect.ImmutableEnumMap                 : loaded 2 times (x 128B)
Class com.google.common.cache.LocalCache$EntryFactory$5                               : loaded 2 times (x 85B)
Class org.jetbrains.kotlin.fir.types.ConeTypeContext$WhenMappings                     : loaded 2 times (x 73B)
Class org.jetbrains.kotlin.diagnostics.SourceElementPositioningStrategy               : loaded 2 times (x 76B)
Class org.jetbrains.kotlin.fir.declarations.FirDeclarationOrigin$ScriptCustomization  : loaded 2 times (x 74B)
Class org.jetbrains.kotlin.types.model.TypeVariance                                   : loaded 2 times (x 81B)
Class org.jetbrains.kotlin.types.TypeApproximatorConfiguration                        : loaded 2 times (x 88B)
Class org.jetbrains.kotlin.fir.resolve.calls.candidate.CheckerSink                    : loaded 2 times (x 76B)
Class [Lorg.jetbrains.kotlin.fir.resolve.calls.tower.ProcessResult;                   : loaded 2 times (x 71B)
Class org.jetbrains.kotlin.fir.resolve.calls.stages.CollectTypeVariableUsagesInfo     : loaded 2 times (x 74B)
Class org.jetbrains.kotlin.fir.resolve.calls.stages.CheckHiddenDeclaration            : loaded 2 times (x 74B)
Class org.jetbrains.kotlin.fir.scopes.FirIntersectionScopeOverrideChecker             : loaded 2 times (x 79B)
Class org.jetbrains.kotlin.fir.scopes.FirOverrideCheckerKt                            : loaded 2 times (x 73B)
Class org.jetbrains.kotlin.metadata.ProtoBuf$1                                        : loaded 2 times (x 73B)
Class org.jetbrains.kotlin.utils.WrappedValues$ThrowableWrapper                       : loaded 2 times (x 74B)
Class org.jetbrains.kotlin.fir.resolve.transformers.plugin.FirDeclarationsResolveTransformerForAnnotationArguments: loaded 2 times (x 416B)
Class org.jetbrains.kotlin.fir.resolve.dfa.Statement                                  : loaded 2 times (x 74B)
Class org.jetbrains.kotlin.fir.resolve.calls.tower.TowerGroup$Companion               : loaded 2 times (x 73B)
Class org.jetbrains.kotlin.fir.resolve.dfa.cfg.ExitSafeCallNode                       : loaded 2 times (x 83B)
Class org.jetbrains.kotlin.fir.expressions.FirCheckedSafeCallSubject                  : loaded 2 times (x 119B)
Class org.jetbrains.kotlin.types.ConstantValueKind$String                             : loaded 2 times (x 74B)
Class [Lorg.jetbrains.kotlin.fir.expressions.FirFunctionCallOrigin;                   : loaded 2 times (x 71B)
Class org.jetbrains.kotlin.fir.types.FirTypeProjectionWithVariance                    : loaded 2 times (x 91B)
Class org.jetbrains.kotlin.com.intellij.openapi.vfs.VfsUtilCore                       : loaded 2 times (x 73B)
Class org.jetbrains.kotlin.fir.analysis.checkers.declaration.FirOptionalExpectationDeclarationChecker: loaded 2 times (x 78B)
Class org.jetbrains.kotlin.fir.scopes.impl.FirDynamicMembersStorage$special$$inlined$createCache$3: loaded 2 times (x 77B)
Class org.jetbrains.kotlin.util.ArrayMapImpl$Companion                                : loaded 2 times (x 73B)
Class org.jetbrains.kotlin.mpp.DeclarationSymbolMarker                                : loaded 2 times (x 72B)
Class org.jetbrains.kotlin.protobuf.MessageLite$Builder                               : loaded 2 times (x 72B)
Class org.jetbrains.kotlin.library.impl.BaseKotlinLibraryImpl$versions$2              : loaded 2 times (x 81B)
Class org.jetbrains.kotlin.library.IrLibrary                                          : loaded 2 times (x 72B)
Class [Lorg.jetbrains.kotlin.parsing.KotlinParsing$AnnotationParsingMode;             : loaded 2 times (x 71B)
Class org.jetbrains.kotlin.com.intellij.openapi.util.io.FileUtil$1                    : loaded 2 times (x 84B)
Class org.jetbrains.kotlin.com.intellij.openapi.util.io.FileUtilRt$SymlinkResolver    : loaded 2 times (x 72B)
Class org.jetbrains.kotlin.com.intellij.psi.impl.source.SpineRef                      : loaded 2 times (x 79B)
Class org.jetbrains.kotlin.psi.stubs.KotlinPlaceHolderStub                            : loaded 2 times (x 72B)
Class org.jetbrains.kotlin.psi.stubs.KotlinCallableStubBase                           : loaded 2 times (x 72B)
Class org.jetbrains.kotlin.fir.extensions.FirAnalysisHandlerExtension$Companion       : loaded 2 times (x 74B)
Class org.jetbrains.kotlin.resolve.extensions.AssignResolutionAltererExtension$Companion: loaded 2 times (x 74B)
Class org.jetbrains.kotlin.com.intellij.psi.impl.source.JavaDummyHolderFactory        : loaded 2 times (x 89B)
Class org.jetbrains.kotlin.com.intellij.util.containers.HashSetInterner               : loaded 2 times (x 77B)
Class org.jetbrains.kotlin.com.intellij.psi.impl.GeneratedMarkerVisitor               : loaded 2 times (x 79B)
Class org.jetbrains.kotlin.com.intellij.openapi.vfs.VirtualFileFilter$1               : loaded 2 times (x 77B)
Class org.jetbrains.kotlin.com.fasterxml.aalto.in.PName1                              : loaded 2 times (x 81B)
Class org.jetbrains.kotlin.com.fasterxml.aalto.UncheckedStreamException               : loaded 2 times (x 84B)
Class org.jetbrains.kotlin.kotlinx.collections.immutable.implementations.immutableList.UtilsKt: loaded 2 times (x 73B)
Class [Lkotlin.reflect.KProperty;                                                     : loaded 2 times (x 71B)
Class kotlin.jvm.internal.markers.KMappedMarker                                       : loaded 2 times (x 72B)
Class com.google.common.cache.LocalCache$EntryFactory$6                               : loaded 2 times (x 85B)
Class org.gradle.internal.installation.CurrentGradleInstallationLocator               : loaded 2 times (x 73B)
Class org.jetbrains.kotlin.fir.analysis.checkers.FirUnderscoreHelpersKt               : loaded 2 times (x 73B)
Class org.jetbrains.kotlin.diagnostics.PositioningStrategies$PACKAGE_DIRECTIVE_NAME_EXPRESSION$1: loaded 2 times (x 76B)
Class org.jetbrains.kotlin.diagnostics.LightTreePositioningStrategies$DELEGATED_SUPERTYPE_BY_KEYWORD$1: loaded 2 times (x 76B)
Class org.jetbrains.kotlin.fir.expressions.impl.FirResolvedArgumentListImpl           : loaded 2 times (x 94B)
Class org.jetbrains.kotlin.fir.resolve.calls.stages.CheckIncompatibleTypeVariableUpperBounds$check$1: loaded 2 times (x 89B)
Class org.jetbrains.kotlin.fir.declarations.FirDeclarationOrigin$DynamicScope         : loaded 2 times (x 74B)
Class [Lorg.jetbrains.kotlin.fir.scopes.ProcessorAction;                              : loaded 2 times (x 71B)
Class org.jetbrains.kotlin.fir.expressions.impl.FirAnnotationImpl                     : loaded 2 times (x 129B)
Class org.jetbrains.kotlin.protobuf.FieldSet$1                                        : loaded 2 times (x 73B)
Class org.jetbrains.kotlin.fir.resolve.FirOuterClassManager                           : loaded 2 times (x 74B)
Class [Lorg.jetbrains.kotlin.fir.resolve.dfa.cfg.WhenExitNode;                        : loaded 2 times (x 71B)
Class org.jetbrains.kotlin.fir.references.builder.FirDelegateFieldReferenceBuilder    : loaded 2 times (x 74B)
Class org.jetbrains.kotlin.com.google.common.collect.RegularImmutableBiMap$Inverse    : loaded 2 times (x 145B)
Class org.jetbrains.kotlin.fir.declarations.FirImport                                 : loaded 2 times (x 93B)
Class org.jetbrains.kotlin.fir.pipeline.FirUtilsKt                                    : loaded 2 times (x 73B)
Class org.jetbrains.kotlin.fir.analysis.checkers.expression.FirMultiDollarInterpolationChecker: loaded 2 times (x 80B)
Class org.jetbrains.kotlin.fir.analysis.checkers.expression.FirUnnecessarySafeCallChecker: loaded 2 times (x 78B)
Class org.jetbrains.kotlin.fir.analysis.checkers.expression.FirExpressionAnnotationChecker: loaded 2 times (x 78B)
Class org.jetbrains.kotlin.fir.analysis.checkers.declaration.FirOptInAnnotationClassChecker: loaded 2 times (x 78B)
Class org.jetbrains.kotlin.resolve.BindingTrace                                       : loaded 2 times (x 72B)
Class org.jetbrains.kotlin.util.AttributeArrayOwner                                   : loaded 2 times (x 84B)
Class org.jetbrains.kotlin.konan.target.KonanTarget$IOS_X64                           : loaded 2 times (x 80B)
Class org.jetbrains.kotlin.com.google.common.collect.ImmutableMap$1                   : loaded 2 times (x 83B)
Class org.jetbrains.kotlin.it.unimi.dsi.fastutil.ints.AbstractIntSet                  : loaded 2 times (x 218B)
Class org.jetbrains.kotlin.lexer.KotlinLexerException                                 : loaded 2 times (x 84B)
Class [Lorg.jetbrains.kotlin.psi.KtCollectionLiteralExpression;                       : loaded 2 times (x 71B)
Class [Lorg.jetbrains.kotlin.psi.KtValueArgumentName;                                 : loaded 2 times (x 71B)
Class [Lorg.jetbrains.kotlin.psi.KtIntersectionType;                                  : loaded 2 times (x 71B)
Class org.jetbrains.kotlin.psi.stubs.KotlinAnnotationUseSiteTargetStub                : loaded 2 times (x 72B)
Class org.jetbrains.kotlin.psi.stubs.elements.KtParameterElementType                  : loaded 2 times (x 106B)
Class org.jetbrains.kotlin.psi.stubs.elements.KtModifierListElementType               : loaded 2 times (x 105B)
Class [Lkotlin.io.FileWalkDirection;                                                  : loaded 2 times (x 71B)
Class org.jetbrains.kotlin.com.intellij.psi.impl.IsConstantExpressionVisitor          : loaded 2 times (x 208B)
Class org.jetbrains.kotlin.cli.jvm.compiler.KotlinCliJavaFileManagerImpl$Companion    : loaded 2 times (x 73B)
Class org.jetbrains.kotlin.com.intellij.psi.PsiPolyVariantReference                   : loaded 2 times (x 72B)
Class org.jetbrains.kotlin.com.intellij.psi.impl.PsiElementFactoryImpl                : loaded 2 times (x 258B)
Class org.jetbrains.kotlin.com.intellij.util.LocalTimeCounter                         : loaded 2 times (x 73B)
Class org.jetbrains.kotlin.com.intellij.openapi.vfs.VirtualFileFilter$2               : loaded 2 times (x 77B)
Class org.jetbrains.kotlin.com.fasterxml.aalto.in.PName2                              : loaded 2 times (x 81B)
Class kotlinx.coroutines.Empty                                                        : loaded 2 times (x 77B)
Class org.jetbrains.kotlin.com.intellij.psi.PsiTypeParameterListOwner                 : loaded 2 times (x 72B)
Class org.jetbrains.kotlin.com.intellij.psi.PsiLiteralValue                           : loaded 2 times (x 72B)
Class org.jetbrains.kotlin.com.intellij.lexer.DummyLexer                              : loaded 2 times (x 86B)
Class [Lorg.jetbrains.kotlin.types.TypeApproximatorConfiguration$IntersectionStrategy;: loaded 2 times (x 71B)
Class org.jetbrains.kotlin.com.intellij.openapi.editor.impl.event.DocumentEventImpl   : loaded 2 times (x 87B)
Class org.jetbrains.kotlin.com.intellij.util.keyFMap.EmptyFMap                        : loaded 2 times (x 81B)
Class org.jetbrains.kotlin.com.google.common.collect.Platform                         : loaded 2 times (x 73B)
Class org.jetbrains.kotlin.com.google.common.collect.AbstractMapBasedMultimap$WrappedCollection: loaded 2 times (x 126B)
Class org.jetbrains.kotlin.fir.declarations.builder.FirConstructedClassTypeParameterRefBuilder: loaded 2 times (x 74B)
Class com.google.common.collect.Maps$KeySet                                           : loaded 2 times (x 139B)
Class com.google.common.cache.LocalCache$EntryFactory$7                               : loaded 2 times (x 85B)
Class com.google.common.collect.ImmutableSet$EmptySetBuilderImpl                      : loaded 2 times (x 78B)
Class com.google.common.collect.ImmutableList                                         : loaded 2 times (x 208B)
Class org.gradle.internal.service.DefaultServiceLocator                               : loaded 2 times (x 85B)
Class org.jetbrains.kotlin.load.kotlin.PackagePartProvider                            : loaded 2 times (x 72B)
Class org.jetbrains.kotlin.fir.resolve.ResolveUtilsKt                                 : loaded 2 times (x 73B)
Class org.jetbrains.kotlin.fir.types.ProjectionKind                                   : loaded 2 times (x 81B)
Class org.jetbrains.kotlin.protobuf.SmallSortedMap$Entry                              : loaded 2 times (x 90B)
Class org.jetbrains.kotlin.fir.resolve.calls.tower.TowerGroupKind$Last                : loaded 2 times (x 78B)
Class org.jetbrains.kotlin.fir.resolve.dfa.FirLocalVariableAssignmentAnalyzer$Companion: loaded 2 times (x 73B)
Class org.jetbrains.kotlin.fir.resolve.transformers.ReturnTypeCalculatorForFullBodyResolve$Companion: loaded 2 times (x 73B)
Class org.jetbrains.kotlin.fir.resolve.SupertypeSupplier$Default                      : loaded 2 times (x 75B)
Class org.jetbrains.kotlin.fir.declarations.utils.SourceElementKey                    : loaded 2 times (x 73B)
Class org.jetbrains.kotlin.fir.declarations.builder.FirFileBuilder                    : loaded 2 times (x 80B)
Class org.jetbrains.kotlin.fir.analysis.checkers.syntax.FirWhenGuardChecker           : loaded 2 times (x 90B)
Class org.jetbrains.kotlin.fir.analysis.checkers.expression.FirNamedVarargChecker     : loaded 2 times (x 78B)
Class org.jetbrains.kotlin.fir.analysis.checkers.expression.FirDeprecationChecker     : loaded 2 times (x 78B)
Class org.jetbrains.kotlin.fir.analysis.checkers.declaration.FirFunInterfaceDeclarationChecker$ForExpectClass: loaded 2 times (x 79B)
Class org.jetbrains.kotlin.fir.analysis.checkers.declaration.FirAnyDeprecationChecker : loaded 2 times (x 78B)
Class org.jetbrains.kotlin.fir.declarations.FirCallableDeclaration                    : loaded 2 times (x 140B)
Class org.jetbrains.kotlin.fir.analysis.checkers.type.TypeCheckers$Companion$EMPTY$1  : loaded 2 times (x 75B)
Class org.jetbrains.kotlin.fir.resolve.providers.impl.FirCachingCompositeSymbolProvider: loaded 2 times (x 83B)
Class org.jetbrains.kotlin.fir.scopes.FirContainingNamesAwareScope                    : loaded 2 times (x 81B)
Class org.jetbrains.kotlin.descriptors.ClassDescriptor                                : loaded 2 times (x 72B)
Class kotlin.properties.ObservableProperty                                            : loaded 2 times (x 85B)
Class [Lorg.jetbrains.kotlin.storage.LockBasedStorageManager$NotValue;                : loaded 2 times (x 71B)
Class org.jetbrains.kotlin.metadata.ProtoBuf$Package$1                                : loaded 2 times (x 146B)
Class org.jetbrains.kotlin.library.impl.IrMonoliticLibraryImpl$debugInfos$2           : loaded 2 times (x 81B)
Class org.jetbrains.kotlin.parsing.FirstBefore                                        : loaded 2 times (x 86B)
Class [Lorg.jetbrains.kotlin.com.intellij.psi.impl.source.tree.FileElement;           : loaded 2 times (x 71B)
Class org.jetbrains.kotlin.com.intellij.psi.impl.source.tree.CompositeElement$1       : loaded 2 times (x 79B)
Class org.jetbrains.kotlin.com.intellij.openapi.editor.ex.PrioritizedDocumentListener$1: loaded 2 times (x 92B)
Class [Lorg.jetbrains.kotlin.psi.KtNameReferenceExpression;                           : loaded 2 times (x 71B)
Class org.jetbrains.kotlin.psi.KtSecondaryConstructor                                 : loaded 2 times (x 1276B)
Class [Lorg.jetbrains.kotlin.psi.KtTypeParameterListOwner;                            : loaded 2 times (x 71B)
Class org.jetbrains.kotlin.com.intellij.psi.impl.file.PsiDirectoryImpl                : loaded 2 times (x 567B)
Class kotlin.io.FileTreeWalk                                                          : loaded 2 times (x 77B)
Class org.jetbrains.kotlin.fir.extensions.FirAssignExpressionAltererExtension         : loaded 2 times (x 78B)
Class org.jetbrains.kotlin.metadata.ProtoBuf$Class$Kind$1                             : loaded 2 times (x 76B)
Class org.jetbrains.kotlin.extensions.TypeAttributeTranslatorExtension$Companion      : loaded 2 times (x 74B)
Class org.jetbrains.kotlin.extensions.TypeAttributeTranslatorExtension                : loaded 2 times (x 72B)
Class org.jetbrains.kotlin.extensions.ProcessSourcesBeforeCompilingExtension$Companion: loaded 2 times (x 74B)
Class org.jetbrains.kotlin.extensions.PreprocessedVirtualFileFactoryExtension         : loaded 2 times (x 72B)
Class org.jetbrains.kotlin.com.intellij.core.CoreJavaCodeStyleManager$1CancelException: loaded 2 times (x 84B)
Class org.jetbrains.kotlin.com.intellij.lang.jvm.JvmAnnotation                        : loaded 2 times (x 72B)
Class org.jetbrains.kotlin.com.intellij.lang.jvm.facade.JvmElementProvider            : loaded 2 times (x 72B)
Class org.jetbrains.kotlin.psi.stubs.elements.KtFileElementType                       : loaded 2 times (x 113B)
Class org.jetbrains.kotlin.com.fasterxml.aalto.in.PName3                              : loaded 2 times (x 81B)
Class org.jetbrains.kotlin.com.fasterxml.aalto.in.MergedStream                        : loaded 2 times (x 94B)
Class org.jetbrains.kotlin.com.intellij.ide.plugins.DataLoader                        : loaded 2 times (x 72B)
Class kotlin.coroutines.jvm.internal.SuspendFunction                                  : loaded 2 times (x 72B)
Class org.jetbrains.kotlin.com.intellij.ide.plugins.PluginXmlPathResolver$Companion   : loaded 2 times (x 73B)
Class org.jetbrains.kotlin.com.intellij.util.io.DataOutputStream                      : loaded 2 times (x 106B)
Class org.jetbrains.kotlin.kotlinx.collections.immutable.implementations.immutableSet.TrieNode: loaded 2 times (x 74B)
Class org.jetbrains.kotlin.com.intellij.lang.PsiBuilder                               : loaded 2 times (x 72B)
Class org.jetbrains.kotlin.com.intellij.openapi.extensions.PluginAware                : loaded 2 times (x 72B)
Class org.jetbrains.kotlin.com.intellij.openapi.vfs.VirtualFilePropertyEvent          : loaded 2 times (x 82B)
Class org.jetbrains.kotlin.cli.jvm.compiler.KotlinCoreApplicationEnvironmentMode$Production: loaded 2 times (x 73B)
Class org.jetbrains.kotlin.it.unimi.dsi.fastutil.ints.Int2ObjectMap$FastEntrySet      : loaded 2 times (x 72B)
Class kotlin.reflect.KMutableProperty0                                                : loaded 2 times (x 72B)
Class kotlin.reflect.KClassifier                                                      : loaded 2 times (x 72B)
Class org.jetbrains.kotlin.fir.resolve.calls.tower.TowerGroupKind$Start               : loaded 2 times (x 78B)
Class com.google.common.cache.LocalCache$EntryFactory$8                               : loaded 2 times (x 85B)
Class com.google.common.collect.ImmutableSet$SetBuilderImpl                           : loaded 2 times (x 78B)
Class org.gradle.internal.installation.CurrentGradleInstallation                      : loaded 2 times (x 75B)
Class org.jetbrains.kotlin.diagnostics.PositioningStrategies$FUNCTION_PARAMETERS$1    : loaded 2 times (x 76B)
Class org.jetbrains.kotlin.diagnostics.PositioningStrategies$VARIANCE_IN_PROJECTION$1 : loaded 2 times (x 76B)
Class org.jetbrains.kotlin.diagnostics.LightTreePositioningStrategies                 : loaded 2 times (x 73B)
Class org.jetbrains.kotlin.fir.analysis.collectors.components.ControlFlowAnalysisDiagnosticComponent: loaded 2 times (x 230B)
Class org.jetbrains.kotlin.builtins.functions.FunctionTypeKindExtractor$KindWithArity : loaded 2 times (x 74B)
Class org.jetbrains.kotlin.fir.resolve.calls.InapplicableWrongReceiver                : loaded 2 times (x 74B)
Class org.jetbrains.kotlin.fir.resolve.calls.candidate.Candidate                      : loaded 2 times (x 84B)
Class org.jetbrains.kotlin.types.ConstantValueKind$Long                               : loaded 2 times (x 74B)
Class org.jetbrains.kotlin.metadata.ProtoBuf$Annotation$ArgumentOrBuilder             : loaded 2 times (x 72B)
Class org.jetbrains.kotlin.fir.resolve.substitution.ConeSubstitutor$Empty             : loaded 2 times (x 76B)
Class org.jetbrains.kotlin.fir.resolve.inference.InferenceComponentsKt                : loaded 2 times (x 73B)
Class org.jetbrains.kotlin.fir.resolve.transformers.body.resolve.FirAbstractBodyResolveTransformer$BodyResolveTransformerComponents: loaded 2 times (x 100B)
Class org.jetbrains.kotlin.fir.declarations.utils.IsReferredViaField                  : loaded 2 times (x 73B)
Class org.jetbrains.kotlin.name.CallableId$Companion                                  : loaded 2 times (x 73B)
Class org.jetbrains.kotlin.fir.analysis.checkers.declaration.FirInlineClassDeclarationChecker: loaded 2 times (x 78B)
Class org.jetbrains.kotlin.fir.analysis.checkers.declaration.FirDelegateFieldTypeMismatchChecker: loaded 2 times (x 78B)
Class org.jetbrains.kotlin.fir.analysis.checkers.declaration.FirFunctionParameterChecker: loaded 2 times (x 78B)
Class org.jetbrains.kotlin.fir.resolve.transformers.mpp.FirExpectActualMatchingContextImpl$Factory: loaded 2 times (x 76B)
Class org.jetbrains.kotlin.diagnostics.UnboundDiagnostic                              : loaded 2 times (x 72B)
Class org.jetbrains.kotlin.fir.resolve.providers.impl.FirExtensionSyntheticFunctionInterfaceProvider: loaded 2 times (x 86B)
Class org.jetbrains.kotlin.descriptors.VariableAccessorDescriptor                     : loaded 2 times (x 72B)
Class org.jetbrains.kotlin.types.model.SimpleTypeMarker                               : loaded 2 times (x 72B)
Class org.jetbrains.kotlin.mpp.ClassifierSymbolMarker                                 : loaded 2 times (x 72B)
Class org.jetbrains.kotlin.protobuf.FieldSet$FieldDescriptorLite                      : loaded 2 times (x 72B)
Class org.jetbrains.kotlin.protobuf.AbstractMessageLite                               : loaded 2 times (x 100B)
Class org.jetbrains.kotlin.parsing.SemanticWhitespaceAwarePsiBuilderImpl              : loaded 2 times (x 152B)
Class org.jetbrains.kotlin.it.unimi.dsi.fastutil.ints.AbstractIntCollection           : loaded 2 times (x 173B)
Class org.jetbrains.kotlin.psi.KtBreakExpression                                      : loaded 2 times (x 439B)
Class [Lorg.jetbrains.kotlin.psi.KtFunctionTypeReceiver;                              : loaded 2 times (x 71B)
Class org.jetbrains.kotlin.psi.KtNullableType                                         : loaded 2 times (x 512B)
Class org.jetbrains.kotlin.psi.stubs.KotlinTypeAliasStub                              : loaded 2 times (x 72B)
Class [Lorg.jetbrains.kotlin.psi.KtProperty;                                          : loaded 2 times (x 71B)
Class kotlin.jvm.internal.Ref$BooleanRef                                              : loaded 2 times (x 73B)
Class org.jetbrains.kotlin.load.java.structure.JavaNamedElement                       : loaded 2 times (x 72B)
Class org.jetbrains.kotlin.cli.common.extensions.ShellExtension$Companion             : loaded 2 times (x 74B)
Class org.jetbrains.kotlin.extensions.CompilerConfigurationExtension                  : loaded 2 times (x 72B)
Class org.jetbrains.kotlin.com.intellij.psi.impl.source.resolve.PsiResolveHelperImpl$1: loaded 2 times (x 114B)
Class [Lorg.jetbrains.kotlin.com.intellij.psi.PsiType;                                : loaded 2 times (x 71B)
Class org.jetbrains.kotlin.com.intellij.psi.search.impl.VirtualFileEnumerationAware   : loaded 2 times (x 72B)
Class org.jetbrains.kotlin.com.intellij.psi.impl.PsiCachedValuesFactory               : loaded 2 times (x 78B)
Class org.jetbrains.kotlin.com.intellij.openapi.util.StackOverflowPreventedException  : loaded 2 times (x 84B)
Class org.jetbrains.kotlin.com.intellij.openapi.vfs.VirtualFileFilter                 : loaded 2 times (x 72B)
Class kotlinx.coroutines.scheduling.Task                                              : loaded 2 times (x 78B)
Class kotlin.coroutines.intrinsics.IntrinsicsKt__IntrinsicsJvmKt                      : loaded 2 times (x 73B)
Class kotlinx.coroutines.BlockingCoroutine                                            : loaded 2 times (x 146B)
Class kotlin.coroutines.jvm.internal.CoroutineStackFrame                              : loaded 2 times (x 72B)
Class org.jetbrains.kotlin.com.intellij.psi.PsiVariable                               : loaded 2 times (x 72B)
Class [Lorg.jetbrains.kotlin.com.intellij.openapi.util.UserDataHolderBase;            : loaded 2 times (x 71B)
Class org.jetbrains.kotlin.com.intellij.psi.stubs.StubTreeLoader                      : loaded 2 times (x 83B)
Class org.jetbrains.kotlin.com.intellij.openapi.editor.event.DocumentEvent            : loaded 2 times (x 84B)
Class org.jetbrains.kotlin.com.intellij.openapi.extensions.ExtensionNotApplicableException: loaded 2 times (x 84B)
Class kotlin.reflect.KMutableProperty1                                                : loaded 2 times (x 72B)
Class com.google.common.cache.CacheLoader$1                                           : loaded 2 times (x 77B)
Class com.google.common.collect.ImmutableList$SubList                                 : loaded 2 times (x 210B)
Class org.gradle.util.internal.GUtil                                                  : loaded 2 times (x 73B)
Class org.jetbrains.kotlin.com.intellij.openapi.vfs.impl.AddonlyKeylessHash$KeyValueMapper: loaded 2 times (x 73B)
Class org.jetbrains.kotlin.fir.analysis.checkers.SourceNavigator                      : loaded 2 times (x 72B)
Class org.jetbrains.kotlin.diagnostics.LightTreePositioningStrategies$COMMAS$1        : loaded 2 times (x 76B)
Class org.jetbrains.kotlin.fir.analysis.collectors.DiagnosticCollectorComponents      : loaded 2 times (x 74B)
Class org.jetbrains.kotlin.fir.analysis.collectors.AbstractDiagnosticCollector$Companion: loaded 2 times (x 73B)
Class org.jetbrains.kotlin.KtFakeSourceElementKind$ImplicitReceiver                   : loaded 2 times (x 74B)
Class [Lorg.jetbrains.kotlin.fir.expressions.FirExpression;                           : loaded 2 times (x 71B)
Class org.jetbrains.kotlin.fir.resolve.calls.candidate.CandidateKt                    : loaded 2 times (x 73B)
Class org.jetbrains.kotlin.resolve.descriptorUtil.AnnotationsForResolveKt             : loaded 2 times (x 73B)
Class org.jetbrains.kotlin.fir.resolve.QualifiedNameResolutionKt                      : loaded 2 times (x 73B)
Class org.jetbrains.kotlin.resolve.calls.inference.ConstraintSystemOperation          : loaded 2 times (x 72B)
Class org.jetbrains.kotlin.fir.resolve.calls.stages.MapTypeArguments                  : loaded 2 times (x 74B)
Class org.jetbrains.kotlin.fir.declarations.FirPropertyAccessor                       : loaded 2 times (x 218B)
Class org.jetbrains.kotlin.fir.deserialization.FirConstDeserializer                   : loaded 2 times (x 75B)
Class org.jetbrains.kotlin.fir.scopes.impl.FirIntersectionOverrideStorage             : loaded 2 times (x 74B)
Class org.jetbrains.kotlin.fir.types.TypeComponentsKt                                 : loaded 2 times (x 73B)
Class org.jetbrains.kotlin.types.model.TypeSystemOptimizationContext                  : loaded 2 times (x 72B)
Class org.jetbrains.kotlin.fir.extensions.FirPredicateBasedProvider                   : loaded 2 times (x 78B)
Class org.jetbrains.kotlin.fir.FirExceptionHandler                                    : loaded 2 times (x 75B)
Class org.jetbrains.kotlin.types.checker.KotlinTypePreparator                         : loaded 2 times (x 75B)
Class org.jetbrains.kotlin.descriptors.deserialization.AdditionalClassPartsProvider$None: loaded 2 times (x 79B)
Class org.jetbrains.kotlin.platform.TargetPlatformVersion                             : loaded 2 times (x 72B)
Class org.jetbrains.kotlin.protobuf.FieldSet                                          : loaded 2 times (x 74B)
Class org.jetbrains.kotlin.library.impl.IrMonoliticLibraryImpl$bodies$2               : loaded 2 times (x 81B)
Class org.jetbrains.kotlin.it.unimi.dsi.fastutil.Arrays                               : loaded 2 times (x 73B)
Class org.jetbrains.kotlin.storage.LockBasedStorageManager$ExceptionHandlingStrategy$1: loaded 2 times (x 76B)
Class org.jetbrains.kotlin.storage.MemoizedFunctionToNullable                         : loaded 2 times (x 72B)
Class org.jetbrains.kotlin.psi.KtModifierListOwnerStub                                : loaded 2 times (x 583B)
Class org.jetbrains.kotlin.psi.KtFile                                                 : loaded 2 times (x 943B)
Class org.jetbrains.kotlin.com.intellij.psi.impl.file.PsiBinaryFileImpl               : loaded 2 times (x 712B)
Class org.jetbrains.kotlin.com.intellij.psi.impl.source.DummyHolder                   : loaded 2 times (x 725B)
Class org.jetbrains.kotlin.com.intellij.util.containers.ConcurrentWeakKeySoftValueHashMap$KeyReference: loaded 2 times (x 72B)
Class org.jetbrains.kotlin.com.intellij.psi.JavaRecursiveElementWalkingVisitor        : loaded 2 times (x 210B)
Class org.jetbrains.kotlin.com.intellij.psi.impl.source.resolve.PsiResolveHelperImpl$2: loaded 2 times (x 114B)
Class kotlinx.coroutines.internal.LockFreeTaskQueue                                   : loaded 2 times (x 74B)
Class kotlinx.coroutines.scheduling.DefaultScheduler                                  : loaded 2 times (x 109B)
Class kotlinx.coroutines.Dispatchers                                                  : loaded 2 times (x 73B)
Class org.jetbrains.kotlin.kotlinx.collections.immutable.PersistentList               : loaded 2 times (x 72B)
Class kotlin.io.NoSuchFileException                                                   : loaded 2 times (x 84B)
Class kotlin.reflect.KMutableProperty2                                                : loaded 2 times (x 72B)
Class kotlin.collections.CollectionsKt                                                : loaded 2 times (x 73B)
Class com.google.common.cache.AbstractCache$StatsCounter                              : loaded 2 times (x 72B)
Class org.jetbrains.kotlin.fir.declarations.FirAnonymousInitializer                   : loaded 2 times (x 124B)
Class org.jetbrains.kotlin.diagnostics.PositioningStrategies$VALUE_ARGUMENTS_LIST$1   : loaded 2 times (x 76B)
Class org.jetbrains.kotlin.diagnostics.LightTreePositioningStrategies$WHEN_EXPRESSION$1: loaded 2 times (x 76B)
Class org.jetbrains.kotlin.diagnostics.LightTreePositioningStrategy                   : loaded 2 times (x 76B)
Class org.jetbrains.kotlin.kotlinx.collections.immutable.implementations.immutableMap.PersistentHashMapKeysIterator: loaded 2 times (x 84B)
Class org.jetbrains.kotlin.fir.types.ConeIntegerLiteralType                           : loaded 2 times (x 84B)
Class org.jetbrains.kotlin.fir.resolve.inference.ConstraintSystemCompleterKt          : loaded 2 times (x 73B)
Class org.jetbrains.kotlin.fir.resolve.calls.stages.ArgumentMapping                   : loaded 2 times (x 74B)
Class org.jetbrains.kotlin.fir.references.FirNamedReferenceWithCandidateBase          : loaded 2 times (x 91B)
Class org.jetbrains.kotlin.descriptors.ValueClassRepresentation                       : loaded 2 times (x 76B)
Class org.jetbrains.kotlin.fir.deserialization.AbstractFirDeserializedSymbolProvider$ClassMetadataFindResult$NoMetadata: loaded 2 times (x 74B)
Class org.jetbrains.kotlin.fir.declarations.DeprecationUtilsKt                        : loaded 2 times (x 73B)
Class kotlin.ranges.IntProgressionIterator                                            : loaded 2 times (x 84B)
Class org.jetbrains.kotlin.fir.resolve.transformers.FirConstantEvaluationTransformerAdapter: loaded 2 times (x 382B)
Class org.jetbrains.kotlin.fir.declarations.builder.FirTypeParameterBuilder           : loaded 2 times (x 80B)
Class org.jetbrains.kotlin.fir.resolve.calls.tower.TowerResolveManager$1              : loaded 2 times (x 127B)
Class org.jetbrains.kotlin.fir.util.Multimap                                          : loaded 2 times (x 72B)
Class org.jetbrains.kotlin.fir.resolve.transformers.StatusComputationSession          : loaded 2 times (x 74B)
Class org.jetbrains.kotlin.fir.expressions.builder.FirAnonymousFunctionExpressionBuilder: loaded 2 times (x 88B)
Class [Lorg.jetbrains.kotlin.fir.types.ConeStarProjection;                            : loaded 2 times (x 71B)
Class org.jetbrains.kotlin.fir.HasNoEnumEntriesKey                                    : loaded 2 times (x 73B)
Class org.jetbrains.kotlin.fir.declarations.builder.FirTypeParametersOwnerBuilder     : loaded 2 times (x 72B)
Class org.jetbrains.kotlin.fir.analysis.checkers.type.FirUnsupportedModifiersInFunctionTypeParameterChecker: loaded 2 times (x 90B)
Class org.jetbrains.kotlin.fir.analysis.checkers.type.FirUnsupportedDefaultValueInFunctionTypeParameterChecker: loaded 2 times (x 90B)
Class org.jetbrains.kotlin.fir.analysis.checkers.type.FirDeprecatedTypeChecker        : loaded 2 times (x 78B)
Class org.jetbrains.kotlin.fir.analysis.checkers.expression.FirOptInAnnotationCallChecker: loaded 2 times (x 78B)
Class org.jetbrains.kotlin.fir.analysis.checkers.declaration.FirPropertyFieldTypeChecker: loaded 2 times (x 78B)
Class org.jetbrains.kotlin.fir.analysis.checkers.declaration.FirConflictsDeclarationChecker: loaded 2 times (x 78B)
Class org.jetbrains.kotlin.load.java.JavaIncompatibilityRulesOverridabilityCondition$Companion: loaded 2 times (x 73B)
Class org.jetbrains.kotlin.types.checker.KotlinTypePreparator$Default                 : loaded 2 times (x 75B)
Class org.jetbrains.kotlin.storage.LockBasedStorageManager$CacheWithNullableValuesBasedOnMemoizedFunction: loaded 2 times (x 88B)
Class [Lorg.jetbrains.kotlin.renderer.RenderingFormat;                                : loaded 2 times (x 71B)
Class org.jetbrains.kotlin.metadata.ProtoBuf$Annotation$Argument$Value$Type$1         : loaded 2 times (x 76B)
Class org.jetbrains.kotlin.metadata.ProtoBuf$TypeOrBuilder                            : loaded 2 times (x 72B)
Class org.jetbrains.kotlin.metadata.ProtoBuf$TypeTableOrBuilder                       : loaded 2 times (x 72B)
Class org.jetbrains.kotlin.metadata.ProtoBuf$Package                                  : loaded 2 times (x 130B)
Class org.jetbrains.kotlin.it.unimi.dsi.fastutil.ints.IntArrays                       : loaded 2 times (x 73B)
Class org.jetbrains.kotlin.com.intellij.openapi.util.Pair                             : loaded 2 times (x 74B)
Class org.jetbrains.kotlin.com.intellij.psi.impl.source.tree.TreeUtil$1MyVisitor      : loaded 2 times (x 79B)
Class org.jetbrains.kotlin.com.intellij.util.text.ImmutableCharSequence               : loaded 2 times (x 94B)
Class org.jetbrains.kotlin.load.kotlin.MetadataFinderFactory                          : loaded 2 times (x 72B)
Class [Lorg.jetbrains.kotlin.psi.KtStringTemplateExpression;                          : loaded 2 times (x 71B)
Class org.jetbrains.kotlin.psi.KtTypeCodeFragmentType                                 : loaded 2 times (x 86B)
Class org.jetbrains.kotlin.psi.KtNamedFunction                                        : loaded 2 times (x 1345B)
Class org.jetbrains.kotlin.psi.KtNamedDeclaration                                     : loaded 2 times (x 72B)
Class org.jetbrains.kotlin.com.intellij.psi.PsiLargeBinaryFile                        : loaded 2 times (x 72B)
Class org.jetbrains.kotlin.resolve.jvm.KotlinJavaPsiFacade$KotlinPsiElementFinderWrapperImpl: loaded 2 times (x 84B)
Class [Lorg.jetbrains.kotlin.metadata.ProtoBuf$MemberKind;                            : loaded 2 times (x 71B)
Class org.jetbrains.kotlin.com.intellij.psi.PsiElementFactory                         : loaded 2 times (x 72B)
Class org.jetbrains.kotlin.com.intellij.testFramework.LightVirtualFileBase$MyVirtualFileSystem: loaded 2 times (x 103B)
Class kotlin.coroutines.jvm.internal.DebugProbesKt                                    : loaded 2 times (x 73B)
Class kotlinx.coroutines.intrinsics.CancellableKt                                     : loaded 2 times (x 73B)
Class kotlin.coroutines.CoroutineContext                                              : loaded 2 times (x 72B)
Class org.jetbrains.kotlin.com.intellij.psi.stubs.BinaryFileStubBuilder$CompositeBinaryFileStubBuilder: loaded 2 times (x 72B)
Class org.jetbrains.kotlin.com.intellij.openapi.diagnostic.ExceptionWithAttachments   : loaded 2 times (x 72B)
Class org.jetbrains.kotlin.com.intellij.openapi.util.UserDataHolderBase               : loaded 2 times (x 97B)
Class kotlin.reflect.jvm.internal.RuntimeTypeMapper                                   : loaded 2 times (x 73B)
Class org.jetbrains.kotlin.com.intellij.openapi.application.PathManager               : loaded 2 times (x 73B)
Class com.google.common.collect.Iterators$MergingIterator                             : loaded 2 times (x 83B)
Class com.google.common.collect.RegularImmutableSet                                   : loaded 2 times (x 149B)
Class org.gradle.internal.installation.GradleInstallation                             : loaded 2 times (x 77B)
Class org.jetbrains.kotlin.diagnostics.PositioningStrategies$ARRAY_ACCESS$1           : loaded 2 times (x 76B)
Class org.jetbrains.kotlin.diagnostics.LightTreePositioningStrategies$RETURN_WITH_LABEL$1: loaded 2 times (x 76B)
Class org.jetbrains.kotlin.fir.resolve.inference.InferenceUtilsKt                     : loaded 2 times (x 73B)
Class org.jetbrains.kotlin.fir.resolve.dfa.cfg.BlockEnterNode                         : loaded 2 times (x 83B)
Class org.jetbrains.kotlin.fir.symbols.FirBasedSymbolKt                               : loaded 2 times (x 73B)
Class org.jetbrains.kotlin.metadata.deserialization.ProtoTypeTableUtilKt              : loaded 2 times (x 73B)
Class org.jetbrains.kotlin.fir.resolve.calls.tower.TowerGroupKind$Member              : loaded 2 times (x 78B)
Class org.jetbrains.kotlin.fir.resolve.dfa.FirLocalVariableAssignmentAnalyzer         : loaded 2 times (x 74B)
Class org.jetbrains.kotlin.fir.resolve.transformers.contracts.FirContractResolveProcessor: loaded 2 times (x 78B)
Class org.jetbrains.kotlin.fir.expressions.FirEqualityOperatorCall                    : loaded 2 times (x 136B)
Class org.jetbrains.kotlin.com.google.common.collect.RegularImmutableSet              : loaded 2 times (x 150B)
Class org.jetbrains.kotlin.fir.analysis.checkers.declaration.FirMethodOfAnyImplementedInInterfaceChecker: loaded 2 times (x 78B)
Class org.jetbrains.kotlin.fir.analysis.checkers.declaration.FirFunctionReturnChecker : loaded 2 times (x 78B)
Class org.jetbrains.kotlin.fir.analysis.checkers.type.ComposedTypeCheckers            : loaded 2 times (x 75B)
Class org.jetbrains.kotlin.fir.analysis.checkers.declaration.DeclarationCheckers$Companion$EMPTY$1: loaded 2 times (x 96B)
Class org.jetbrains.kotlin.fir.scopes.impl.FirSynthesizedStorage$special$$inlined$createCache$1: loaded 2 times (x 77B)
Class org.jetbrains.kotlin.fir.resolve.FirDefaultParametersResolver                   : loaded 2 times (x 73B)
Class org.jetbrains.kotlin.types.TypeCheckerState                                     : loaded 2 times (x 78B)
Class org.jetbrains.kotlin.fir.FirElementWithResolveState                             : loaded 2 times (x 91B)
Class org.jetbrains.kotlin.resolve.calls.inference.components.ResultTypeResolver      : loaded 2 times (x 74B)
Class org.jetbrains.kotlin.fir.types.impl.FirImplicitCharTypeRef                      : loaded 2 times (x 108B)
Class org.jetbrains.kotlin.fir.types.impl.FirImplicitUIntTypeRef                      : loaded 2 times (x 108B)
Class [Lorg.jetbrains.kotlin.fir.FirSessionComponent;                                 : loaded 2 times (x 71B)
Class [Lorg.jetbrains.kotlin.builtins.PrimitiveType;                                  : loaded 2 times (x 71B)
Class org.jetbrains.kotlin.descriptors.NotFoundClasses                                : loaded 2 times (x 74B)
Class org.jetbrains.kotlin.library.KotlinLibrarySearchPathResolver$searchRoots$2      : loaded 2 times (x 81B)
Class [Lorg.jetbrains.kotlin.com.intellij.lang.LighterASTNode;                        : loaded 2 times (x 71B)
Class [Lorg.jetbrains.kotlin.com.google.common.collect.AbstractMapEntry;              : loaded 2 times (x 71B)
Class org.jetbrains.kotlin.psi.KtContainerNodeForControlStructureBody                 : loaded 2 times (x 378B)
Class org.jetbrains.kotlin.psi.KtDeclarationImpl                                      : loaded 2 times (x 647B)
Class org.jetbrains.kotlin.cli.jvm.modules.JavaModuleGraph$module$1                   : loaded 2 times (x 127B)
Class org.jetbrains.kotlin.psi.KtBlockStringTemplateEntry                             : loaded 2 times (x 446B)
Class org.jetbrains.kotlin.psi.stubs.KotlinClassLiteralExpressionStub                 : loaded 2 times (x 72B)
Class [Lorg.jetbrains.kotlin.com.intellij.psi.PsiCheckedRenameElement;                : loaded 2 times (x 71B)
Class [Lorg.jetbrains.kotlin.com.intellij.psi.PsiNamedElement;                        : loaded 2 times (x 71B)
Class org.jetbrains.kotlin.load.java.structure.impl.source.JavaFixedElementSourceFactory: loaded 2 times (x 81B)
Class org.jetbrains.kotlin.cli.jvm.compiler.CliLightClassGenerationSupport            : loaded 2 times (x 79B)
Class org.jetbrains.kotlin.asJava.LightClassGenerationSupport                         : loaded 2 times (x 78B)
Class org.jetbrains.kotlin.com.intellij.core.CoreJavaCodeStyleManager                 : loaded 2 times (x 99B)
Class org.jetbrains.kotlin.com.intellij.openapi.progress.impl.CoreProgressManager$CheckCanceledBehavior: loaded 2 times (x 81B)
Class org.jetbrains.kotlin.com.intellij.psi.stubs.CoreStubTreeLoader                  : loaded 2 times (x 83B)
Class org.jetbrains.kotlin.com.intellij.util.containers.ConcurrentFactoryMap$2        : loaded 2 times (x 150B)
Class org.jetbrains.kotlin.it.unimi.dsi.fastutil.objects.Object2ObjectMap             : loaded 2 times (x 72B)
Class kotlin.collections.ReversedList                                                 : loaded 2 times (x 209B)
Class org.jetbrains.kotlin.fir.analysis.checkers.SourceNavigator$Companion            : loaded 2 times (x 73B)
Class jdk.internal.jimage.decompressor.ResourceDecompressor$StringsProvider           : loaded 2 times (x 72B)
Class com.google.common.collect.Iterables                                             : loaded 2 times (x 73B)
Class com.google.common.base.Splitter$Strategy                                        : loaded 2 times (x 72B)
Class org.jetbrains.kotlin.fir.analysis.checkers.SourceHelpersKt                      : loaded 2 times (x 73B)
Class org.jetbrains.kotlin.fir.analysis.collectors.components.LanguageVersionSettingsDiagnosticComponent: loaded 2 times (x 230B)
Class org.jetbrains.kotlin.resolve.calls.inference.ConstraintSystemTransaction        : loaded 2 times (x 75B)
Class org.jetbrains.kotlin.fir.resolve.transformers.PhaseUtilsKt                      : loaded 2 times (x 73B)
Class org.jetbrains.kotlin.fir.resolve.dfa.FlowPath$Default                           : loaded 2 times (x 73B)
Class org.jetbrains.kotlin.metadata.ProtoBuf$Annotation$Builder                       : loaded 2 times (x 137B)
Class org.jetbrains.kotlin.com.google.common.collect.Sets$ImprovedAbstractSet         : loaded 2 times (x 137B)
Class org.jetbrains.kotlin.fir.resolve.transformers.body.resolve.FirDeclarationsResolveTransformer: loaded 2 times (x 416B)
Class org.jetbrains.kotlin.resolve.calls.results.SpecificityComparisonCallbacks       : loaded 2 times (x 72B)
Class org.jetbrains.kotlin.fir.expressions.impl.FirVariableAssignmentImpl             : loaded 2 times (x 121B)
Class org.jetbrains.kotlin.fir.expressions.impl.FirAnonymousFunctionExpressionImpl    : loaded 2 times (x 123B)
Class org.jetbrains.kotlin.fir.declarations.builder.FirAnonymousFunctionBuilder       : loaded 2 times (x 122B)
Class org.jetbrains.kotlin.KtFakeSourceElementKind$ReceiverFromType                   : loaded 2 times (x 74B)
Class org.jetbrains.kotlin.fir.analysis.checkers.expression.FirBreakOrContinueJumpsAcrossFunctionBoundaryChecker: loaded 2 times (x 78B)
Class org.jetbrains.kotlin.fir.analysis.checkers.expression.FirAssignmentTypeMismatchChecker: loaded 2 times (x 78B)
Class org.jetbrains.kotlin.fir.symbols.impl.FirSyntheticPropertyAccessorSymbol        : loaded 2 times (x 80B)
Class org.jetbrains.kotlin.fir.backend.Fir2IrScriptConfiguratorExtension$Companion    : loaded 2 times (x 73B)
Class org.jetbrains.kotlin.resolve.constants.UIntValue                                : loaded 2 times (x 78B)
Class org.jetbrains.kotlin.serialization.deserialization.AnnotationAndConstantLoaderImpl: loaded 2 times (x 100B)
Class org.jetbrains.kotlin.serialization.deserialization.descriptors.DeserializedMemberScope: loaded 2 times (x 111B)
Class org.jetbrains.kotlin.konan.target.KonanTarget$MACOS_ARM64                       : loaded 2 times (x 80B)
Class org.jetbrains.kotlin.konan.target.KonanTarget$WATCHOS_ARM64                     : loaded 2 times (x 80B)
Class org.jetbrains.kotlin.library.impl.BaseKotlinLibraryImpl$componentList$2$1       : loaded 2 times (x 80B)
Class org.jetbrains.kotlin.library.impl.BaseKotlinLibraryImpl$manifestProperties$2    : loaded 2 times (x 81B)
Class org.jetbrains.kotlin.parsing.KotlinParsing$1                                    : loaded 2 times (x 80B)
Class org.jetbrains.kotlin.psi.KtUnaryExpression                                      : loaded 2 times (x 504B)
Class org.jetbrains.kotlin.cli.jvm.compiler.ClasspathRootsResolver$Companion          : loaded 2 times (x 73B)
Class org.jetbrains.kotlin.cli.jvm.modules.CliJavaModuleFinder                        : loaded 2 times (x 77B)
Class kotlin.io.FileWalkDirection                                                     : loaded 2 times (x 81B)
Class org.jetbrains.kotlin.com.intellij.DynamicBundle$1                               : loaded 2 times (x 78B)
Class org.jetbrains.kotlin.com.intellij.psi.PsiCaseLabelElement                       : loaded 2 times (x 72B)
Class org.jetbrains.kotlin.com.intellij.util.containers.ConcurrentFactoryMap$3        : loaded 2 times (x 150B)
Class kotlinx.coroutines.JobSupportKt                                                 : loaded 2 times (x 73B)
Class kotlinx.coroutines.ExecutorCoroutineDispatcher$Key                              : loaded 2 times (x 74B)
Class org.jetbrains.kotlin.com.intellij.psi.compiled.ClassFileDecompilers$Decompiler  : loaded 2 times (x 72B)
Class org.jetbrains.kotlin.com.intellij.psi.impl.file.PsiPackageImplementationHelper  : loaded 2 times (x 79B)
Class kotlin.ranges.IntProgression                                                    : loaded 2 times (x 83B)
Class org.jetbrains.kotlin.com.intellij.openapi.fileTypes.PlainTextParserDefinition   : loaded 2 times (x 97B)
Class org.jetbrains.kotlin.com.intellij.psi.impl.source.tree.PlainTextASTFactory      : loaded 2 times (x 76B)
Class org.jetbrains.kotlin.com.intellij.util.containers.ConcurrentLongObjectMap       : loaded 2 times (x 72B)
Class org.jetbrains.kotlin.com.intellij.core.CoreApplicationEnvironment$1             : loaded 2 times (x 332B)
Class org.jetbrains.kotlin.com.intellij.openapi.diagnostic.DefaultLogger              : loaded 2 times (x 102B)
Class kotlin.collections.ReversedList$listIterator$1                                  : loaded 2 times (x 96B)
Class org.jetbrains.kotlin.utils.DFS$Visited                                          : loaded 2 times (x 72B)
Class org.jetbrains.kotlin.com.intellij.util.containers.IntKeyWeakValueHashMap$MyReference: loaded 2 times (x 82B)
Class kotlin.jvm.KotlinReflectionNotSupportedError                                    : loaded 2 times (x 84B)

---------------  S Y S T E M  ---------------

OS:
 Windows 11 , 64 bit Build 26100 (10.0.26100.9444)
OS uptime: 4 days 10:20 hours
Hyper-V role detected

CPU: total 4 (initial active 4) (2 cores per cpu, 2 threads per core) family 6 model 69 stepping 1 microcode 0x26, cx8, cmov, fxsr, ht, mmx, sse, sse2, sse3, ssse3, sse4.1, sse4.2, popcnt, lzcnt, tsc, tscinvbit, avx, avx2, aes, erms, clmul, bmi1, bmi2, fma, vzeroupper, clflush, hv, rdtscp, f16c
Processor Information for the first 4 processors :
  Max Mhz: 2501, Current Mhz: 2501, Mhz Limit: 2501

Memory: 4k page, system-wide physical 8085M (403M free)
TotalPageFile size 19171M (AvailPageFile size 8M)
current process WorkingSet (physical memory assigned to process): 797M, peak: 847M
current process commit charge ("private bytes"): 983M, peak: 1423M

vm_info: OpenJDK 64-Bit Server VM (25.0.3+-15898627-b508.16) for windows-amd64 JRE (25.0.3+-15898627-b508.16), built on 2026-07-20T17:54:23Z with MS VC++ 16.10 / 16.11 (VS2019)

END.
